emoji,code_points,category,description
â°,23F0          ,Basic_Emoji,alarm clock
â³,23F3          ,Basic_Emoji,hourglass not done
â™¿,267F          ,Basic_Emoji,wheelchair symbol
âš“,2693          ,Basic_Emoji,anchor
âš¡,26A1          ,Basic_Emoji,high voltage
â›,26CE          ,Basic_Emoji,Ophiuchus
â›”,26D4          ,Basic_Emoji,no entry
â›ª,26EA          ,Basic_Emoji,church
â›µ,26F5          ,Basic_Emoji,sailboat
â›º,26FA          ,Basic_Emoji,tent
â›½,26FD          ,Basic_Emoji,fuel pump
âœ…,2705          ,Basic_Emoji,check mark button
âœ¨,2728          ,Basic_Emoji,sparkles
âŒ,274C          ,Basic_Emoji,cross mark
â,274E          ,Basic_Emoji,cross mark button
â—,2757          ,Basic_Emoji,red exclamation mark
â°,27B0          ,Basic_Emoji,curly loop
â¿,27BF          ,Basic_Emoji,double curly loop
â­,2B50          ,Basic_Emoji,star
â­•,2B55          ,Basic_Emoji,hollow red circle
ğŸ€„,1F004         ,Basic_Emoji,mahjong red dragon
ğŸƒ,1F0CF         ,Basic_Emoji,joker
ğŸ†,1F18E         ,Basic_Emoji,AB button (blood type)
ğŸˆ,1F201         ,Basic_Emoji,Japanese â€œhereâ€ button
ğŸˆš,1F21A         ,Basic_Emoji,Japanese â€œfree of chargeâ€ button
ğŸˆ¯,1F22F         ,Basic_Emoji,Japanese â€œreservedâ€ button
ğŸŒ,1F30F         ,Basic_Emoji,globe showing Asia-Australia
ğŸŒ,1F310         ,Basic_Emoji,globe with meridians
ğŸŒ‘,1F311         ,Basic_Emoji,new moon
ğŸŒ’,1F312         ,Basic_Emoji,waxing crescent moon
ğŸŒ™,1F319         ,Basic_Emoji,crescent moon
ğŸŒš,1F31A         ,Basic_Emoji,new moon face
ğŸŒ›,1F31B         ,Basic_Emoji,first quarter moon face
ğŸŒœ,1F31C         ,Basic_Emoji,last quarter moon face
ğŸ‹,1F34B         ,Basic_Emoji,lemon
ğŸ,1F350         ,Basic_Emoji,pear
ğŸ¼,1F37C         ,Basic_Emoji,baby bottle
ğŸ…,1F3C5         ,Basic_Emoji,sports medal
ğŸ†,1F3C6         ,Basic_Emoji,trophy
ğŸ‡,1F3C7         ,Basic_Emoji,horse racing
ğŸˆ,1F3C8         ,Basic_Emoji,american football
ğŸ‰,1F3C9         ,Basic_Emoji,rugby football
ğŸŠ,1F3CA         ,Basic_Emoji,person swimming
ğŸ¤,1F3E4         ,Basic_Emoji,post office
ğŸ´,1F3F4         ,Basic_Emoji,black flag
ğŸˆ,1F408         ,Basic_Emoji,cat
ğŸ“,1F413         ,Basic_Emoji,rooster
ğŸ”,1F414         ,Basic_Emoji,chicken
ğŸ•,1F415         ,Basic_Emoji,dog
ğŸ–,1F416         ,Basic_Emoji,pig
ğŸª,1F42A         ,Basic_Emoji,camel
ğŸ‘€,1F440         ,Basic_Emoji,eyes
ğŸ‘¥,1F465         ,Basic_Emoji,busts in silhouette
ğŸ’­,1F4AD         ,Basic_Emoji,thought balloon
ğŸ“®,1F4EE         ,Basic_Emoji,postbox
ğŸ“¯,1F4EF         ,Basic_Emoji,postal horn
ğŸ“µ,1F4F5         ,Basic_Emoji,no mobile phones
ğŸ“¸,1F4F8         ,Basic_Emoji,camera with flash
ğŸ”ƒ,1F503         ,Basic_Emoji,clockwise vertical arrows
ğŸ”ˆ,1F508         ,Basic_Emoji,speaker low volume
ğŸ”‰,1F509         ,Basic_Emoji,speaker medium volume
ğŸ”•,1F515         ,Basic_Emoji,bell with slash
ğŸ•º,1F57A         ,Basic_Emoji,man dancing
ğŸ–¤,1F5A4         ,Basic_Emoji,black heart
ğŸ˜€,1F600         ,Basic_Emoji,grinning face
ğŸ˜,1F60E         ,Basic_Emoji,smiling face with sunglasses
ğŸ˜,1F60F         ,Basic_Emoji,smirking face
ğŸ˜,1F610         ,Basic_Emoji,neutral face
ğŸ˜‘,1F611         ,Basic_Emoji,expressionless face
ğŸ˜•,1F615         ,Basic_Emoji,confused face
ğŸ˜–,1F616         ,Basic_Emoji,confounded face
ğŸ˜—,1F617         ,Basic_Emoji,kissing face
ğŸ˜˜,1F618         ,Basic_Emoji,face blowing a kiss
ğŸ˜™,1F619         ,Basic_Emoji,kissing face with smiling eyes
ğŸ˜š,1F61A         ,Basic_Emoji,kissing face with closed eyes
ğŸ˜›,1F61B         ,Basic_Emoji,face with tongue
ğŸ˜Ÿ,1F61F         ,Basic_Emoji,worried face
ğŸ˜¬,1F62C         ,Basic_Emoji,grimacing face
ğŸ˜­,1F62D         ,Basic_Emoji,loudly crying face
ğŸ˜´,1F634         ,Basic_Emoji,sleeping face
ğŸ˜µ,1F635         ,Basic_Emoji,face with crossed-out eyes
ğŸ˜¶,1F636         ,Basic_Emoji,face without mouth
ğŸš€,1F680         ,Basic_Emoji,rocket
ğŸš†,1F686         ,Basic_Emoji,train
ğŸš‡,1F687         ,Basic_Emoji,metro
ğŸšˆ,1F688         ,Basic_Emoji,light rail
ğŸš‰,1F689         ,Basic_Emoji,station
ğŸšŒ,1F68C         ,Basic_Emoji,bus
ğŸš,1F68D         ,Basic_Emoji,oncoming bus
ğŸš,1F68E         ,Basic_Emoji,trolleybus
ğŸš,1F68F         ,Basic_Emoji,bus stop
ğŸš,1F690         ,Basic_Emoji,minibus
ğŸš”,1F694         ,Basic_Emoji,oncoming police car
ğŸš•,1F695         ,Basic_Emoji,taxi
ğŸš–,1F696         ,Basic_Emoji,oncoming taxi
ğŸš—,1F697         ,Basic_Emoji,automobile
ğŸš˜,1F698         ,Basic_Emoji,oncoming automobile
ğŸš¢,1F6A2         ,Basic_Emoji,ship
ğŸš£,1F6A3         ,Basic_Emoji,person rowing boat
ğŸš¦,1F6A6         ,Basic_Emoji,vertical traffic light
ğŸš²,1F6B2         ,Basic_Emoji,bicycle
ğŸš¶,1F6B6         ,Basic_Emoji,person walking
ğŸš¿,1F6BF         ,Basic_Emoji,shower
ğŸ›€,1F6C0         ,Basic_Emoji,person taking bath
ğŸ›Œ,1F6CC         ,Basic_Emoji,person in bed
ğŸ›,1F6D0         ,Basic_Emoji,place of worship
ğŸ›•,1F6D5         ,Basic_Emoji,hindu temple
ğŸ›œ,1F6DC         ,Basic_Emoji,wireless
ğŸ›¹,1F6F9         ,Basic_Emoji,skateboard
ğŸ›º,1F6FA         ,Basic_Emoji,auto rickshaw
ğŸŸ°,1F7F0         ,Basic_Emoji,heavy equals sign
ğŸ¤Œ,1F90C         ,Basic_Emoji,pinched fingers
ğŸ¤Ÿ,1F91F         ,Basic_Emoji,love-you gesture
ğŸ¤°,1F930         ,Basic_Emoji,pregnant woman
ğŸ¤¿,1F93F         ,Basic_Emoji,diving mask
ğŸ¥Œ,1F94C         ,Basic_Emoji,curling stone
ğŸ¥±,1F971         ,Basic_Emoji,yawning face
ğŸ¥²,1F972         ,Basic_Emoji,smiling face with tear
ğŸ¥¹,1F979         ,Basic_Emoji,face holding back tears
ğŸ¥º,1F97A         ,Basic_Emoji,pleading face
ğŸ¥»,1F97B         ,Basic_Emoji,sari
ğŸ§€,1F9C0         ,Basic_Emoji,cheese wedge
ğŸ§‹,1F9CB         ,Basic_Emoji,bubble tea
ğŸ§Œ,1F9CC         ,Basic_Emoji,troll
ğŸ©´,1FA74         ,Basic_Emoji,thong sandal
ğŸª‰,1FA89         ,Basic_Emoji,harp
ğŸª,1FA8F         ,Basic_Emoji,shovel
ğŸª¾,1FABE         ,Basic_Emoji,leafless tree
ğŸª¿,1FABF         ,Basic_Emoji,goose
ğŸ«†,1FAC6         ,Basic_Emoji,fingerprint
ğŸ«œ,1FADC         ,Basic_Emoji,root vegetable
ğŸ«Ÿ,1FADF         ,Basic_Emoji,splatter
ğŸ«¨,1FAE8         ,Basic_Emoji,shaking face
ğŸ«©,1FAE9         ,Basic_Emoji,face with bags under eyes
Â©ï¸,00A9 FE0F     ,Basic_Emoji,copyright
Â®ï¸,00AE FE0F     ,Basic_Emoji,registered
â€¼ï¸,203C FE0F     ,Basic_Emoji,double exclamation mark
â‰ï¸,2049 FE0F     ,Basic_Emoji,exclamation question mark
â„¢ï¸,2122 FE0F     ,Basic_Emoji,trade mark
â„¹ï¸,2139 FE0F     ,Basic_Emoji,information
â†”ï¸,2194 FE0F     ,Basic_Emoji,left-right arrow
â†•ï¸,2195 FE0F     ,Basic_Emoji,up-down arrow
â†–ï¸,2196 FE0F     ,Basic_Emoji,up-left arrow
â†—ï¸,2197 FE0F     ,Basic_Emoji,up-right arrow
â†˜ï¸,2198 FE0F     ,Basic_Emoji,down-right arrow
â†™ï¸,2199 FE0F     ,Basic_Emoji,down-left arrow
â†©ï¸,21A9 FE0F     ,Basic_Emoji,right arrow curving left
â†ªï¸,21AA FE0F     ,Basic_Emoji,left arrow curving right
âŒ¨ï¸,2328 FE0F     ,Basic_Emoji,keyboard
âï¸,23CF FE0F     ,Basic_Emoji,eject button
â­ï¸,23ED FE0F     ,Basic_Emoji,next track button
â®ï¸,23EE FE0F     ,Basic_Emoji,last track button
â¯ï¸,23EF FE0F     ,Basic_Emoji,play or pause button
â±ï¸,23F1 FE0F     ,Basic_Emoji,stopwatch
â²ï¸,23F2 FE0F     ,Basic_Emoji,timer clock
â¸ï¸,23F8 FE0F     ,Basic_Emoji,pause button
â¹ï¸,23F9 FE0F     ,Basic_Emoji,stop button
âºï¸,23FA FE0F     ,Basic_Emoji,record button
â“‚ï¸,24C2 FE0F     ,Basic_Emoji,circled M
â–ªï¸,25AA FE0F     ,Basic_Emoji,black small square
â–«ï¸,25AB FE0F     ,Basic_Emoji,white small square
â–¶ï¸,25B6 FE0F     ,Basic_Emoji,play button
â—€ï¸,25C0 FE0F     ,Basic_Emoji,reverse button
â—»ï¸,25FB FE0F     ,Basic_Emoji,white medium square
â—¼ï¸,25FC FE0F     ,Basic_Emoji,black medium square
â˜€ï¸,2600 FE0F     ,Basic_Emoji,sun
â˜ï¸,2601 FE0F     ,Basic_Emoji,cloud
â˜‚ï¸,2602 FE0F     ,Basic_Emoji,umbrella
â˜ƒï¸,2603 FE0F     ,Basic_Emoji,snowman
â˜„ï¸,2604 FE0F     ,Basic_Emoji,comet
â˜ï¸,260E FE0F     ,Basic_Emoji,telephone
â˜‘ï¸,2611 FE0F     ,Basic_Emoji,check box with check
â˜˜ï¸,2618 FE0F     ,Basic_Emoji,shamrock
â˜ï¸,261D FE0F     ,Basic_Emoji,index pointing up
â˜ ï¸,2620 FE0F     ,Basic_Emoji,skull and crossbones
â˜¢ï¸,2622 FE0F     ,Basic_Emoji,radioactive
â˜£ï¸,2623 FE0F     ,Basic_Emoji,biohazard
â˜¦ï¸,2626 FE0F     ,Basic_Emoji,orthodox cross
â˜ªï¸,262A FE0F     ,Basic_Emoji,star and crescent
â˜®ï¸,262E FE0F     ,Basic_Emoji,peace symbol
â˜¯ï¸,262F FE0F     ,Basic_Emoji,yin yang
â˜¸ï¸,2638 FE0F     ,Basic_Emoji,wheel of dharma
â˜¹ï¸,2639 FE0F     ,Basic_Emoji,frowning face
â˜ºï¸,263A FE0F     ,Basic_Emoji,smiling face
â™€ï¸,2640 FE0F     ,Basic_Emoji,female sign
â™‚ï¸,2642 FE0F     ,Basic_Emoji,male sign
â™Ÿï¸,265F FE0F     ,Basic_Emoji,chess pawn
â™ ï¸,2660 FE0F     ,Basic_Emoji,spade suit
â™£ï¸,2663 FE0F     ,Basic_Emoji,club suit
â™¥ï¸,2665 FE0F     ,Basic_Emoji,heart suit
â™¦ï¸,2666 FE0F     ,Basic_Emoji,diamond suit
â™¨ï¸,2668 FE0F     ,Basic_Emoji,hot springs
â™»ï¸,267B FE0F     ,Basic_Emoji,recycling symbol
â™¾ï¸,267E FE0F     ,Basic_Emoji,infinity
âš’ï¸,2692 FE0F     ,Basic_Emoji,hammer and pick
âš”ï¸,2694 FE0F     ,Basic_Emoji,crossed swords
âš•ï¸,2695 FE0F     ,Basic_Emoji,medical symbol
âš–ï¸,2696 FE0F     ,Basic_Emoji,balance scale
âš—ï¸,2697 FE0F     ,Basic_Emoji,alembic
âš™ï¸,2699 FE0F     ,Basic_Emoji,gear
âš›ï¸,269B FE0F     ,Basic_Emoji,atom symbol
âšœï¸,269C FE0F     ,Basic_Emoji,fleur-de-lis
âš ï¸,26A0 FE0F     ,Basic_Emoji,warning
âš§ï¸,26A7 FE0F     ,Basic_Emoji,transgender symbol
âš°ï¸,26B0 FE0F     ,Basic_Emoji,coffin
âš±ï¸,26B1 FE0F     ,Basic_Emoji,funeral urn
â›ˆï¸,26C8 FE0F     ,Basic_Emoji,cloud with lightning and rain
â›ï¸,26CF FE0F     ,Basic_Emoji,pick
â›‘ï¸,26D1 FE0F     ,Basic_Emoji,rescue workerâ€™s helmet
â›“ï¸,26D3 FE0F     ,Basic_Emoji,chains
â›©ï¸,26E9 FE0F     ,Basic_Emoji,shinto shrine
â›°ï¸,26F0 FE0F     ,Basic_Emoji,mountain
â›±ï¸,26F1 FE0F     ,Basic_Emoji,umbrella on ground
â›´ï¸,26F4 FE0F     ,Basic_Emoji,ferry
â›·ï¸,26F7 FE0F     ,Basic_Emoji,skier
â›¸ï¸,26F8 FE0F     ,Basic_Emoji,ice skate
â›¹ï¸,26F9 FE0F     ,Basic_Emoji,person bouncing ball
âœ‚ï¸,2702 FE0F     ,Basic_Emoji,scissors
âœˆï¸,2708 FE0F     ,Basic_Emoji,airplane
âœ‰ï¸,2709 FE0F     ,Basic_Emoji,envelope
âœŒï¸,270C FE0F     ,Basic_Emoji,victory hand
âœï¸,270D FE0F     ,Basic_Emoji,writing hand
âœï¸,270F FE0F     ,Basic_Emoji,pencil
âœ’ï¸,2712 FE0F     ,Basic_Emoji,black nib
âœ”ï¸,2714 FE0F     ,Basic_Emoji,check mark
âœ–ï¸,2716 FE0F     ,Basic_Emoji,multiply
âœï¸,271D FE0F     ,Basic_Emoji,latin cross
âœ¡ï¸,2721 FE0F     ,Basic_Emoji,star of David
âœ³ï¸,2733 FE0F     ,Basic_Emoji,eight-spoked asterisk
âœ´ï¸,2734 FE0F     ,Basic_Emoji,eight-pointed star
â„ï¸,2744 FE0F     ,Basic_Emoji,snowflake
â‡ï¸,2747 FE0F     ,Basic_Emoji,sparkle
â£ï¸,2763 FE0F     ,Basic_Emoji,heart exclamation
â¤ï¸,2764 FE0F     ,Basic_Emoji,red heart
â¡ï¸,27A1 FE0F     ,Basic_Emoji,right arrow
â¤´ï¸,2934 FE0F     ,Basic_Emoji,right arrow curving up
â¤µï¸,2935 FE0F     ,Basic_Emoji,right arrow curving down
â¬…ï¸,2B05 FE0F     ,Basic_Emoji,left arrow
â¬†ï¸,2B06 FE0F     ,Basic_Emoji,up arrow
â¬‡ï¸,2B07 FE0F     ,Basic_Emoji,down arrow
ã€°ï¸,3030 FE0F     ,Basic_Emoji,wavy dash
ã€½ï¸,303D FE0F     ,Basic_Emoji,part alternation mark
ãŠ—ï¸,3297 FE0F     ,Basic_Emoji,Japanese â€œcongratulationsâ€ button
ãŠ™ï¸,3299 FE0F     ,Basic_Emoji,Japanese â€œsecretâ€ button
ğŸ…°ï¸,1F170 FE0F    ,Basic_Emoji,A button (blood type)
ğŸ…±ï¸,1F171 FE0F    ,Basic_Emoji,B button (blood type)
ğŸ…¾ï¸,1F17E FE0F    ,Basic_Emoji,O button (blood type)
ğŸ…¿ï¸,1F17F FE0F    ,Basic_Emoji,P button
ğŸˆ‚ï¸,1F202 FE0F    ,Basic_Emoji,Japanese â€œservice chargeâ€ button
ğŸˆ·ï¸,1F237 FE0F    ,Basic_Emoji,Japanese â€œmonthly amountâ€ button
ğŸŒ¡ï¸,1F321 FE0F    ,Basic_Emoji,thermometer
ğŸŒ¤ï¸,1F324 FE0F    ,Basic_Emoji,sun behind small cloud
ğŸŒ¥ï¸,1F325 FE0F    ,Basic_Emoji,sun behind large cloud
ğŸŒ¦ï¸,1F326 FE0F    ,Basic_Emoji,sun behind rain cloud
ğŸŒ§ï¸,1F327 FE0F    ,Basic_Emoji,cloud with rain
ğŸŒ¨ï¸,1F328 FE0F    ,Basic_Emoji,cloud with snow
ğŸŒ©ï¸,1F329 FE0F    ,Basic_Emoji,cloud with lightning
ğŸŒªï¸,1F32A FE0F    ,Basic_Emoji,tornado
ğŸŒ«ï¸,1F32B FE0F    ,Basic_Emoji,fog
ğŸŒ¬ï¸,1F32C FE0F    ,Basic_Emoji,wind face
ğŸŒ¶ï¸,1F336 FE0F    ,Basic_Emoji,hot pepper
ğŸ½ï¸,1F37D FE0F    ,Basic_Emoji,fork and knife with plate
ğŸ–ï¸,1F396 FE0F    ,Basic_Emoji,military medal
ğŸ—ï¸,1F397 FE0F    ,Basic_Emoji,reminder ribbon
ğŸ™ï¸,1F399 FE0F    ,Basic_Emoji,studio microphone
ğŸšï¸,1F39A FE0F    ,Basic_Emoji,level slider
ğŸ›ï¸,1F39B FE0F    ,Basic_Emoji,control knobs
ğŸï¸,1F39E FE0F    ,Basic_Emoji,film frames
ğŸŸï¸,1F39F FE0F    ,Basic_Emoji,admission tickets
ğŸ‹ï¸,1F3CB FE0F    ,Basic_Emoji,person lifting weights
ğŸŒï¸,1F3CC FE0F    ,Basic_Emoji,person golfing
ğŸï¸,1F3CD FE0F    ,Basic_Emoji,motorcycle
ğŸï¸,1F3CE FE0F    ,Basic_Emoji,racing car
ğŸ”ï¸,1F3D4 FE0F    ,Basic_Emoji,snow-capped mountain
ğŸ•ï¸,1F3D5 FE0F    ,Basic_Emoji,camping
ğŸ–ï¸,1F3D6 FE0F    ,Basic_Emoji,beach with umbrella
ğŸ—ï¸,1F3D7 FE0F    ,Basic_Emoji,building construction
ğŸ˜ï¸,1F3D8 FE0F    ,Basic_Emoji,houses
ğŸ™ï¸,1F3D9 FE0F    ,Basic_Emoji,cityscape
ğŸšï¸,1F3DA FE0F    ,Basic_Emoji,derelict house
ğŸ›ï¸,1F3DB FE0F    ,Basic_Emoji,classical building
ğŸœï¸,1F3DC FE0F    ,Basic_Emoji,desert
ğŸï¸,1F3DD FE0F    ,Basic_Emoji,desert island
ğŸï¸,1F3DE FE0F    ,Basic_Emoji,national park
ğŸŸï¸,1F3DF FE0F    ,Basic_Emoji,stadium
ğŸ³ï¸,1F3F3 FE0F    ,Basic_Emoji,white flag
ğŸµï¸,1F3F5 FE0F    ,Basic_Emoji,rosette
ğŸ·ï¸,1F3F7 FE0F    ,Basic_Emoji,label
ğŸ¿ï¸,1F43F FE0F    ,Basic_Emoji,chipmunk
ğŸ‘ï¸,1F441 FE0F    ,Basic_Emoji,eye
ğŸ“½ï¸,1F4FD FE0F    ,Basic_Emoji,film projector
ğŸ•‰ï¸,1F549 FE0F    ,Basic_Emoji,om
ğŸ•Šï¸,1F54A FE0F    ,Basic_Emoji,dove
ğŸ•¯ï¸,1F56F FE0F    ,Basic_Emoji,candle
ğŸ•°ï¸,1F570 FE0F    ,Basic_Emoji,mantelpiece clock
ğŸ•³ï¸,1F573 FE0F    ,Basic_Emoji,hole
ğŸ•´ï¸,1F574 FE0F    ,Basic_Emoji,person in suit levitating
ğŸ•µï¸,1F575 FE0F    ,Basic_Emoji,detective
ğŸ•¶ï¸,1F576 FE0F    ,Basic_Emoji,sunglasses
ğŸ•·ï¸,1F577 FE0F    ,Basic_Emoji,spider
ğŸ•¸ï¸,1F578 FE0F    ,Basic_Emoji,spider web
ğŸ•¹ï¸,1F579 FE0F    ,Basic_Emoji,joystick
ğŸ–‡ï¸,1F587 FE0F    ,Basic_Emoji,linked paperclips
ğŸ–Šï¸,1F58A FE0F    ,Basic_Emoji,pen
ğŸ–‹ï¸,1F58B FE0F    ,Basic_Emoji,fountain pen
ğŸ–Œï¸,1F58C FE0F    ,Basic_Emoji,paintbrush
ğŸ–ï¸,1F58D FE0F    ,Basic_Emoji,crayon
ğŸ–ï¸,1F590 FE0F    ,Basic_Emoji,hand with fingers splayed
ğŸ–¥ï¸,1F5A5 FE0F    ,Basic_Emoji,desktop computer
ğŸ–¨ï¸,1F5A8 FE0F    ,Basic_Emoji,printer
ğŸ–±ï¸,1F5B1 FE0F    ,Basic_Emoji,computer mouse
ğŸ–²ï¸,1F5B2 FE0F    ,Basic_Emoji,trackball
ğŸ–¼ï¸,1F5BC FE0F    ,Basic_Emoji,framed picture
ğŸ—‚ï¸,1F5C2 FE0F    ,Basic_Emoji,card index dividers
ğŸ—ƒï¸,1F5C3 FE0F    ,Basic_Emoji,card file box
ğŸ—„ï¸,1F5C4 FE0F    ,Basic_Emoji,file cabinet
ğŸ—‘ï¸,1F5D1 FE0F    ,Basic_Emoji,wastebasket
ğŸ—’ï¸,1F5D2 FE0F    ,Basic_Emoji,spiral notepad
ğŸ—“ï¸,1F5D3 FE0F    ,Basic_Emoji,spiral calendar
ğŸ—œï¸,1F5DC FE0F    ,Basic_Emoji,clamp
ğŸ—ï¸,1F5DD FE0F    ,Basic_Emoji,old key
ğŸ—ï¸,1F5DE FE0F    ,Basic_Emoji,rolled-up newspaper
ğŸ—¡ï¸,1F5E1 FE0F    ,Basic_Emoji,dagger
ğŸ—£ï¸,1F5E3 FE0F    ,Basic_Emoji,speaking head
ğŸ—¨ï¸,1F5E8 FE0F    ,Basic_Emoji,left speech bubble
ğŸ—¯ï¸,1F5EF FE0F    ,Basic_Emoji,right anger bubble
ğŸ—³ï¸,1F5F3 FE0F    ,Basic_Emoji,ballot box with ballot
ğŸ—ºï¸,1F5FA FE0F    ,Basic_Emoji,world map
ğŸ›‹ï¸,1F6CB FE0F    ,Basic_Emoji,couch and lamp
ğŸ›ï¸,1F6CD FE0F    ,Basic_Emoji,shopping bags
ğŸ›ï¸,1F6CE FE0F    ,Basic_Emoji,bellhop bell
ğŸ›ï¸,1F6CF FE0F    ,Basic_Emoji,bed
ğŸ› ï¸,1F6E0 FE0F    ,Basic_Emoji,hammer and wrench
ğŸ›¡ï¸,1F6E1 FE0F    ,Basic_Emoji,shield
ğŸ›¢ï¸,1F6E2 FE0F    ,Basic_Emoji,oil drum
ğŸ›£ï¸,1F6E3 FE0F    ,Basic_Emoji,motorway
ğŸ›¤ï¸,1F6E4 FE0F    ,Basic_Emoji,railway track
ğŸ›¥ï¸,1F6E5 FE0F    ,Basic_Emoji,motor boat
ğŸ›©ï¸,1F6E9 FE0F    ,Basic_Emoji,small airplane
ğŸ›°ï¸,1F6F0 FE0F    ,Basic_Emoji,satellite
ğŸ›³ï¸,1F6F3 FE0F    ,Basic_Emoji,passenger ship
#ï¸âƒ£,0023 FE0F 20E3,Emoji_Keycap_Sequence,keycap: \x{23}
*ï¸âƒ£,002A FE0F 20E3,Emoji_Keycap_Sequence,keycap: *
0ï¸âƒ£,0030 FE0F 20E3,Emoji_Keycap_Sequence,keycap: 0
1ï¸âƒ£,0031 FE0F 20E3,Emoji_Keycap_Sequence,keycap: 1
2ï¸âƒ£,0032 FE0F 20E3,Emoji_Keycap_Sequence,keycap: 2
3ï¸âƒ£,0033 FE0F 20E3,Emoji_Keycap_Sequence,keycap: 3
4ï¸âƒ£,0034 FE0F 20E3,Emoji_Keycap_Sequence,keycap: 4
5ï¸âƒ£,0035 FE0F 20E3,Emoji_Keycap_Sequence,keycap: 5
6ï¸âƒ£,0036 FE0F 20E3,Emoji_Keycap_Sequence,keycap: 6
7ï¸âƒ£,0037 FE0F 20E3,Emoji_Keycap_Sequence,keycap: 7
8ï¸âƒ£,0038 FE0F 20E3,Emoji_Keycap_Sequence,keycap: 8
9ï¸âƒ£,0039 FE0F 20E3,Emoji_Keycap_Sequence,keycap: 9
ğŸ‡¦ğŸ‡¨,1F1E6 1F1E8   ,RGI_Emoji_Flag_Sequence,flag: Ascension Island
ğŸ‡¦ğŸ‡©,1F1E6 1F1E9   ,RGI_Emoji_Flag_Sequence,flag: Andorra
ğŸ‡¦ğŸ‡ª,1F1E6 1F1EA   ,RGI_Emoji_Flag_Sequence,flag: United Arab Emirates
ğŸ‡¦ğŸ‡«,1F1E6 1F1EB   ,RGI_Emoji_Flag_Sequence,flag: Afghanistan
ğŸ‡¦ğŸ‡¬,1F1E6 1F1EC   ,RGI_Emoji_Flag_Sequence,flag: Antigua & Barbuda
ğŸ‡¦ğŸ‡®,1F1E6 1F1EE   ,RGI_Emoji_Flag_Sequence,flag: Anguilla
ğŸ‡¦ğŸ‡±,1F1E6 1F1F1   ,RGI_Emoji_Flag_Sequence,flag: Albania
ğŸ‡¦ğŸ‡²,1F1E6 1F1F2   ,RGI_Emoji_Flag_Sequence,flag: Armenia
ğŸ‡¦ğŸ‡´,1F1E6 1F1F4   ,RGI_Emoji_Flag_Sequence,flag: Angola
ğŸ‡¦ğŸ‡¶,1F1E6 1F1F6   ,RGI_Emoji_Flag_Sequence,flag: Antarctica
ğŸ‡¦ğŸ‡·,1F1E6 1F1F7   ,RGI_Emoji_Flag_Sequence,flag: Argentina
ğŸ‡¦ğŸ‡¸,1F1E6 1F1F8   ,RGI_Emoji_Flag_Sequence,flag: American Samoa
ğŸ‡¦ğŸ‡¹,1F1E6 1F1F9   ,RGI_Emoji_Flag_Sequence,flag: Austria
ğŸ‡¦ğŸ‡º,1F1E6 1F1FA   ,RGI_Emoji_Flag_Sequence,flag: Australia
ğŸ‡¦ğŸ‡¼,1F1E6 1F1FC   ,RGI_Emoji_Flag_Sequence,flag: Aruba
ğŸ‡¦ğŸ‡½,1F1E6 1F1FD   ,RGI_Emoji_Flag_Sequence,flag: Ã…land Islands
ğŸ‡¦ğŸ‡¿,1F1E6 1F1FF   ,RGI_Emoji_Flag_Sequence,flag: Azerbaijan
ğŸ‡§ğŸ‡¦,1F1E7 1F1E6   ,RGI_Emoji_Flag_Sequence,flag: Bosnia & Herzegovina
ğŸ‡§ğŸ‡§,1F1E7 1F1E7   ,RGI_Emoji_Flag_Sequence,flag: Barbados
ğŸ‡§ğŸ‡©,1F1E7 1F1E9   ,RGI_Emoji_Flag_Sequence,flag: Bangladesh
ğŸ‡§ğŸ‡ª,1F1E7 1F1EA   ,RGI_Emoji_Flag_Sequence,flag: Belgium
ğŸ‡§ğŸ‡«,1F1E7 1F1EB   ,RGI_Emoji_Flag_Sequence,flag: Burkina Faso
ğŸ‡§ğŸ‡¬,1F1E7 1F1EC   ,RGI_Emoji_Flag_Sequence,flag: Bulgaria
ğŸ‡§ğŸ‡­,1F1E7 1F1ED   ,RGI_Emoji_Flag_Sequence,flag: Bahrain
ğŸ‡§ğŸ‡®,1F1E7 1F1EE   ,RGI_Emoji_Flag_Sequence,flag: Burundi
ğŸ‡§ğŸ‡¯,1F1E7 1F1EF   ,RGI_Emoji_Flag_Sequence,flag: Benin
ğŸ‡§ğŸ‡±,1F1E7 1F1F1   ,RGI_Emoji_Flag_Sequence,flag: St. BarthÃ©lemy
ğŸ‡§ğŸ‡²,1F1E7 1F1F2   ,RGI_Emoji_Flag_Sequence,flag: Bermuda
ğŸ‡§ğŸ‡³,1F1E7 1F1F3   ,RGI_Emoji_Flag_Sequence,flag: Brunei
ğŸ‡§ğŸ‡´,1F1E7 1F1F4   ,RGI_Emoji_Flag_Sequence,flag: Bolivia
ğŸ‡§ğŸ‡¶,1F1E7 1F1F6   ,RGI_Emoji_Flag_Sequence,flag: Caribbean Netherlands
ğŸ‡§ğŸ‡·,1F1E7 1F1F7   ,RGI_Emoji_Flag_Sequence,flag: Brazil
ğŸ‡§ğŸ‡¸,1F1E7 1F1F8   ,RGI_Emoji_Flag_Sequence,flag: Bahamas
ğŸ‡§ğŸ‡¹,1F1E7 1F1F9   ,RGI_Emoji_Flag_Sequence,flag: Bhutan
ğŸ‡§ğŸ‡»,1F1E7 1F1FB   ,RGI_Emoji_Flag_Sequence,flag: Bouvet Island
ğŸ‡§ğŸ‡¼,1F1E7 1F1FC   ,RGI_Emoji_Flag_Sequence,flag: Botswana
ğŸ‡§ğŸ‡¾,1F1E7 1F1FE   ,RGI_Emoji_Flag_Sequence,flag: Belarus
ğŸ‡§ğŸ‡¿,1F1E7 1F1FF   ,RGI_Emoji_Flag_Sequence,flag: Belize
ğŸ‡¨ğŸ‡¦,1F1E8 1F1E6   ,RGI_Emoji_Flag_Sequence,flag: Canada
ğŸ‡¨ğŸ‡¨,1F1E8 1F1E8   ,RGI_Emoji_Flag_Sequence,flag: Cocos (Keeling) Islands
ğŸ‡¨ğŸ‡©,1F1E8 1F1E9   ,RGI_Emoji_Flag_Sequence,flag: Congo - Kinshasa
ğŸ‡¨ğŸ‡«,1F1E8 1F1EB   ,RGI_Emoji_Flag_Sequence,flag: Central African Republic
ğŸ‡¨ğŸ‡¬,1F1E8 1F1EC   ,RGI_Emoji_Flag_Sequence,flag: Congo - Brazzaville
ğŸ‡¨ğŸ‡­,1F1E8 1F1ED   ,RGI_Emoji_Flag_Sequence,flag: Switzerland
ğŸ‡¨ğŸ‡®,1F1E8 1F1EE   ,RGI_Emoji_Flag_Sequence,flag: CÃ´te dâ€™Ivoire
ğŸ‡¨ğŸ‡°,1F1E8 1F1F0   ,RGI_Emoji_Flag_Sequence,flag: Cook Islands
ğŸ‡¨ğŸ‡±,1F1E8 1F1F1   ,RGI_Emoji_Flag_Sequence,flag: Chile
ğŸ‡¨ğŸ‡²,1F1E8 1F1F2   ,RGI_Emoji_Flag_Sequence,flag: Cameroon
ğŸ‡¨ğŸ‡³,1F1E8 1F1F3   ,RGI_Emoji_Flag_Sequence,flag: China
ğŸ‡¨ğŸ‡´,1F1E8 1F1F4   ,RGI_Emoji_Flag_Sequence,flag: Colombia
ğŸ‡¨ğŸ‡µ,1F1E8 1F1F5   ,RGI_Emoji_Flag_Sequence,flag: Clipperton Island
ğŸ‡¨ğŸ‡¶,1F1E8 1F1F6   ,RGI_Emoji_Flag_Sequence,flag: Sark
ğŸ‡¨ğŸ‡·,1F1E8 1F1F7   ,RGI_Emoji_Flag_Sequence,flag: Costa Rica
ğŸ‡¨ğŸ‡º,1F1E8 1F1FA   ,RGI_Emoji_Flag_Sequence,flag: Cuba
ğŸ‡¨ğŸ‡»,1F1E8 1F1FB   ,RGI_Emoji_Flag_Sequence,flag: Cape Verde
ğŸ‡¨ğŸ‡¼,1F1E8 1F1FC   ,RGI_Emoji_Flag_Sequence,flag: CuraÃ§ao
ğŸ‡¨ğŸ‡½,1F1E8 1F1FD   ,RGI_Emoji_Flag_Sequence,flag: Christmas Island
ğŸ‡¨ğŸ‡¾,1F1E8 1F1FE   ,RGI_Emoji_Flag_Sequence,flag: Cyprus
ğŸ‡¨ğŸ‡¿,1F1E8 1F1FF   ,RGI_Emoji_Flag_Sequence,flag: Czechia
ğŸ‡©ğŸ‡ª,1F1E9 1F1EA   ,RGI_Emoji_Flag_Sequence,flag: Germany
ğŸ‡©ğŸ‡¬,1F1E9 1F1EC   ,RGI_Emoji_Flag_Sequence,flag: Diego Garcia
ğŸ‡©ğŸ‡¯,1F1E9 1F1EF   ,RGI_Emoji_Flag_Sequence,flag: Djibouti
ğŸ‡©ğŸ‡°,1F1E9 1F1F0   ,RGI_Emoji_Flag_Sequence,flag: Denmark
ğŸ‡©ğŸ‡²,1F1E9 1F1F2   ,RGI_Emoji_Flag_Sequence,flag: Dominica
ğŸ‡©ğŸ‡´,1F1E9 1F1F4   ,RGI_Emoji_Flag_Sequence,flag: Dominican Republic
ğŸ‡©ğŸ‡¿,1F1E9 1F1FF   ,RGI_Emoji_Flag_Sequence,flag: Algeria
ğŸ‡ªğŸ‡¦,1F1EA 1F1E6   ,RGI_Emoji_Flag_Sequence,flag: Ceuta & Melilla
ğŸ‡ªğŸ‡¨,1F1EA 1F1E8   ,RGI_Emoji_Flag_Sequence,flag: Ecuador
ğŸ‡ªğŸ‡ª,1F1EA 1F1EA   ,RGI_Emoji_Flag_Sequence,flag: Estonia
ğŸ‡ªğŸ‡¬,1F1EA 1F1EC   ,RGI_Emoji_Flag_Sequence,flag: Egypt
ğŸ‡ªğŸ‡­,1F1EA 1F1ED   ,RGI_Emoji_Flag_Sequence,flag: Western Sahara
ğŸ‡ªğŸ‡·,1F1EA 1F1F7   ,RGI_Emoji_Flag_Sequence,flag: Eritrea
ğŸ‡ªğŸ‡¸,1F1EA 1F1F8   ,RGI_Emoji_Flag_Sequence,flag: Spain
ğŸ‡ªğŸ‡¹,1F1EA 1F1F9   ,RGI_Emoji_Flag_Sequence,flag: Ethiopia
ğŸ‡ªğŸ‡º,1F1EA 1F1FA   ,RGI_Emoji_Flag_Sequence,flag: European Union
ğŸ‡«ğŸ‡®,1F1EB 1F1EE   ,RGI_Emoji_Flag_Sequence,flag: Finland
ğŸ‡«ğŸ‡¯,1F1EB 1F1EF   ,RGI_Emoji_Flag_Sequence,flag: Fiji
ğŸ‡«ğŸ‡°,1F1EB 1F1F0   ,RGI_Emoji_Flag_Sequence,flag: Falkland Islands
ğŸ‡«ğŸ‡²,1F1EB 1F1F2   ,RGI_Emoji_Flag_Sequence,flag: Micronesia
ğŸ‡«ğŸ‡´,1F1EB 1F1F4   ,RGI_Emoji_Flag_Sequence,flag: Faroe Islands
ğŸ‡«ğŸ‡·,1F1EB 1F1F7   ,RGI_Emoji_Flag_Sequence,flag: France
ğŸ‡¬ğŸ‡¦,1F1EC 1F1E6   ,RGI_Emoji_Flag_Sequence,flag: Gabon
ğŸ‡¬ğŸ‡§,1F1EC 1F1E7   ,RGI_Emoji_Flag_Sequence,flag: United Kingdom
ğŸ‡¬ğŸ‡©,1F1EC 1F1E9   ,RGI_Emoji_Flag_Sequence,flag: Grenada
ğŸ‡¬ğŸ‡ª,1F1EC 1F1EA   ,RGI_Emoji_Flag_Sequence,flag: Georgia
ğŸ‡¬ğŸ‡«,1F1EC 1F1EB   ,RGI_Emoji_Flag_Sequence,flag: French Guiana
ğŸ‡¬ğŸ‡¬,1F1EC 1F1EC   ,RGI_Emoji_Flag_Sequence,flag: Guernsey
ğŸ‡¬ğŸ‡­,1F1EC 1F1ED   ,RGI_Emoji_Flag_Sequence,flag: Ghana
ğŸ‡¬ğŸ‡®,1F1EC 1F1EE   ,RGI_Emoji_Flag_Sequence,flag: Gibraltar
ğŸ‡¬ğŸ‡±,1F1EC 1F1F1   ,RGI_Emoji_Flag_Sequence,flag: Greenland
ğŸ‡¬ğŸ‡²,1F1EC 1F1F2   ,RGI_Emoji_Flag_Sequence,flag: Gambia
ğŸ‡¬ğŸ‡³,1F1EC 1F1F3   ,RGI_Emoji_Flag_Sequence,flag: Guinea
ğŸ‡¬ğŸ‡µ,1F1EC 1F1F5   ,RGI_Emoji_Flag_Sequence,flag: Guadeloupe
ğŸ‡¬ğŸ‡¶,1F1EC 1F1F6   ,RGI_Emoji_Flag_Sequence,flag: Equatorial Guinea
ğŸ‡¬ğŸ‡·,1F1EC 1F1F7   ,RGI_Emoji_Flag_Sequence,flag: Greece
ğŸ‡¬ğŸ‡¸,1F1EC 1F1F8   ,RGI_Emoji_Flag_Sequence,flag: South Georgia & South Sandwich Islands
ğŸ‡¬ğŸ‡¹,1F1EC 1F1F9   ,RGI_Emoji_Flag_Sequence,flag: Guatemala
ğŸ‡¬ğŸ‡º,1F1EC 1F1FA   ,RGI_Emoji_Flag_Sequence,flag: Guam
ğŸ‡¬ğŸ‡¼,1F1EC 1F1FC   ,RGI_Emoji_Flag_Sequence,flag: Guinea-Bissau
ğŸ‡¬ğŸ‡¾,1F1EC 1F1FE   ,RGI_Emoji_Flag_Sequence,flag: Guyana
ğŸ‡­ğŸ‡°,1F1ED 1F1F0   ,RGI_Emoji_Flag_Sequence,flag: Hong Kong SAR China
ğŸ‡­ğŸ‡²,1F1ED 1F1F2   ,RGI_Emoji_Flag_Sequence,flag: Heard & McDonald Islands
ğŸ‡­ğŸ‡³,1F1ED 1F1F3   ,RGI_Emoji_Flag_Sequence,flag: Honduras
ğŸ‡­ğŸ‡·,1F1ED 1F1F7   ,RGI_Emoji_Flag_Sequence,flag: Croatia
ğŸ‡­ğŸ‡¹,1F1ED 1F1F9   ,RGI_Emoji_Flag_Sequence,flag: Haiti
ğŸ‡­ğŸ‡º,1F1ED 1F1FA   ,RGI_Emoji_Flag_Sequence,flag: Hungary
ğŸ‡®ğŸ‡¨,1F1EE 1F1E8   ,RGI_Emoji_Flag_Sequence,flag: Canary Islands
ğŸ‡®ğŸ‡©,1F1EE 1F1E9   ,RGI_Emoji_Flag_Sequence,flag: Indonesia
ğŸ‡®ğŸ‡ª,1F1EE 1F1EA   ,RGI_Emoji_Flag_Sequence,flag: Ireland
ğŸ‡®ğŸ‡±,1F1EE 1F1F1   ,RGI_Emoji_Flag_Sequence,flag: Israel
ğŸ‡®ğŸ‡²,1F1EE 1F1F2   ,RGI_Emoji_Flag_Sequence,flag: Isle of Man
ğŸ‡®ğŸ‡³,1F1EE 1F1F3   ,RGI_Emoji_Flag_Sequence,flag: India
ğŸ‡®ğŸ‡´,1F1EE 1F1F4   ,RGI_Emoji_Flag_Sequence,flag: British Indian Ocean Territory
ğŸ‡®ğŸ‡¶,1F1EE 1F1F6   ,RGI_Emoji_Flag_Sequence,flag: Iraq
ğŸ‡®ğŸ‡·,1F1EE 1F1F7   ,RGI_Emoji_Flag_Sequence,flag: Iran
ğŸ‡®ğŸ‡¸,1F1EE 1F1F8   ,RGI_Emoji_Flag_Sequence,flag: Iceland
ğŸ‡®ğŸ‡¹,1F1EE 1F1F9   ,RGI_Emoji_Flag_Sequence,flag: Italy
ğŸ‡¯ğŸ‡ª,1F1EF 1F1EA   ,RGI_Emoji_Flag_Sequence,flag: Jersey
ğŸ‡¯ğŸ‡²,1F1EF 1F1F2   ,RGI_Emoji_Flag_Sequence,flag: Jamaica
ğŸ‡¯ğŸ‡´,1F1EF 1F1F4   ,RGI_Emoji_Flag_Sequence,flag: Jordan
ğŸ‡¯ğŸ‡µ,1F1EF 1F1F5   ,RGI_Emoji_Flag_Sequence,flag: Japan
ğŸ‡°ğŸ‡ª,1F1F0 1F1EA   ,RGI_Emoji_Flag_Sequence,flag: Kenya
ğŸ‡°ğŸ‡¬,1F1F0 1F1EC   ,RGI_Emoji_Flag_Sequence,flag: Kyrgyzstan
ğŸ‡°ğŸ‡­,1F1F0 1F1ED   ,RGI_Emoji_Flag_Sequence,flag: Cambodia
ğŸ‡°ğŸ‡®,1F1F0 1F1EE   ,RGI_Emoji_Flag_Sequence,flag: Kiribati
ğŸ‡°ğŸ‡²,1F1F0 1F1F2   ,RGI_Emoji_Flag_Sequence,flag: Comoros
ğŸ‡°ğŸ‡³,1F1F0 1F1F3   ,RGI_Emoji_Flag_Sequence,flag: St. Kitts & Nevis
ğŸ‡°ğŸ‡µ,1F1F0 1F1F5   ,RGI_Emoji_Flag_Sequence,flag: North Korea
ğŸ‡°ğŸ‡·,1F1F0 1F1F7   ,RGI_Emoji_Flag_Sequence,flag: South Korea
ğŸ‡°ğŸ‡¼,1F1F0 1F1FC   ,RGI_Emoji_Flag_Sequence,flag: Kuwait
ğŸ‡°ğŸ‡¾,1F1F0 1F1FE   ,RGI_Emoji_Flag_Sequence,flag: Cayman Islands
ğŸ‡°ğŸ‡¿,1F1F0 1F1FF   ,RGI_Emoji_Flag_Sequence,flag: Kazakhstan
ğŸ‡±ğŸ‡¦,1F1F1 1F1E6   ,RGI_Emoji_Flag_Sequence,flag: Laos
ğŸ‡±ğŸ‡§,1F1F1 1F1E7   ,RGI_Emoji_Flag_Sequence,flag: Lebanon
ğŸ‡±ğŸ‡¨,1F1F1 1F1E8   ,RGI_Emoji_Flag_Sequence,flag: St. Lucia
ğŸ‡±ğŸ‡®,1F1F1 1F1EE   ,RGI_Emoji_Flag_Sequence,flag: Liechtenstein
ğŸ‡±ğŸ‡°,1F1F1 1F1F0   ,RGI_Emoji_Flag_Sequence,flag: Sri Lanka
ğŸ‡±ğŸ‡·,1F1F1 1F1F7   ,RGI_Emoji_Flag_Sequence,flag: Liberia
ğŸ‡±ğŸ‡¸,1F1F1 1F1F8   ,RGI_Emoji_Flag_Sequence,flag: Lesotho
ğŸ‡±ğŸ‡¹,1F1F1 1F1F9   ,RGI_Emoji_Flag_Sequence,flag: Lithuania
ğŸ‡±ğŸ‡º,1F1F1 1F1FA   ,RGI_Emoji_Flag_Sequence,flag: Luxembourg
ğŸ‡±ğŸ‡»,1F1F1 1F1FB   ,RGI_Emoji_Flag_Sequence,flag: Latvia
ğŸ‡±ğŸ‡¾,1F1F1 1F1FE   ,RGI_Emoji_Flag_Sequence,flag: Libya
ğŸ‡²ğŸ‡¦,1F1F2 1F1E6   ,RGI_Emoji_Flag_Sequence,flag: Morocco
ğŸ‡²ğŸ‡¨,1F1F2 1F1E8   ,RGI_Emoji_Flag_Sequence,flag: Monaco
ğŸ‡²ğŸ‡©,1F1F2 1F1E9   ,RGI_Emoji_Flag_Sequence,flag: Moldova
ğŸ‡²ğŸ‡ª,1F1F2 1F1EA   ,RGI_Emoji_Flag_Sequence,flag: Montenegro
ğŸ‡²ğŸ‡«,1F1F2 1F1EB   ,RGI_Emoji_Flag_Sequence,flag: St. Martin
ğŸ‡²ğŸ‡¬,1F1F2 1F1EC   ,RGI_Emoji_Flag_Sequence,flag: Madagascar
ğŸ‡²ğŸ‡­,1F1F2 1F1ED   ,RGI_Emoji_Flag_Sequence,flag: Marshall Islands
ğŸ‡²ğŸ‡°,1F1F2 1F1F0   ,RGI_Emoji_Flag_Sequence,flag: North Macedonia
ğŸ‡²ğŸ‡±,1F1F2 1F1F1   ,RGI_Emoji_Flag_Sequence,flag: Mali
ğŸ‡²ğŸ‡²,1F1F2 1F1F2   ,RGI_Emoji_Flag_Sequence,flag: Myanmar (Burma)
ğŸ‡²ğŸ‡³,1F1F2 1F1F3   ,RGI_Emoji_Flag_Sequence,flag: Mongolia
ğŸ‡²ğŸ‡´,1F1F2 1F1F4   ,RGI_Emoji_Flag_Sequence,flag: Macao SAR China
ğŸ‡²ğŸ‡µ,1F1F2 1F1F5   ,RGI_Emoji_Flag_Sequence,flag: Northern Mariana Islands
ğŸ‡²ğŸ‡¶,1F1F2 1F1F6   ,RGI_Emoji_Flag_Sequence,flag: Martinique
ğŸ‡²ğŸ‡·,1F1F2 1F1F7   ,RGI_Emoji_Flag_Sequence,flag: Mauritania
ğŸ‡²ğŸ‡¸,1F1F2 1F1F8   ,RGI_Emoji_Flag_Sequence,flag: Montserrat
ğŸ‡²ğŸ‡¹,1F1F2 1F1F9   ,RGI_Emoji_Flag_Sequence,flag: Malta
ğŸ‡²ğŸ‡º,1F1F2 1F1FA   ,RGI_Emoji_Flag_Sequence,flag: Mauritius
ğŸ‡²ğŸ‡»,1F1F2 1F1FB   ,RGI_Emoji_Flag_Sequence,flag: Maldives
ğŸ‡²ğŸ‡¼,1F1F2 1F1FC   ,RGI_Emoji_Flag_Sequence,flag: Malawi
ğŸ‡²ğŸ‡½,1F1F2 1F1FD   ,RGI_Emoji_Flag_Sequence,flag: Mexico
ğŸ‡²ğŸ‡¾,1F1F2 1F1FE   ,RGI_Emoji_Flag_Sequence,flag: Malaysia
ğŸ‡²ğŸ‡¿,1F1F2 1F1FF   ,RGI_Emoji_Flag_Sequence,flag: Mozambique
ğŸ‡³ğŸ‡¦,1F1F3 1F1E6   ,RGI_Emoji_Flag_Sequence,flag: Namibia
ğŸ‡³ğŸ‡¨,1F1F3 1F1E8   ,RGI_Emoji_Flag_Sequence,flag: New Caledonia
ğŸ‡³ğŸ‡ª,1F1F3 1F1EA   ,RGI_Emoji_Flag_Sequence,flag: Niger
ğŸ‡³ğŸ‡«,1F1F3 1F1EB   ,RGI_Emoji_Flag_Sequence,flag: Norfolk Island
ğŸ‡³ğŸ‡¬,1F1F3 1F1EC   ,RGI_Emoji_Flag_Sequence,flag: Nigeria
ğŸ‡³ğŸ‡®,1F1F3 1F1EE   ,RGI_Emoji_Flag_Sequence,flag: Nicaragua
ğŸ‡³ğŸ‡±,1F1F3 1F1F1   ,RGI_Emoji_Flag_Sequence,flag: Netherlands
ğŸ‡³ğŸ‡´,1F1F3 1F1F4   ,RGI_Emoji_Flag_Sequence,flag: Norway
ğŸ‡³ğŸ‡µ,1F1F3 1F1F5   ,RGI_Emoji_Flag_Sequence,flag: Nepal
ğŸ‡³ğŸ‡·,1F1F3 1F1F7   ,RGI_Emoji_Flag_Sequence,flag: Nauru
ğŸ‡³ğŸ‡º,1F1F3 1F1FA   ,RGI_Emoji_Flag_Sequence,flag: Niue
ğŸ‡³ğŸ‡¿,1F1F3 1F1FF   ,RGI_Emoji_Flag_Sequence,flag: New Zealand
ğŸ‡´ğŸ‡²,1F1F4 1F1F2   ,RGI_Emoji_Flag_Sequence,flag: Oman
ğŸ‡µğŸ‡¦,1F1F5 1F1E6   ,RGI_Emoji_Flag_Sequence,flag: Panama
ğŸ‡µğŸ‡ª,1F1F5 1F1EA   ,RGI_Emoji_Flag_Sequence,flag: Peru
ğŸ‡µğŸ‡«,1F1F5 1F1EB   ,RGI_Emoji_Flag_Sequence,flag: French Polynesia
ğŸ‡µğŸ‡¬,1F1F5 1F1EC   ,RGI_Emoji_Flag_Sequence,flag: Papua New Guinea
ğŸ‡µğŸ‡­,1F1F5 1F1ED   ,RGI_Emoji_Flag_Sequence,flag: Philippines
ğŸ‡µğŸ‡°,1F1F5 1F1F0   ,RGI_Emoji_Flag_Sequence,flag: Pakistan
ğŸ‡µğŸ‡±,1F1F5 1F1F1   ,RGI_Emoji_Flag_Sequence,flag: Poland
ğŸ‡µğŸ‡²,1F1F5 1F1F2   ,RGI_Emoji_Flag_Sequence,flag: St. Pierre & Miquelon
ğŸ‡µğŸ‡³,1F1F5 1F1F3   ,RGI_Emoji_Flag_Sequence,flag: Pitcairn Islands
ğŸ‡µğŸ‡·,1F1F5 1F1F7   ,RGI_Emoji_Flag_Sequence,flag: Puerto Rico
ğŸ‡µğŸ‡¸,1F1F5 1F1F8   ,RGI_Emoji_Flag_Sequence,flag: Palestinian Territories
ğŸ‡µğŸ‡¹,1F1F5 1F1F9   ,RGI_Emoji_Flag_Sequence,flag: Portugal
ğŸ‡µğŸ‡¼,1F1F5 1F1FC   ,RGI_Emoji_Flag_Sequence,flag: Palau
ğŸ‡µğŸ‡¾,1F1F5 1F1FE   ,RGI_Emoji_Flag_Sequence,flag: Paraguay
ğŸ‡¶ğŸ‡¦,1F1F6 1F1E6   ,RGI_Emoji_Flag_Sequence,flag: Qatar
ğŸ‡·ğŸ‡ª,1F1F7 1F1EA   ,RGI_Emoji_Flag_Sequence,flag: RÃ©union
ğŸ‡·ğŸ‡´,1F1F7 1F1F4   ,RGI_Emoji_Flag_Sequence,flag: Romania
ğŸ‡·ğŸ‡¸,1F1F7 1F1F8   ,RGI_Emoji_Flag_Sequence,flag: Serbia
ğŸ‡·ğŸ‡º,1F1F7 1F1FA   ,RGI_Emoji_Flag_Sequence,flag: Russia
ğŸ‡·ğŸ‡¼,1F1F7 1F1FC   ,RGI_Emoji_Flag_Sequence,flag: Rwanda
ğŸ‡¸ğŸ‡¦,1F1F8 1F1E6   ,RGI_Emoji_Flag_Sequence,flag: Saudi Arabia
ğŸ‡¸ğŸ‡§,1F1F8 1F1E7   ,RGI_Emoji_Flag_Sequence,flag: Solomon Islands
ğŸ‡¸ğŸ‡¨,1F1F8 1F1E8   ,RGI_Emoji_Flag_Sequence,flag: Seychelles
ğŸ‡¸ğŸ‡©,1F1F8 1F1E9   ,RGI_Emoji_Flag_Sequence,flag: Sudan
ğŸ‡¸ğŸ‡ª,1F1F8 1F1EA   ,RGI_Emoji_Flag_Sequence,flag: Sweden
ğŸ‡¸ğŸ‡¬,1F1F8 1F1EC   ,RGI_Emoji_Flag_Sequence,flag: Singapore
ğŸ‡¸ğŸ‡­,1F1F8 1F1ED   ,RGI_Emoji_Flag_Sequence,flag: St. Helena
ğŸ‡¸ğŸ‡®,1F1F8 1F1EE   ,RGI_Emoji_Flag_Sequence,flag: Slovenia
ğŸ‡¸ğŸ‡¯,1F1F8 1F1EF   ,RGI_Emoji_Flag_Sequence,flag: Svalbard & Jan Mayen
ğŸ‡¸ğŸ‡°,1F1F8 1F1F0   ,RGI_Emoji_Flag_Sequence,flag: Slovakia
ğŸ‡¸ğŸ‡±,1F1F8 1F1F1   ,RGI_Emoji_Flag_Sequence,flag: Sierra Leone
ğŸ‡¸ğŸ‡²,1F1F8 1F1F2   ,RGI_Emoji_Flag_Sequence,flag: San Marino
ğŸ‡¸ğŸ‡³,1F1F8 1F1F3   ,RGI_Emoji_Flag_Sequence,flag: Senegal
ğŸ‡¸ğŸ‡´,1F1F8 1F1F4   ,RGI_Emoji_Flag_Sequence,flag: Somalia
ğŸ‡¸ğŸ‡·,1F1F8 1F1F7   ,RGI_Emoji_Flag_Sequence,flag: Suriname
ğŸ‡¸ğŸ‡¸,1F1F8 1F1F8   ,RGI_Emoji_Flag_Sequence,flag: South Sudan
ğŸ‡¸ğŸ‡¹,1F1F8 1F1F9   ,RGI_Emoji_Flag_Sequence,flag: SÃ£o TomÃ© & PrÃ­ncipe
ğŸ‡¸ğŸ‡»,1F1F8 1F1FB   ,RGI_Emoji_Flag_Sequence,flag: El Salvador
ğŸ‡¸ğŸ‡½,1F1F8 1F1FD   ,RGI_Emoji_Flag_Sequence,flag: Sint Maarten
ğŸ‡¸ğŸ‡¾,1F1F8 1F1FE   ,RGI_Emoji_Flag_Sequence,flag: Syria
ğŸ‡¸ğŸ‡¿,1F1F8 1F1FF   ,RGI_Emoji_Flag_Sequence,flag: Eswatini
ğŸ‡¹ğŸ‡¦,1F1F9 1F1E6   ,RGI_Emoji_Flag_Sequence,flag: Tristan da Cunha
ğŸ‡¹ğŸ‡¨,1F1F9 1F1E8   ,RGI_Emoji_Flag_Sequence,flag: Turks & Caicos Islands
ğŸ‡¹ğŸ‡©,1F1F9 1F1E9   ,RGI_Emoji_Flag_Sequence,flag: Chad
ğŸ‡¹ğŸ‡«,1F1F9 1F1EB   ,RGI_Emoji_Flag_Sequence,flag: French Southern Territories
ğŸ‡¹ğŸ‡¬,1F1F9 1F1EC   ,RGI_Emoji_Flag_Sequence,flag: Togo
ğŸ‡¹ğŸ‡­,1F1F9 1F1ED   ,RGI_Emoji_Flag_Sequence,flag: Thailand
ğŸ‡¹ğŸ‡¯,1F1F9 1F1EF   ,RGI_Emoji_Flag_Sequence,flag: Tajikistan
ğŸ‡¹ğŸ‡°,1F1F9 1F1F0   ,RGI_Emoji_Flag_Sequence,flag: Tokelau
ğŸ‡¹ğŸ‡±,1F1F9 1F1F1   ,RGI_Emoji_Flag_Sequence,flag: Timor-Leste
ğŸ‡¹ğŸ‡²,1F1F9 1F1F2   ,RGI_Emoji_Flag_Sequence,flag: Turkmenistan
ğŸ‡¹ğŸ‡³,1F1F9 1F1F3   ,RGI_Emoji_Flag_Sequence,flag: Tunisia
ğŸ‡¹ğŸ‡´,1F1F9 1F1F4   ,RGI_Emoji_Flag_Sequence,flag: Tonga
ğŸ‡¹ğŸ‡·,1F1F9 1F1F7   ,RGI_Emoji_Flag_Sequence,flag: TÃ¼rkiye
ğŸ‡¹ğŸ‡¹,1F1F9 1F1F9   ,RGI_Emoji_Flag_Sequence,flag: Trinidad & Tobago
ğŸ‡¹ğŸ‡»,1F1F9 1F1FB   ,RGI_Emoji_Flag_Sequence,flag: Tuvalu
ğŸ‡¹ğŸ‡¼,1F1F9 1F1FC   ,RGI_Emoji_Flag_Sequence,flag: Taiwan
ğŸ‡¹ğŸ‡¿,1F1F9 1F1FF   ,RGI_Emoji_Flag_Sequence,flag: Tanzania
ğŸ‡ºğŸ‡¦,1F1FA 1F1E6   ,RGI_Emoji_Flag_Sequence,flag: Ukraine
ğŸ‡ºğŸ‡¬,1F1FA 1F1EC   ,RGI_Emoji_Flag_Sequence,flag: Uganda
ğŸ‡ºğŸ‡²,1F1FA 1F1F2   ,RGI_Emoji_Flag_Sequence,flag: U.S. Outlying Islands
ğŸ‡ºğŸ‡³,1F1FA 1F1F3   ,RGI_Emoji_Flag_Sequence,flag: United Nations
ğŸ‡ºğŸ‡¸,1F1FA 1F1F8   ,RGI_Emoji_Flag_Sequence,flag: United States
ğŸ‡ºğŸ‡¾,1F1FA 1F1FE   ,RGI_Emoji_Flag_Sequence,flag: Uruguay
ğŸ‡ºğŸ‡¿,1F1FA 1F1FF   ,RGI_Emoji_Flag_Sequence,flag: Uzbekistan
ğŸ‡»ğŸ‡¦,1F1FB 1F1E6   ,RGI_Emoji_Flag_Sequence,flag: Vatican City
ğŸ‡»ğŸ‡¨,1F1FB 1F1E8   ,RGI_Emoji_Flag_Sequence,flag: St. Vincent & Grenadines
ğŸ‡»ğŸ‡ª,1F1FB 1F1EA   ,RGI_Emoji_Flag_Sequence,flag: Venezuela
ğŸ‡»ğŸ‡¬,1F1FB 1F1EC   ,RGI_Emoji_Flag_Sequence,flag: British Virgin Islands
ğŸ‡»ğŸ‡®,1F1FB 1F1EE   ,RGI_Emoji_Flag_Sequence,flag: U.S. Virgin Islands
ğŸ‡»ğŸ‡³,1F1FB 1F1F3   ,RGI_Emoji_Flag_Sequence,flag: Vietnam
ğŸ‡»ğŸ‡º,1F1FB 1F1FA   ,RGI_Emoji_Flag_Sequence,flag: Vanuatu
ğŸ‡¼ğŸ‡«,1F1FC 1F1EB   ,RGI_Emoji_Flag_Sequence,flag: Wallis & Futuna
ğŸ‡¼ğŸ‡¸,1F1FC 1F1F8   ,RGI_Emoji_Flag_Sequence,flag: Samoa
ğŸ‡½ğŸ‡°,1F1FD 1F1F0   ,RGI_Emoji_Flag_Sequence,flag: Kosovo
ğŸ‡¾ğŸ‡ª,1F1FE 1F1EA   ,RGI_Emoji_Flag_Sequence,flag: Yemen
ğŸ‡¾ğŸ‡¹,1F1FE 1F1F9   ,RGI_Emoji_Flag_Sequence,flag: Mayotte
ğŸ‡¿ğŸ‡¦,1F1FF 1F1E6   ,RGI_Emoji_Flag_Sequence,flag: South Africa
ğŸ‡¿ğŸ‡²,1F1FF 1F1F2   ,RGI_Emoji_Flag_Sequence,flag: Zambia
ğŸ‡¿ğŸ‡¼,1F1FF 1F1FC   ,RGI_Emoji_Flag_Sequence,flag: Zimbabwe
ğŸ´ó §ó ¢ó ¥ó ®ó §ó ¿,1F3F4 E0067 E0062 E0065 E006E E0067 E007F,RGI_Emoji_Tag_Sequence,flag: England
ğŸ´ó §ó ¢ó ³ó £ó ´ó ¿,1F3F4 E0067 E0062 E0073 E0063 E0074 E007F,RGI_Emoji_Tag_Sequence,flag: Scotland
ğŸ´ó §ó ¢ó ·ó ¬ó ³ó ¿,1F3F4 E0067 E0062 E0077 E006C E0073 E007F,RGI_Emoji_Tag_Sequence,flag: Wales
â˜ğŸ»,261D 1F3FB    ,RGI_Emoji_Modifier_Sequence,index pointing up: light skin tone
â˜ğŸ¼,261D 1F3FC    ,RGI_Emoji_Modifier_Sequence,index pointing up: medium-light skin tone
â˜ğŸ½,261D 1F3FD    ,RGI_Emoji_Modifier_Sequence,index pointing up: medium skin tone
â˜ğŸ¾,261D 1F3FE    ,RGI_Emoji_Modifier_Sequence,index pointing up: medium-dark skin tone
â˜ğŸ¿,261D 1F3FF    ,RGI_Emoji_Modifier_Sequence,index pointing up: dark skin tone
â›¹ğŸ»,26F9 1F3FB    ,RGI_Emoji_Modifier_Sequence,person bouncing ball: light skin tone
â›¹ğŸ¼,26F9 1F3FC    ,RGI_Emoji_Modifier_Sequence,person bouncing ball: medium-light skin tone
â›¹ğŸ½,26F9 1F3FD    ,RGI_Emoji_Modifier_Sequence,person bouncing ball: medium skin tone
â›¹ğŸ¾,26F9 1F3FE    ,RGI_Emoji_Modifier_Sequence,person bouncing ball: medium-dark skin tone
â›¹ğŸ¿,26F9 1F3FF    ,RGI_Emoji_Modifier_Sequence,person bouncing ball: dark skin tone
âœŠğŸ»,270A 1F3FB    ,RGI_Emoji_Modifier_Sequence,raised fist: light skin tone
âœŠğŸ¼,270A 1F3FC    ,RGI_Emoji_Modifier_Sequence,raised fist: medium-light skin tone
âœŠğŸ½,270A 1F3FD    ,RGI_Emoji_Modifier_Sequence,raised fist: medium skin tone
âœŠğŸ¾,270A 1F3FE    ,RGI_Emoji_Modifier_Sequence,raised fist: medium-dark skin tone
âœŠğŸ¿,270A 1F3FF    ,RGI_Emoji_Modifier_Sequence,raised fist: dark skin tone
âœ‹ğŸ»,270B 1F3FB    ,RGI_Emoji_Modifier_Sequence,raised hand: light skin tone
âœ‹ğŸ¼,270B 1F3FC    ,RGI_Emoji_Modifier_Sequence,raised hand: medium-light skin tone
âœ‹ğŸ½,270B 1F3FD    ,RGI_Emoji_Modifier_Sequence,raised hand: medium skin tone
âœ‹ğŸ¾,270B 1F3FE    ,RGI_Emoji_Modifier_Sequence,raised hand: medium-dark skin tone
âœ‹ğŸ¿,270B 1F3FF    ,RGI_Emoji_Modifier_Sequence,raised hand: dark skin tone
âœŒğŸ»,270C 1F3FB    ,RGI_Emoji_Modifier_Sequence,victory hand: light skin tone
âœŒğŸ¼,270C 1F3FC    ,RGI_Emoji_Modifier_Sequence,victory hand: medium-light skin tone
âœŒğŸ½,270C 1F3FD    ,RGI_Emoji_Modifier_Sequence,victory hand: medium skin tone
âœŒğŸ¾,270C 1F3FE    ,RGI_Emoji_Modifier_Sequence,victory hand: medium-dark skin tone
âœŒğŸ¿,270C 1F3FF    ,RGI_Emoji_Modifier_Sequence,victory hand: dark skin tone
âœğŸ»,270D 1F3FB    ,RGI_Emoji_Modifier_Sequence,writing hand: light skin tone
âœğŸ¼,270D 1F3FC    ,RGI_Emoji_Modifier_Sequence,writing hand: medium-light skin tone
âœğŸ½,270D 1F3FD    ,RGI_Emoji_Modifier_Sequence,writing hand: medium skin tone
âœğŸ¾,270D 1F3FE    ,RGI_Emoji_Modifier_Sequence,writing hand: medium-dark skin tone
âœğŸ¿,270D 1F3FF    ,RGI_Emoji_Modifier_Sequence,writing hand: dark skin tone
ğŸ…ğŸ»,1F385 1F3FB   ,RGI_Emoji_Modifier_Sequence,Santa Claus: light skin tone
ğŸ…ğŸ¼,1F385 1F3FC   ,RGI_Emoji_Modifier_Sequence,Santa Claus: medium-light skin tone
ğŸ…ğŸ½,1F385 1F3FD   ,RGI_Emoji_Modifier_Sequence,Santa Claus: medium skin tone
ğŸ…ğŸ¾,1F385 1F3FE   ,RGI_Emoji_Modifier_Sequence,Santa Claus: medium-dark skin tone
ğŸ…ğŸ¿,1F385 1F3FF   ,RGI_Emoji_Modifier_Sequence,Santa Claus: dark skin tone
ğŸ‚ğŸ»,1F3C2 1F3FB   ,RGI_Emoji_Modifier_Sequence,snowboarder: light skin tone
ğŸ‚ğŸ¼,1F3C2 1F3FC   ,RGI_Emoji_Modifier_Sequence,snowboarder: medium-light skin tone
ğŸ‚ğŸ½,1F3C2 1F3FD   ,RGI_Emoji_Modifier_Sequence,snowboarder: medium skin tone
ğŸ‚ğŸ¾,1F3C2 1F3FE   ,RGI_Emoji_Modifier_Sequence,snowboarder: medium-dark skin tone
ğŸ‚ğŸ¿,1F3C2 1F3FF   ,RGI_Emoji_Modifier_Sequence,snowboarder: dark skin tone
ğŸƒğŸ»,1F3C3 1F3FB   ,RGI_Emoji_Modifier_Sequence,person running: light skin tone
ğŸƒğŸ¼,1F3C3 1F3FC   ,RGI_Emoji_Modifier_Sequence,person running: medium-light skin tone
ğŸƒğŸ½,1F3C3 1F3FD   ,RGI_Emoji_Modifier_Sequence,person running: medium skin tone
ğŸƒğŸ¾,1F3C3 1F3FE   ,RGI_Emoji_Modifier_Sequence,person running: medium-dark skin tone
ğŸƒğŸ¿,1F3C3 1F3FF   ,RGI_Emoji_Modifier_Sequence,person running: dark skin tone
ğŸ„ğŸ»,1F3C4 1F3FB   ,RGI_Emoji_Modifier_Sequence,person surfing: light skin tone
ğŸ„ğŸ¼,1F3C4 1F3FC   ,RGI_Emoji_Modifier_Sequence,person surfing: medium-light skin tone
ğŸ„ğŸ½,1F3C4 1F3FD   ,RGI_Emoji_Modifier_Sequence,person surfing: medium skin tone
ğŸ„ğŸ¾,1F3C4 1F3FE   ,RGI_Emoji_Modifier_Sequence,person surfing: medium-dark skin tone
ğŸ„ğŸ¿,1F3C4 1F3FF   ,RGI_Emoji_Modifier_Sequence,person surfing: dark skin tone
ğŸ‡ğŸ»,1F3C7 1F3FB   ,RGI_Emoji_Modifier_Sequence,horse racing: light skin tone
ğŸ‡ğŸ¼,1F3C7 1F3FC   ,RGI_Emoji_Modifier_Sequence,horse racing: medium-light skin tone
ğŸ‡ğŸ½,1F3C7 1F3FD   ,RGI_Emoji_Modifier_Sequence,horse racing: medium skin tone
ğŸ‡ğŸ¾,1F3C7 1F3FE   ,RGI_Emoji_Modifier_Sequence,horse racing: medium-dark skin tone
ğŸ‡ğŸ¿,1F3C7 1F3FF   ,RGI_Emoji_Modifier_Sequence,horse racing: dark skin tone
ğŸŠğŸ»,1F3CA 1F3FB   ,RGI_Emoji_Modifier_Sequence,person swimming: light skin tone
ğŸŠğŸ¼,1F3CA 1F3FC   ,RGI_Emoji_Modifier_Sequence,person swimming: medium-light skin tone
ğŸŠğŸ½,1F3CA 1F3FD   ,RGI_Emoji_Modifier_Sequence,person swimming: medium skin tone
ğŸŠğŸ¾,1F3CA 1F3FE   ,RGI_Emoji_Modifier_Sequence,person swimming: medium-dark skin tone
ğŸŠğŸ¿,1F3CA 1F3FF   ,RGI_Emoji_Modifier_Sequence,person swimming: dark skin tone
ğŸ‹ğŸ»,1F3CB 1F3FB   ,RGI_Emoji_Modifier_Sequence,person lifting weights: light skin tone
ğŸ‹ğŸ¼,1F3CB 1F3FC   ,RGI_Emoji_Modifier_Sequence,person lifting weights: medium-light skin tone
ğŸ‹ğŸ½,1F3CB 1F3FD   ,RGI_Emoji_Modifier_Sequence,person lifting weights: medium skin tone
ğŸ‹ğŸ¾,1F3CB 1F3FE   ,RGI_Emoji_Modifier_Sequence,person lifting weights: medium-dark skin tone
ğŸ‹ğŸ¿,1F3CB 1F3FF   ,RGI_Emoji_Modifier_Sequence,person lifting weights: dark skin tone
ğŸŒğŸ»,1F3CC 1F3FB   ,RGI_Emoji_Modifier_Sequence,person golfing: light skin tone
ğŸŒğŸ¼,1F3CC 1F3FC   ,RGI_Emoji_Modifier_Sequence,person golfing: medium-light skin tone
ğŸŒğŸ½,1F3CC 1F3FD   ,RGI_Emoji_Modifier_Sequence,person golfing: medium skin tone
ğŸŒğŸ¾,1F3CC 1F3FE   ,RGI_Emoji_Modifier_Sequence,person golfing: medium-dark skin tone
ğŸŒğŸ¿,1F3CC 1F3FF   ,RGI_Emoji_Modifier_Sequence,person golfing: dark skin tone
ğŸ‘‚ğŸ»,1F442 1F3FB   ,RGI_Emoji_Modifier_Sequence,ear: light skin tone
ğŸ‘‚ğŸ¼,1F442 1F3FC   ,RGI_Emoji_Modifier_Sequence,ear: medium-light skin tone
ğŸ‘‚ğŸ½,1F442 1F3FD   ,RGI_Emoji_Modifier_Sequence,ear: medium skin tone
ğŸ‘‚ğŸ¾,1F442 1F3FE   ,RGI_Emoji_Modifier_Sequence,ear: medium-dark skin tone
ğŸ‘‚ğŸ¿,1F442 1F3FF   ,RGI_Emoji_Modifier_Sequence,ear: dark skin tone
ğŸ‘ƒğŸ»,1F443 1F3FB   ,RGI_Emoji_Modifier_Sequence,nose: light skin tone
ğŸ‘ƒğŸ¼,1F443 1F3FC   ,RGI_Emoji_Modifier_Sequence,nose: medium-light skin tone
ğŸ‘ƒğŸ½,1F443 1F3FD   ,RGI_Emoji_Modifier_Sequence,nose: medium skin tone
ğŸ‘ƒğŸ¾,1F443 1F3FE   ,RGI_Emoji_Modifier_Sequence,nose: medium-dark skin tone
ğŸ‘ƒğŸ¿,1F443 1F3FF   ,RGI_Emoji_Modifier_Sequence,nose: dark skin tone
ğŸ‘†ğŸ»,1F446 1F3FB   ,RGI_Emoji_Modifier_Sequence,backhand index pointing up: light skin tone
ğŸ‘†ğŸ¼,1F446 1F3FC   ,RGI_Emoji_Modifier_Sequence,backhand index pointing up: medium-light skin tone
ğŸ‘†ğŸ½,1F446 1F3FD   ,RGI_Emoji_Modifier_Sequence,backhand index pointing up: medium skin tone
ğŸ‘†ğŸ¾,1F446 1F3FE   ,RGI_Emoji_Modifier_Sequence,backhand index pointing up: medium-dark skin tone
ğŸ‘†ğŸ¿,1F446 1F3FF   ,RGI_Emoji_Modifier_Sequence,backhand index pointing up: dark skin tone
ğŸ‘‡ğŸ»,1F447 1F3FB   ,RGI_Emoji_Modifier_Sequence,backhand index pointing down: light skin tone
ğŸ‘‡ğŸ¼,1F447 1F3FC   ,RGI_Emoji_Modifier_Sequence,backhand index pointing down: medium-light skin tone
ğŸ‘‡ğŸ½,1F447 1F3FD   ,RGI_Emoji_Modifier_Sequence,backhand index pointing down: medium skin tone
ğŸ‘‡ğŸ¾,1F447 1F3FE   ,RGI_Emoji_Modifier_Sequence,backhand index pointing down: medium-dark skin tone
ğŸ‘‡ğŸ¿,1F447 1F3FF   ,RGI_Emoji_Modifier_Sequence,backhand index pointing down: dark skin tone
ğŸ‘ˆğŸ»,1F448 1F3FB   ,RGI_Emoji_Modifier_Sequence,backhand index pointing left: light skin tone
ğŸ‘ˆğŸ¼,1F448 1F3FC   ,RGI_Emoji_Modifier_Sequence,backhand index pointing left: medium-light skin tone
ğŸ‘ˆğŸ½,1F448 1F3FD   ,RGI_Emoji_Modifier_Sequence,backhand index pointing left: medium skin tone
ğŸ‘ˆğŸ¾,1F448 1F3FE   ,RGI_Emoji_Modifier_Sequence,backhand index pointing left: medium-dark skin tone
ğŸ‘ˆğŸ¿,1F448 1F3FF   ,RGI_Emoji_Modifier_Sequence,backhand index pointing left: dark skin tone
ğŸ‘‰ğŸ»,1F449 1F3FB   ,RGI_Emoji_Modifier_Sequence,backhand index pointing right: light skin tone
ğŸ‘‰ğŸ¼,1F449 1F3FC   ,RGI_Emoji_Modifier_Sequence,backhand index pointing right: medium-light skin tone
ğŸ‘‰ğŸ½,1F449 1F3FD   ,RGI_Emoji_Modifier_Sequence,backhand index pointing right: medium skin tone
ğŸ‘‰ğŸ¾,1F449 1F3FE   ,RGI_Emoji_Modifier_Sequence,backhand index pointing right: medium-dark skin tone
ğŸ‘‰ğŸ¿,1F449 1F3FF   ,RGI_Emoji_Modifier_Sequence,backhand index pointing right: dark skin tone
ğŸ‘ŠğŸ»,1F44A 1F3FB   ,RGI_Emoji_Modifier_Sequence,oncoming fist: light skin tone
ğŸ‘ŠğŸ¼,1F44A 1F3FC   ,RGI_Emoji_Modifier_Sequence,oncoming fist: medium-light skin tone
ğŸ‘ŠğŸ½,1F44A 1F3FD   ,RGI_Emoji_Modifier_Sequence,oncoming fist: medium skin tone
ğŸ‘ŠğŸ¾,1F44A 1F3FE   ,RGI_Emoji_Modifier_Sequence,oncoming fist: medium-dark skin tone
ğŸ‘ŠğŸ¿,1F44A 1F3FF   ,RGI_Emoji_Modifier_Sequence,oncoming fist: dark skin tone
ğŸ‘‹ğŸ»,1F44B 1F3FB   ,RGI_Emoji_Modifier_Sequence,waving hand: light skin tone
ğŸ‘‹ğŸ¼,1F44B 1F3FC   ,RGI_Emoji_Modifier_Sequence,waving hand: medium-light skin tone
ğŸ‘‹ğŸ½,1F44B 1F3FD   ,RGI_Emoji_Modifier_Sequence,waving hand: medium skin tone
ğŸ‘‹ğŸ¾,1F44B 1F3FE   ,RGI_Emoji_Modifier_Sequence,waving hand: medium-dark skin tone
ğŸ‘‹ğŸ¿,1F44B 1F3FF   ,RGI_Emoji_Modifier_Sequence,waving hand: dark skin tone
ğŸ‘ŒğŸ»,1F44C 1F3FB   ,RGI_Emoji_Modifier_Sequence,OK hand: light skin tone
ğŸ‘ŒğŸ¼,1F44C 1F3FC   ,RGI_Emoji_Modifier_Sequence,OK hand: medium-light skin tone
ğŸ‘ŒğŸ½,1F44C 1F3FD   ,RGI_Emoji_Modifier_Sequence,OK hand: medium skin tone
ğŸ‘ŒğŸ¾,1F44C 1F3FE   ,RGI_Emoji_Modifier_Sequence,OK hand: medium-dark skin tone
ğŸ‘ŒğŸ¿,1F44C 1F3FF   ,RGI_Emoji_Modifier_Sequence,OK hand: dark skin tone
ğŸ‘ğŸ»,1F44D 1F3FB   ,RGI_Emoji_Modifier_Sequence,thumbs up: light skin tone
ğŸ‘ğŸ¼,1F44D 1F3FC   ,RGI_Emoji_Modifier_Sequence,thumbs up: medium-light skin tone
ğŸ‘ğŸ½,1F44D 1F3FD   ,RGI_Emoji_Modifier_Sequence,thumbs up: medium skin tone
ğŸ‘ğŸ¾,1F44D 1F3FE   ,RGI_Emoji_Modifier_Sequence,thumbs up: medium-dark skin tone
ğŸ‘ğŸ¿,1F44D 1F3FF   ,RGI_Emoji_Modifier_Sequence,thumbs up: dark skin tone
ğŸ‘ğŸ»,1F44E 1F3FB   ,RGI_Emoji_Modifier_Sequence,thumbs down: light skin tone
ğŸ‘ğŸ¼,1F44E 1F3FC   ,RGI_Emoji_Modifier_Sequence,thumbs down: medium-light skin tone
ğŸ‘ğŸ½,1F44E 1F3FD   ,RGI_Emoji_Modifier_Sequence,thumbs down: medium skin tone
ğŸ‘ğŸ¾,1F44E 1F3FE   ,RGI_Emoji_Modifier_Sequence,thumbs down: medium-dark skin tone
ğŸ‘ğŸ¿,1F44E 1F3FF   ,RGI_Emoji_Modifier_Sequence,thumbs down: dark skin tone
ğŸ‘ğŸ»,1F44F 1F3FB   ,RGI_Emoji_Modifier_Sequence,clapping hands: light skin tone
ğŸ‘ğŸ¼,1F44F 1F3FC   ,RGI_Emoji_Modifier_Sequence,clapping hands: medium-light skin tone
ğŸ‘ğŸ½,1F44F 1F3FD   ,RGI_Emoji_Modifier_Sequence,clapping hands: medium skin tone
ğŸ‘ğŸ¾,1F44F 1F3FE   ,RGI_Emoji_Modifier_Sequence,clapping hands: medium-dark skin tone
ğŸ‘ğŸ¿,1F44F 1F3FF   ,RGI_Emoji_Modifier_Sequence,clapping hands: dark skin tone
ğŸ‘ğŸ»,1F450 1F3FB   ,RGI_Emoji_Modifier_Sequence,open hands: light skin tone
ğŸ‘ğŸ¼,1F450 1F3FC   ,RGI_Emoji_Modifier_Sequence,open hands: medium-light skin tone
ğŸ‘ğŸ½,1F450 1F3FD   ,RGI_Emoji_Modifier_Sequence,open hands: medium skin tone
ğŸ‘ğŸ¾,1F450 1F3FE   ,RGI_Emoji_Modifier_Sequence,open hands: medium-dark skin tone
ğŸ‘ğŸ¿,1F450 1F3FF   ,RGI_Emoji_Modifier_Sequence,open hands: dark skin tone
ğŸ‘¦ğŸ»,1F466 1F3FB   ,RGI_Emoji_Modifier_Sequence,boy: light skin tone
ğŸ‘¦ğŸ¼,1F466 1F3FC   ,RGI_Emoji_Modifier_Sequence,boy: medium-light skin tone
ğŸ‘¦ğŸ½,1F466 1F3FD   ,RGI_Emoji_Modifier_Sequence,boy: medium skin tone
ğŸ‘¦ğŸ¾,1F466 1F3FE   ,RGI_Emoji_Modifier_Sequence,boy: medium-dark skin tone
ğŸ‘¦ğŸ¿,1F466 1F3FF   ,RGI_Emoji_Modifier_Sequence,boy: dark skin tone
ğŸ‘§ğŸ»,1F467 1F3FB   ,RGI_Emoji_Modifier_Sequence,girl: light skin tone
ğŸ‘§ğŸ¼,1F467 1F3FC   ,RGI_Emoji_Modifier_Sequence,girl: medium-light skin tone
ğŸ‘§ğŸ½,1F467 1F3FD   ,RGI_Emoji_Modifier_Sequence,girl: medium skin tone
ğŸ‘§ğŸ¾,1F467 1F3FE   ,RGI_Emoji_Modifier_Sequence,girl: medium-dark skin tone
ğŸ‘§ğŸ¿,1F467 1F3FF   ,RGI_Emoji_Modifier_Sequence,girl: dark skin tone
ğŸ‘¨ğŸ»,1F468 1F3FB   ,RGI_Emoji_Modifier_Sequence,man: light skin tone
ğŸ‘¨ğŸ¼,1F468 1F3FC   ,RGI_Emoji_Modifier_Sequence,man: medium-light skin tone
ğŸ‘¨ğŸ½,1F468 1F3FD   ,RGI_Emoji_Modifier_Sequence,man: medium skin tone
ğŸ‘¨ğŸ¾,1F468 1F3FE   ,RGI_Emoji_Modifier_Sequence,man: medium-dark skin tone
ğŸ‘¨ğŸ¿,1F468 1F3FF   ,RGI_Emoji_Modifier_Sequence,man: dark skin tone
ğŸ‘©ğŸ»,1F469 1F3FB   ,RGI_Emoji_Modifier_Sequence,woman: light skin tone
ğŸ‘©ğŸ¼,1F469 1F3FC   ,RGI_Emoji_Modifier_Sequence,woman: medium-light skin tone
ğŸ‘©ğŸ½,1F469 1F3FD   ,RGI_Emoji_Modifier_Sequence,woman: medium skin tone
ğŸ‘©ğŸ¾,1F469 1F3FE   ,RGI_Emoji_Modifier_Sequence,woman: medium-dark skin tone
ğŸ‘©ğŸ¿,1F469 1F3FF   ,RGI_Emoji_Modifier_Sequence,woman: dark skin tone
ğŸ‘«ğŸ»,1F46B 1F3FB   ,RGI_Emoji_Modifier_Sequence,woman and man holding hands: light skin tone
ğŸ‘«ğŸ¼,1F46B 1F3FC   ,RGI_Emoji_Modifier_Sequence,woman and man holding hands: medium-light skin tone
ğŸ‘«ğŸ½,1F46B 1F3FD   ,RGI_Emoji_Modifier_Sequence,woman and man holding hands: medium skin tone
ğŸ‘«ğŸ¾,1F46B 1F3FE   ,RGI_Emoji_Modifier_Sequence,woman and man holding hands: medium-dark skin tone
ğŸ‘«ğŸ¿,1F46B 1F3FF   ,RGI_Emoji_Modifier_Sequence,woman and man holding hands: dark skin tone
ğŸ‘¬ğŸ»,1F46C 1F3FB   ,RGI_Emoji_Modifier_Sequence,men holding hands: light skin tone
ğŸ‘¬ğŸ¼,1F46C 1F3FC   ,RGI_Emoji_Modifier_Sequence,men holding hands: medium-light skin tone
ğŸ‘¬ğŸ½,1F46C 1F3FD   ,RGI_Emoji_Modifier_Sequence,men holding hands: medium skin tone
ğŸ‘¬ğŸ¾,1F46C 1F3FE   ,RGI_Emoji_Modifier_Sequence,men holding hands: medium-dark skin tone
ğŸ‘¬ğŸ¿,1F46C 1F3FF   ,RGI_Emoji_Modifier_Sequence,men holding hands: dark skin tone
ğŸ‘­ğŸ»,1F46D 1F3FB   ,RGI_Emoji_Modifier_Sequence,women holding hands: light skin tone
ğŸ‘­ğŸ¼,1F46D 1F3FC   ,RGI_Emoji_Modifier_Sequence,women holding hands: medium-light skin tone
ğŸ‘­ğŸ½,1F46D 1F3FD   ,RGI_Emoji_Modifier_Sequence,women holding hands: medium skin tone
ğŸ‘­ğŸ¾,1F46D 1F3FE   ,RGI_Emoji_Modifier_Sequence,women holding hands: medium-dark skin tone
ğŸ‘­ğŸ¿,1F46D 1F3FF   ,RGI_Emoji_Modifier_Sequence,women holding hands: dark skin tone
ğŸ‘®ğŸ»,1F46E 1F3FB   ,RGI_Emoji_Modifier_Sequence,police officer: light skin tone
ğŸ‘®ğŸ¼,1F46E 1F3FC   ,RGI_Emoji_Modifier_Sequence,police officer: medium-light skin tone
ğŸ‘®ğŸ½,1F46E 1F3FD   ,RGI_Emoji_Modifier_Sequence,police officer: medium skin tone
ğŸ‘®ğŸ¾,1F46E 1F3FE   ,RGI_Emoji_Modifier_Sequence,police officer: medium-dark skin tone
ğŸ‘®ğŸ¿,1F46E 1F3FF   ,RGI_Emoji_Modifier_Sequence,police officer: dark skin tone
ğŸ‘°ğŸ»,1F470 1F3FB   ,RGI_Emoji_Modifier_Sequence,person with veil: light skin tone
ğŸ‘°ğŸ¼,1F470 1F3FC   ,RGI_Emoji_Modifier_Sequence,person with veil: medium-light skin tone
ğŸ‘°ğŸ½,1F470 1F3FD   ,RGI_Emoji_Modifier_Sequence,person with veil: medium skin tone
ğŸ‘°ğŸ¾,1F470 1F3FE   ,RGI_Emoji_Modifier_Sequence,person with veil: medium-dark skin tone
ğŸ‘°ğŸ¿,1F470 1F3FF   ,RGI_Emoji_Modifier_Sequence,person with veil: dark skin tone
ğŸ‘±ğŸ»,1F471 1F3FB   ,RGI_Emoji_Modifier_Sequence,"person: light skin tone, blond hair"
ğŸ‘±ğŸ¼,1F471 1F3FC   ,RGI_Emoji_Modifier_Sequence,"person: medium-light skin tone, blond hair"
ğŸ‘±ğŸ½,1F471 1F3FD   ,RGI_Emoji_Modifier_Sequence,"person: medium skin tone, blond hair"
ğŸ‘±ğŸ¾,1F471 1F3FE   ,RGI_Emoji_Modifier_Sequence,"person: medium-dark skin tone, blond hair"
ğŸ‘±ğŸ¿,1F471 1F3FF   ,RGI_Emoji_Modifier_Sequence,"person: dark skin tone, blond hair"
ğŸ‘²ğŸ»,1F472 1F3FB   ,RGI_Emoji_Modifier_Sequence,person with skullcap: light skin tone
ğŸ‘²ğŸ¼,1F472 1F3FC   ,RGI_Emoji_Modifier_Sequence,person with skullcap: medium-light skin tone
ğŸ‘²ğŸ½,1F472 1F3FD   ,RGI_Emoji_Modifier_Sequence,person with skullcap: medium skin tone
ğŸ‘²ğŸ¾,1F472 1F3FE   ,RGI_Emoji_Modifier_Sequence,person with skullcap: medium-dark skin tone
ğŸ‘²ğŸ¿,1F472 1F3FF   ,RGI_Emoji_Modifier_Sequence,person with skullcap: dark skin tone
ğŸ‘³ğŸ»,1F473 1F3FB   ,RGI_Emoji_Modifier_Sequence,person wearing turban: light skin tone
ğŸ‘³ğŸ¼,1F473 1F3FC   ,RGI_Emoji_Modifier_Sequence,person wearing turban: medium-light skin tone
ğŸ‘³ğŸ½,1F473 1F3FD   ,RGI_Emoji_Modifier_Sequence,person wearing turban: medium skin tone
ğŸ‘³ğŸ¾,1F473 1F3FE   ,RGI_Emoji_Modifier_Sequence,person wearing turban: medium-dark skin tone
ğŸ‘³ğŸ¿,1F473 1F3FF   ,RGI_Emoji_Modifier_Sequence,person wearing turban: dark skin tone
ğŸ‘´ğŸ»,1F474 1F3FB   ,RGI_Emoji_Modifier_Sequence,old man: light skin tone
ğŸ‘´ğŸ¼,1F474 1F3FC   ,RGI_Emoji_Modifier_Sequence,old man: medium-light skin tone
ğŸ‘´ğŸ½,1F474 1F3FD   ,RGI_Emoji_Modifier_Sequence,old man: medium skin tone
ğŸ‘´ğŸ¾,1F474 1F3FE   ,RGI_Emoji_Modifier_Sequence,old man: medium-dark skin tone
ğŸ‘´ğŸ¿,1F474 1F3FF   ,RGI_Emoji_Modifier_Sequence,old man: dark skin tone
ğŸ‘µğŸ»,1F475 1F3FB   ,RGI_Emoji_Modifier_Sequence,old woman: light skin tone
ğŸ‘µğŸ¼,1F475 1F3FC   ,RGI_Emoji_Modifier_Sequence,old woman: medium-light skin tone
ğŸ‘µğŸ½,1F475 1F3FD   ,RGI_Emoji_Modifier_Sequence,old woman: medium skin tone
ğŸ‘µğŸ¾,1F475 1F3FE   ,RGI_Emoji_Modifier_Sequence,old woman: medium-dark skin tone
ğŸ‘µğŸ¿,1F475 1F3FF   ,RGI_Emoji_Modifier_Sequence,old woman: dark skin tone
ğŸ‘¶ğŸ»,1F476 1F3FB   ,RGI_Emoji_Modifier_Sequence,baby: light skin tone
ğŸ‘¶ğŸ¼,1F476 1F3FC   ,RGI_Emoji_Modifier_Sequence,baby: medium-light skin tone
ğŸ‘¶ğŸ½,1F476 1F3FD   ,RGI_Emoji_Modifier_Sequence,baby: medium skin tone
ğŸ‘¶ğŸ¾,1F476 1F3FE   ,RGI_Emoji_Modifier_Sequence,baby: medium-dark skin tone
ğŸ‘¶ğŸ¿,1F476 1F3FF   ,RGI_Emoji_Modifier_Sequence,baby: dark skin tone
ğŸ‘·ğŸ»,1F477 1F3FB   ,RGI_Emoji_Modifier_Sequence,construction worker: light skin tone
ğŸ‘·ğŸ¼,1F477 1F3FC   ,RGI_Emoji_Modifier_Sequence,construction worker: medium-light skin tone
ğŸ‘·ğŸ½,1F477 1F3FD   ,RGI_Emoji_Modifier_Sequence,construction worker: medium skin tone
ğŸ‘·ğŸ¾,1F477 1F3FE   ,RGI_Emoji_Modifier_Sequence,construction worker: medium-dark skin tone
ğŸ‘·ğŸ¿,1F477 1F3FF   ,RGI_Emoji_Modifier_Sequence,construction worker: dark skin tone
ğŸ‘¸ğŸ»,1F478 1F3FB   ,RGI_Emoji_Modifier_Sequence,princess: light skin tone
ğŸ‘¸ğŸ¼,1F478 1F3FC   ,RGI_Emoji_Modifier_Sequence,princess: medium-light skin tone
ğŸ‘¸ğŸ½,1F478 1F3FD   ,RGI_Emoji_Modifier_Sequence,princess: medium skin tone
ğŸ‘¸ğŸ¾,1F478 1F3FE   ,RGI_Emoji_Modifier_Sequence,princess: medium-dark skin tone
ğŸ‘¸ğŸ¿,1F478 1F3FF   ,RGI_Emoji_Modifier_Sequence,princess: dark skin tone
ğŸ‘¼ğŸ»,1F47C 1F3FB   ,RGI_Emoji_Modifier_Sequence,baby angel: light skin tone
ğŸ‘¼ğŸ¼,1F47C 1F3FC   ,RGI_Emoji_Modifier_Sequence,baby angel: medium-light skin tone
ğŸ‘¼ğŸ½,1F47C 1F3FD   ,RGI_Emoji_Modifier_Sequence,baby angel: medium skin tone
ğŸ‘¼ğŸ¾,1F47C 1F3FE   ,RGI_Emoji_Modifier_Sequence,baby angel: medium-dark skin tone
ğŸ‘¼ğŸ¿,1F47C 1F3FF   ,RGI_Emoji_Modifier_Sequence,baby angel: dark skin tone
ğŸ’ğŸ»,1F481 1F3FB   ,RGI_Emoji_Modifier_Sequence,person tipping hand: light skin tone
ğŸ’ğŸ¼,1F481 1F3FC   ,RGI_Emoji_Modifier_Sequence,person tipping hand: medium-light skin tone
ğŸ’ğŸ½,1F481 1F3FD   ,RGI_Emoji_Modifier_Sequence,person tipping hand: medium skin tone
ğŸ’ğŸ¾,1F481 1F3FE   ,RGI_Emoji_Modifier_Sequence,person tipping hand: medium-dark skin tone
ğŸ’ğŸ¿,1F481 1F3FF   ,RGI_Emoji_Modifier_Sequence,person tipping hand: dark skin tone
ğŸ’‚ğŸ»,1F482 1F3FB   ,RGI_Emoji_Modifier_Sequence,guard: light skin tone
ğŸ’‚ğŸ¼,1F482 1F3FC   ,RGI_Emoji_Modifier_Sequence,guard: medium-light skin tone
ğŸ’‚ğŸ½,1F482 1F3FD   ,RGI_Emoji_Modifier_Sequence,guard: medium skin tone
ğŸ’‚ğŸ¾,1F482 1F3FE   ,RGI_Emoji_Modifier_Sequence,guard: medium-dark skin tone
ğŸ’‚ğŸ¿,1F482 1F3FF   ,RGI_Emoji_Modifier_Sequence,guard: dark skin tone
ğŸ’ƒğŸ»,1F483 1F3FB   ,RGI_Emoji_Modifier_Sequence,woman dancing: light skin tone
ğŸ’ƒğŸ¼,1F483 1F3FC   ,RGI_Emoji_Modifier_Sequence,woman dancing: medium-light skin tone
ğŸ’ƒğŸ½,1F483 1F3FD   ,RGI_Emoji_Modifier_Sequence,woman dancing: medium skin tone
ğŸ’ƒğŸ¾,1F483 1F3FE   ,RGI_Emoji_Modifier_Sequence,woman dancing: medium-dark skin tone
ğŸ’ƒğŸ¿,1F483 1F3FF   ,RGI_Emoji_Modifier_Sequence,woman dancing: dark skin tone
ğŸ’…ğŸ»,1F485 1F3FB   ,RGI_Emoji_Modifier_Sequence,nail polish: light skin tone
ğŸ’…ğŸ¼,1F485 1F3FC   ,RGI_Emoji_Modifier_Sequence,nail polish: medium-light skin tone
ğŸ’…ğŸ½,1F485 1F3FD   ,RGI_Emoji_Modifier_Sequence,nail polish: medium skin tone
ğŸ’…ğŸ¾,1F485 1F3FE   ,RGI_Emoji_Modifier_Sequence,nail polish: medium-dark skin tone
ğŸ’…ğŸ¿,1F485 1F3FF   ,RGI_Emoji_Modifier_Sequence,nail polish: dark skin tone
ğŸ’†ğŸ»,1F486 1F3FB   ,RGI_Emoji_Modifier_Sequence,person getting massage: light skin tone
ğŸ’†ğŸ¼,1F486 1F3FC   ,RGI_Emoji_Modifier_Sequence,person getting massage: medium-light skin tone
ğŸ’†ğŸ½,1F486 1F3FD   ,RGI_Emoji_Modifier_Sequence,person getting massage: medium skin tone
ğŸ’†ğŸ¾,1F486 1F3FE   ,RGI_Emoji_Modifier_Sequence,person getting massage: medium-dark skin tone
ğŸ’†ğŸ¿,1F486 1F3FF   ,RGI_Emoji_Modifier_Sequence,person getting massage: dark skin tone
ğŸ’‡ğŸ»,1F487 1F3FB   ,RGI_Emoji_Modifier_Sequence,person getting haircut: light skin tone
ğŸ’‡ğŸ¼,1F487 1F3FC   ,RGI_Emoji_Modifier_Sequence,person getting haircut: medium-light skin tone
ğŸ’‡ğŸ½,1F487 1F3FD   ,RGI_Emoji_Modifier_Sequence,person getting haircut: medium skin tone
ğŸ’‡ğŸ¾,1F487 1F3FE   ,RGI_Emoji_Modifier_Sequence,person getting haircut: medium-dark skin tone
ğŸ’‡ğŸ¿,1F487 1F3FF   ,RGI_Emoji_Modifier_Sequence,person getting haircut: dark skin tone
ğŸ’ğŸ»,1F48F 1F3FB   ,RGI_Emoji_Modifier_Sequence,kiss: light skin tone
ğŸ’ğŸ¼,1F48F 1F3FC   ,RGI_Emoji_Modifier_Sequence,kiss: medium-light skin tone
ğŸ’ğŸ½,1F48F 1F3FD   ,RGI_Emoji_Modifier_Sequence,kiss: medium skin tone
ğŸ’ğŸ¾,1F48F 1F3FE   ,RGI_Emoji_Modifier_Sequence,kiss: medium-dark skin tone
ğŸ’ğŸ¿,1F48F 1F3FF   ,RGI_Emoji_Modifier_Sequence,kiss: dark skin tone
ğŸ’‘ğŸ»,1F491 1F3FB   ,RGI_Emoji_Modifier_Sequence,couple with heart: light skin tone
ğŸ’‘ğŸ¼,1F491 1F3FC   ,RGI_Emoji_Modifier_Sequence,couple with heart: medium-light skin tone
ğŸ’‘ğŸ½,1F491 1F3FD   ,RGI_Emoji_Modifier_Sequence,couple with heart: medium skin tone
ğŸ’‘ğŸ¾,1F491 1F3FE   ,RGI_Emoji_Modifier_Sequence,couple with heart: medium-dark skin tone
ğŸ’‘ğŸ¿,1F491 1F3FF   ,RGI_Emoji_Modifier_Sequence,couple with heart: dark skin tone
ğŸ’ªğŸ»,1F4AA 1F3FB   ,RGI_Emoji_Modifier_Sequence,flexed biceps: light skin tone
ğŸ’ªğŸ¼,1F4AA 1F3FC   ,RGI_Emoji_Modifier_Sequence,flexed biceps: medium-light skin tone
ğŸ’ªğŸ½,1F4AA 1F3FD   ,RGI_Emoji_Modifier_Sequence,flexed biceps: medium skin tone
ğŸ’ªğŸ¾,1F4AA 1F3FE   ,RGI_Emoji_Modifier_Sequence,flexed biceps: medium-dark skin tone
ğŸ’ªğŸ¿,1F4AA 1F3FF   ,RGI_Emoji_Modifier_Sequence,flexed biceps: dark skin tone
ğŸ•´ğŸ»,1F574 1F3FB   ,RGI_Emoji_Modifier_Sequence,person in suit levitating: light skin tone
ğŸ•´ğŸ¼,1F574 1F3FC   ,RGI_Emoji_Modifier_Sequence,person in suit levitating: medium-light skin tone
ğŸ•´ğŸ½,1F574 1F3FD   ,RGI_Emoji_Modifier_Sequence,person in suit levitating: medium skin tone
ğŸ•´ğŸ¾,1F574 1F3FE   ,RGI_Emoji_Modifier_Sequence,person in suit levitating: medium-dark skin tone
ğŸ•´ğŸ¿,1F574 1F3FF   ,RGI_Emoji_Modifier_Sequence,person in suit levitating: dark skin tone
ğŸ•µğŸ»,1F575 1F3FB   ,RGI_Emoji_Modifier_Sequence,detective: light skin tone
ğŸ•µğŸ¼,1F575 1F3FC   ,RGI_Emoji_Modifier_Sequence,detective: medium-light skin tone
ğŸ•µğŸ½,1F575 1F3FD   ,RGI_Emoji_Modifier_Sequence,detective: medium skin tone
ğŸ•µğŸ¾,1F575 1F3FE   ,RGI_Emoji_Modifier_Sequence,detective: medium-dark skin tone
ğŸ•µğŸ¿,1F575 1F3FF   ,RGI_Emoji_Modifier_Sequence,detective: dark skin tone
ğŸ•ºğŸ»,1F57A 1F3FB   ,RGI_Emoji_Modifier_Sequence,man dancing: light skin tone
ğŸ•ºğŸ¼,1F57A 1F3FC   ,RGI_Emoji_Modifier_Sequence,man dancing: medium-light skin tone
ğŸ•ºğŸ½,1F57A 1F3FD   ,RGI_Emoji_Modifier_Sequence,man dancing: medium skin tone
ğŸ•ºğŸ¾,1F57A 1F3FE   ,RGI_Emoji_Modifier_Sequence,man dancing: medium-dark skin tone
ğŸ•ºğŸ¿,1F57A 1F3FF   ,RGI_Emoji_Modifier_Sequence,man dancing: dark skin tone
ğŸ–ğŸ»,1F590 1F3FB   ,RGI_Emoji_Modifier_Sequence,hand with fingers splayed: light skin tone
ğŸ–ğŸ¼,1F590 1F3FC   ,RGI_Emoji_Modifier_Sequence,hand with fingers splayed: medium-light skin tone
ğŸ–ğŸ½,1F590 1F3FD   ,RGI_Emoji_Modifier_Sequence,hand with fingers splayed: medium skin tone
ğŸ–ğŸ¾,1F590 1F3FE   ,RGI_Emoji_Modifier_Sequence,hand with fingers splayed: medium-dark skin tone
ğŸ–ğŸ¿,1F590 1F3FF   ,RGI_Emoji_Modifier_Sequence,hand with fingers splayed: dark skin tone
ğŸ–•ğŸ»,1F595 1F3FB   ,RGI_Emoji_Modifier_Sequence,middle finger: light skin tone
ğŸ–•ğŸ¼,1F595 1F3FC   ,RGI_Emoji_Modifier_Sequence,middle finger: medium-light skin tone
ğŸ–•ğŸ½,1F595 1F3FD   ,RGI_Emoji_Modifier_Sequence,middle finger: medium skin tone
ğŸ–•ğŸ¾,1F595 1F3FE   ,RGI_Emoji_Modifier_Sequence,middle finger: medium-dark skin tone
ğŸ–•ğŸ¿,1F595 1F3FF   ,RGI_Emoji_Modifier_Sequence,middle finger: dark skin tone
ğŸ––ğŸ»,1F596 1F3FB   ,RGI_Emoji_Modifier_Sequence,vulcan salute: light skin tone
ğŸ––ğŸ¼,1F596 1F3FC   ,RGI_Emoji_Modifier_Sequence,vulcan salute: medium-light skin tone
ğŸ––ğŸ½,1F596 1F3FD   ,RGI_Emoji_Modifier_Sequence,vulcan salute: medium skin tone
ğŸ––ğŸ¾,1F596 1F3FE   ,RGI_Emoji_Modifier_Sequence,vulcan salute: medium-dark skin tone
ğŸ––ğŸ¿,1F596 1F3FF   ,RGI_Emoji_Modifier_Sequence,vulcan salute: dark skin tone
ğŸ™…ğŸ»,1F645 1F3FB   ,RGI_Emoji_Modifier_Sequence,person gesturing NO: light skin tone
ğŸ™…ğŸ¼,1F645 1F3FC   ,RGI_Emoji_Modifier_Sequence,person gesturing NO: medium-light skin tone
ğŸ™…ğŸ½,1F645 1F3FD   ,RGI_Emoji_Modifier_Sequence,person gesturing NO: medium skin tone
ğŸ™…ğŸ¾,1F645 1F3FE   ,RGI_Emoji_Modifier_Sequence,person gesturing NO: medium-dark skin tone
ğŸ™…ğŸ¿,1F645 1F3FF   ,RGI_Emoji_Modifier_Sequence,person gesturing NO: dark skin tone
ğŸ™†ğŸ»,1F646 1F3FB   ,RGI_Emoji_Modifier_Sequence,person gesturing OK: light skin tone
ğŸ™†ğŸ¼,1F646 1F3FC   ,RGI_Emoji_Modifier_Sequence,person gesturing OK: medium-light skin tone
ğŸ™†ğŸ½,1F646 1F3FD   ,RGI_Emoji_Modifier_Sequence,person gesturing OK: medium skin tone
ğŸ™†ğŸ¾,1F646 1F3FE   ,RGI_Emoji_Modifier_Sequence,person gesturing OK: medium-dark skin tone
ğŸ™†ğŸ¿,1F646 1F3FF   ,RGI_Emoji_Modifier_Sequence,person gesturing OK: dark skin tone
ğŸ™‡ğŸ»,1F647 1F3FB   ,RGI_Emoji_Modifier_Sequence,person bowing: light skin tone
ğŸ™‡ğŸ¼,1F647 1F3FC   ,RGI_Emoji_Modifier_Sequence,person bowing: medium-light skin tone
ğŸ™‡ğŸ½,1F647 1F3FD   ,RGI_Emoji_Modifier_Sequence,person bowing: medium skin tone
ğŸ™‡ğŸ¾,1F647 1F3FE   ,RGI_Emoji_Modifier_Sequence,person bowing: medium-dark skin tone
ğŸ™‡ğŸ¿,1F647 1F3FF   ,RGI_Emoji_Modifier_Sequence,person bowing: dark skin tone
ğŸ™‹ğŸ»,1F64B 1F3FB   ,RGI_Emoji_Modifier_Sequence,person raising hand: light skin tone
ğŸ™‹ğŸ¼,1F64B 1F3FC   ,RGI_Emoji_Modifier_Sequence,person raising hand: medium-light skin tone
ğŸ™‹ğŸ½,1F64B 1F3FD   ,RGI_Emoji_Modifier_Sequence,person raising hand: medium skin tone
ğŸ™‹ğŸ¾,1F64B 1F3FE   ,RGI_Emoji_Modifier_Sequence,person raising hand: medium-dark skin tone
ğŸ™‹ğŸ¿,1F64B 1F3FF   ,RGI_Emoji_Modifier_Sequence,person raising hand: dark skin tone
ğŸ™ŒğŸ»,1F64C 1F3FB   ,RGI_Emoji_Modifier_Sequence,raising hands: light skin tone
ğŸ™ŒğŸ¼,1F64C 1F3FC   ,RGI_Emoji_Modifier_Sequence,raising hands: medium-light skin tone
ğŸ™ŒğŸ½,1F64C 1F3FD   ,RGI_Emoji_Modifier_Sequence,raising hands: medium skin tone
ğŸ™ŒğŸ¾,1F64C 1F3FE   ,RGI_Emoji_Modifier_Sequence,raising hands: medium-dark skin tone
ğŸ™ŒğŸ¿,1F64C 1F3FF   ,RGI_Emoji_Modifier_Sequence,raising hands: dark skin tone
ğŸ™ğŸ»,1F64D 1F3FB   ,RGI_Emoji_Modifier_Sequence,person frowning: light skin tone
ğŸ™ğŸ¼,1F64D 1F3FC   ,RGI_Emoji_Modifier_Sequence,person frowning: medium-light skin tone
ğŸ™ğŸ½,1F64D 1F3FD   ,RGI_Emoji_Modifier_Sequence,person frowning: medium skin tone
ğŸ™ğŸ¾,1F64D 1F3FE   ,RGI_Emoji_Modifier_Sequence,person frowning: medium-dark skin tone
ğŸ™ğŸ¿,1F64D 1F3FF   ,RGI_Emoji_Modifier_Sequence,person frowning: dark skin tone
ğŸ™ğŸ»,1F64E 1F3FB   ,RGI_Emoji_Modifier_Sequence,person pouting: light skin tone
ğŸ™ğŸ¼,1F64E 1F3FC   ,RGI_Emoji_Modifier_Sequence,person pouting: medium-light skin tone
ğŸ™ğŸ½,1F64E 1F3FD   ,RGI_Emoji_Modifier_Sequence,person pouting: medium skin tone
ğŸ™ğŸ¾,1F64E 1F3FE   ,RGI_Emoji_Modifier_Sequence,person pouting: medium-dark skin tone
ğŸ™ğŸ¿,1F64E 1F3FF   ,RGI_Emoji_Modifier_Sequence,person pouting: dark skin tone
ğŸ™ğŸ»,1F64F 1F3FB   ,RGI_Emoji_Modifier_Sequence,folded hands: light skin tone
ğŸ™ğŸ¼,1F64F 1F3FC   ,RGI_Emoji_Modifier_Sequence,folded hands: medium-light skin tone
ğŸ™ğŸ½,1F64F 1F3FD   ,RGI_Emoji_Modifier_Sequence,folded hands: medium skin tone
ğŸ™ğŸ¾,1F64F 1F3FE   ,RGI_Emoji_Modifier_Sequence,folded hands: medium-dark skin tone
ğŸ™ğŸ¿,1F64F 1F3FF   ,RGI_Emoji_Modifier_Sequence,folded hands: dark skin tone
ğŸš£ğŸ»,1F6A3 1F3FB   ,RGI_Emoji_Modifier_Sequence,person rowing boat: light skin tone
ğŸš£ğŸ¼,1F6A3 1F3FC   ,RGI_Emoji_Modifier_Sequence,person rowing boat: medium-light skin tone
ğŸš£ğŸ½,1F6A3 1F3FD   ,RGI_Emoji_Modifier_Sequence,person rowing boat: medium skin tone
ğŸš£ğŸ¾,1F6A3 1F3FE   ,RGI_Emoji_Modifier_Sequence,person rowing boat: medium-dark skin tone
ğŸš£ğŸ¿,1F6A3 1F3FF   ,RGI_Emoji_Modifier_Sequence,person rowing boat: dark skin tone
ğŸš´ğŸ»,1F6B4 1F3FB   ,RGI_Emoji_Modifier_Sequence,person biking: light skin tone
ğŸš´ğŸ¼,1F6B4 1F3FC   ,RGI_Emoji_Modifier_Sequence,person biking: medium-light skin tone
ğŸš´ğŸ½,1F6B4 1F3FD   ,RGI_Emoji_Modifier_Sequence,person biking: medium skin tone
ğŸš´ğŸ¾,1F6B4 1F3FE   ,RGI_Emoji_Modifier_Sequence,person biking: medium-dark skin tone
ğŸš´ğŸ¿,1F6B4 1F3FF   ,RGI_Emoji_Modifier_Sequence,person biking: dark skin tone
ğŸšµğŸ»,1F6B5 1F3FB   ,RGI_Emoji_Modifier_Sequence,person mountain biking: light skin tone
ğŸšµğŸ¼,1F6B5 1F3FC   ,RGI_Emoji_Modifier_Sequence,person mountain biking: medium-light skin tone
ğŸšµğŸ½,1F6B5 1F3FD   ,RGI_Emoji_Modifier_Sequence,person mountain biking: medium skin tone
ğŸšµğŸ¾,1F6B5 1F3FE   ,RGI_Emoji_Modifier_Sequence,person mountain biking: medium-dark skin tone
ğŸšµğŸ¿,1F6B5 1F3FF   ,RGI_Emoji_Modifier_Sequence,person mountain biking: dark skin tone
ğŸš¶ğŸ»,1F6B6 1F3FB   ,RGI_Emoji_Modifier_Sequence,person walking: light skin tone
ğŸš¶ğŸ¼,1F6B6 1F3FC   ,RGI_Emoji_Modifier_Sequence,person walking: medium-light skin tone
ğŸš¶ğŸ½,1F6B6 1F3FD   ,RGI_Emoji_Modifier_Sequence,person walking: medium skin tone
ğŸš¶ğŸ¾,1F6B6 1F3FE   ,RGI_Emoji_Modifier_Sequence,person walking: medium-dark skin tone
ğŸš¶ğŸ¿,1F6B6 1F3FF   ,RGI_Emoji_Modifier_Sequence,person walking: dark skin tone
ğŸ›€ğŸ»,1F6C0 1F3FB   ,RGI_Emoji_Modifier_Sequence,person taking bath: light skin tone
ğŸ›€ğŸ¼,1F6C0 1F3FC   ,RGI_Emoji_Modifier_Sequence,person taking bath: medium-light skin tone
ğŸ›€ğŸ½,1F6C0 1F3FD   ,RGI_Emoji_Modifier_Sequence,person taking bath: medium skin tone
ğŸ›€ğŸ¾,1F6C0 1F3FE   ,RGI_Emoji_Modifier_Sequence,person taking bath: medium-dark skin tone
ğŸ›€ğŸ¿,1F6C0 1F3FF   ,RGI_Emoji_Modifier_Sequence,person taking bath: dark skin tone
ğŸ›ŒğŸ»,1F6CC 1F3FB   ,RGI_Emoji_Modifier_Sequence,person in bed: light skin tone
ğŸ›ŒğŸ¼,1F6CC 1F3FC   ,RGI_Emoji_Modifier_Sequence,person in bed: medium-light skin tone
ğŸ›ŒğŸ½,1F6CC 1F3FD   ,RGI_Emoji_Modifier_Sequence,person in bed: medium skin tone
ğŸ›ŒğŸ¾,1F6CC 1F3FE   ,RGI_Emoji_Modifier_Sequence,person in bed: medium-dark skin tone
ğŸ›ŒğŸ¿,1F6CC 1F3FF   ,RGI_Emoji_Modifier_Sequence,person in bed: dark skin tone
ğŸ¤ŒğŸ»,1F90C 1F3FB   ,RGI_Emoji_Modifier_Sequence,pinched fingers: light skin tone
ğŸ¤ŒğŸ¼,1F90C 1F3FC   ,RGI_Emoji_Modifier_Sequence,pinched fingers: medium-light skin tone
ğŸ¤ŒğŸ½,1F90C 1F3FD   ,RGI_Emoji_Modifier_Sequence,pinched fingers: medium skin tone
ğŸ¤ŒğŸ¾,1F90C 1F3FE   ,RGI_Emoji_Modifier_Sequence,pinched fingers: medium-dark skin tone
ğŸ¤ŒğŸ¿,1F90C 1F3FF   ,RGI_Emoji_Modifier_Sequence,pinched fingers: dark skin tone
ğŸ¤ğŸ»,1F90F 1F3FB   ,RGI_Emoji_Modifier_Sequence,pinching hand: light skin tone
ğŸ¤ğŸ¼,1F90F 1F3FC   ,RGI_Emoji_Modifier_Sequence,pinching hand: medium-light skin tone
ğŸ¤ğŸ½,1F90F 1F3FD   ,RGI_Emoji_Modifier_Sequence,pinching hand: medium skin tone
ğŸ¤ğŸ¾,1F90F 1F3FE   ,RGI_Emoji_Modifier_Sequence,pinching hand: medium-dark skin tone
ğŸ¤ğŸ¿,1F90F 1F3FF   ,RGI_Emoji_Modifier_Sequence,pinching hand: dark skin tone
ğŸ¤˜ğŸ»,1F918 1F3FB   ,RGI_Emoji_Modifier_Sequence,sign of the horns: light skin tone
ğŸ¤˜ğŸ¼,1F918 1F3FC   ,RGI_Emoji_Modifier_Sequence,sign of the horns: medium-light skin tone
ğŸ¤˜ğŸ½,1F918 1F3FD   ,RGI_Emoji_Modifier_Sequence,sign of the horns: medium skin tone
ğŸ¤˜ğŸ¾,1F918 1F3FE   ,RGI_Emoji_Modifier_Sequence,sign of the horns: medium-dark skin tone
ğŸ¤˜ğŸ¿,1F918 1F3FF   ,RGI_Emoji_Modifier_Sequence,sign of the horns: dark skin tone
ğŸ¤™ğŸ»,1F919 1F3FB   ,RGI_Emoji_Modifier_Sequence,call me hand: light skin tone
ğŸ¤™ğŸ¼,1F919 1F3FC   ,RGI_Emoji_Modifier_Sequence,call me hand: medium-light skin tone
ğŸ¤™ğŸ½,1F919 1F3FD   ,RGI_Emoji_Modifier_Sequence,call me hand: medium skin tone
ğŸ¤™ğŸ¾,1F919 1F3FE   ,RGI_Emoji_Modifier_Sequence,call me hand: medium-dark skin tone
ğŸ¤™ğŸ¿,1F919 1F3FF   ,RGI_Emoji_Modifier_Sequence,call me hand: dark skin tone
ğŸ¤šğŸ»,1F91A 1F3FB   ,RGI_Emoji_Modifier_Sequence,raised back of hand: light skin tone
ğŸ¤šğŸ¼,1F91A 1F3FC   ,RGI_Emoji_Modifier_Sequence,raised back of hand: medium-light skin tone
ğŸ¤šğŸ½,1F91A 1F3FD   ,RGI_Emoji_Modifier_Sequence,raised back of hand: medium skin tone
ğŸ¤šğŸ¾,1F91A 1F3FE   ,RGI_Emoji_Modifier_Sequence,raised back of hand: medium-dark skin tone
ğŸ¤šğŸ¿,1F91A 1F3FF   ,RGI_Emoji_Modifier_Sequence,raised back of hand: dark skin tone
ğŸ¤›ğŸ»,1F91B 1F3FB   ,RGI_Emoji_Modifier_Sequence,left-facing fist: light skin tone
ğŸ¤›ğŸ¼,1F91B 1F3FC   ,RGI_Emoji_Modifier_Sequence,left-facing fist: medium-light skin tone
ğŸ¤›ğŸ½,1F91B 1F3FD   ,RGI_Emoji_Modifier_Sequence,left-facing fist: medium skin tone
ğŸ¤›ğŸ¾,1F91B 1F3FE   ,RGI_Emoji_Modifier_Sequence,left-facing fist: medium-dark skin tone
ğŸ¤›ğŸ¿,1F91B 1F3FF   ,RGI_Emoji_Modifier_Sequence,left-facing fist: dark skin tone
ğŸ¤œğŸ»,1F91C 1F3FB   ,RGI_Emoji_Modifier_Sequence,right-facing fist: light skin tone
ğŸ¤œğŸ¼,1F91C 1F3FC   ,RGI_Emoji_Modifier_Sequence,right-facing fist: medium-light skin tone
ğŸ¤œğŸ½,1F91C 1F3FD   ,RGI_Emoji_Modifier_Sequence,right-facing fist: medium skin tone
ğŸ¤œğŸ¾,1F91C 1F3FE   ,RGI_Emoji_Modifier_Sequence,right-facing fist: medium-dark skin tone
ğŸ¤œğŸ¿,1F91C 1F3FF   ,RGI_Emoji_Modifier_Sequence,right-facing fist: dark skin tone
ğŸ¤ğŸ»,1F91D 1F3FB   ,RGI_Emoji_Modifier_Sequence,handshake: light skin tone
ğŸ¤ğŸ¼,1F91D 1F3FC   ,RGI_Emoji_Modifier_Sequence,handshake: medium-light skin tone
ğŸ¤ğŸ½,1F91D 1F3FD   ,RGI_Emoji_Modifier_Sequence,handshake: medium skin tone
ğŸ¤ğŸ¾,1F91D 1F3FE   ,RGI_Emoji_Modifier_Sequence,handshake: medium-dark skin tone
ğŸ¤ğŸ¿,1F91D 1F3FF   ,RGI_Emoji_Modifier_Sequence,handshake: dark skin tone
ğŸ¤ğŸ»,1F91E 1F3FB   ,RGI_Emoji_Modifier_Sequence,crossed fingers: light skin tone
ğŸ¤ğŸ¼,1F91E 1F3FC   ,RGI_Emoji_Modifier_Sequence,crossed fingers: medium-light skin tone
ğŸ¤ğŸ½,1F91E 1F3FD   ,RGI_Emoji_Modifier_Sequence,crossed fingers: medium skin tone
ğŸ¤ğŸ¾,1F91E 1F3FE   ,RGI_Emoji_Modifier_Sequence,crossed fingers: medium-dark skin tone
ğŸ¤ğŸ¿,1F91E 1F3FF   ,RGI_Emoji_Modifier_Sequence,crossed fingers: dark skin tone
ğŸ¤ŸğŸ»,1F91F 1F3FB   ,RGI_Emoji_Modifier_Sequence,love-you gesture: light skin tone
ğŸ¤ŸğŸ¼,1F91F 1F3FC   ,RGI_Emoji_Modifier_Sequence,love-you gesture: medium-light skin tone
ğŸ¤ŸğŸ½,1F91F 1F3FD   ,RGI_Emoji_Modifier_Sequence,love-you gesture: medium skin tone
ğŸ¤ŸğŸ¾,1F91F 1F3FE   ,RGI_Emoji_Modifier_Sequence,love-you gesture: medium-dark skin tone
ğŸ¤ŸğŸ¿,1F91F 1F3FF   ,RGI_Emoji_Modifier_Sequence,love-you gesture: dark skin tone
ğŸ¤¦ğŸ»,1F926 1F3FB   ,RGI_Emoji_Modifier_Sequence,person facepalming: light skin tone
ğŸ¤¦ğŸ¼,1F926 1F3FC   ,RGI_Emoji_Modifier_Sequence,person facepalming: medium-light skin tone
ğŸ¤¦ğŸ½,1F926 1F3FD   ,RGI_Emoji_Modifier_Sequence,person facepalming: medium skin tone
ğŸ¤¦ğŸ¾,1F926 1F3FE   ,RGI_Emoji_Modifier_Sequence,person facepalming: medium-dark skin tone
ğŸ¤¦ğŸ¿,1F926 1F3FF   ,RGI_Emoji_Modifier_Sequence,person facepalming: dark skin tone
ğŸ¤°ğŸ»,1F930 1F3FB   ,RGI_Emoji_Modifier_Sequence,pregnant woman: light skin tone
ğŸ¤°ğŸ¼,1F930 1F3FC   ,RGI_Emoji_Modifier_Sequence,pregnant woman: medium-light skin tone
ğŸ¤°ğŸ½,1F930 1F3FD   ,RGI_Emoji_Modifier_Sequence,pregnant woman: medium skin tone
ğŸ¤°ğŸ¾,1F930 1F3FE   ,RGI_Emoji_Modifier_Sequence,pregnant woman: medium-dark skin tone
ğŸ¤°ğŸ¿,1F930 1F3FF   ,RGI_Emoji_Modifier_Sequence,pregnant woman: dark skin tone
ğŸ¤±ğŸ»,1F931 1F3FB   ,RGI_Emoji_Modifier_Sequence,breast-feeding: light skin tone
ğŸ¤±ğŸ¼,1F931 1F3FC   ,RGI_Emoji_Modifier_Sequence,breast-feeding: medium-light skin tone
ğŸ¤±ğŸ½,1F931 1F3FD   ,RGI_Emoji_Modifier_Sequence,breast-feeding: medium skin tone
ğŸ¤±ğŸ¾,1F931 1F3FE   ,RGI_Emoji_Modifier_Sequence,breast-feeding: medium-dark skin tone
ğŸ¤±ğŸ¿,1F931 1F3FF   ,RGI_Emoji_Modifier_Sequence,breast-feeding: dark skin tone
ğŸ¤²ğŸ»,1F932 1F3FB   ,RGI_Emoji_Modifier_Sequence,palms up together: light skin tone
ğŸ¤²ğŸ¼,1F932 1F3FC   ,RGI_Emoji_Modifier_Sequence,palms up together: medium-light skin tone
ğŸ¤²ğŸ½,1F932 1F3FD   ,RGI_Emoji_Modifier_Sequence,palms up together: medium skin tone
ğŸ¤²ğŸ¾,1F932 1F3FE   ,RGI_Emoji_Modifier_Sequence,palms up together: medium-dark skin tone
ğŸ¤²ğŸ¿,1F932 1F3FF   ,RGI_Emoji_Modifier_Sequence,palms up together: dark skin tone
ğŸ¤³ğŸ»,1F933 1F3FB   ,RGI_Emoji_Modifier_Sequence,selfie: light skin tone
ğŸ¤³ğŸ¼,1F933 1F3FC   ,RGI_Emoji_Modifier_Sequence,selfie: medium-light skin tone
ğŸ¤³ğŸ½,1F933 1F3FD   ,RGI_Emoji_Modifier_Sequence,selfie: medium skin tone
ğŸ¤³ğŸ¾,1F933 1F3FE   ,RGI_Emoji_Modifier_Sequence,selfie: medium-dark skin tone
ğŸ¤³ğŸ¿,1F933 1F3FF   ,RGI_Emoji_Modifier_Sequence,selfie: dark skin tone
ğŸ¤´ğŸ»,1F934 1F3FB   ,RGI_Emoji_Modifier_Sequence,prince: light skin tone
ğŸ¤´ğŸ¼,1F934 1F3FC   ,RGI_Emoji_Modifier_Sequence,prince: medium-light skin tone
ğŸ¤´ğŸ½,1F934 1F3FD   ,RGI_Emoji_Modifier_Sequence,prince: medium skin tone
ğŸ¤´ğŸ¾,1F934 1F3FE   ,RGI_Emoji_Modifier_Sequence,prince: medium-dark skin tone
ğŸ¤´ğŸ¿,1F934 1F3FF   ,RGI_Emoji_Modifier_Sequence,prince: dark skin tone
ğŸ¤µğŸ»,1F935 1F3FB   ,RGI_Emoji_Modifier_Sequence,person in tuxedo: light skin tone
ğŸ¤µğŸ¼,1F935 1F3FC   ,RGI_Emoji_Modifier_Sequence,person in tuxedo: medium-light skin tone
ğŸ¤µğŸ½,1F935 1F3FD   ,RGI_Emoji_Modifier_Sequence,person in tuxedo: medium skin tone
ğŸ¤µğŸ¾,1F935 1F3FE   ,RGI_Emoji_Modifier_Sequence,person in tuxedo: medium-dark skin tone
ğŸ¤µğŸ¿,1F935 1F3FF   ,RGI_Emoji_Modifier_Sequence,person in tuxedo: dark skin tone
ğŸ¤¶ğŸ»,1F936 1F3FB   ,RGI_Emoji_Modifier_Sequence,Mrs. Claus: light skin tone
ğŸ¤¶ğŸ¼,1F936 1F3FC   ,RGI_Emoji_Modifier_Sequence,Mrs. Claus: medium-light skin tone
ğŸ¤¶ğŸ½,1F936 1F3FD   ,RGI_Emoji_Modifier_Sequence,Mrs. Claus: medium skin tone
ğŸ¤¶ğŸ¾,1F936 1F3FE   ,RGI_Emoji_Modifier_Sequence,Mrs. Claus: medium-dark skin tone
ğŸ¤¶ğŸ¿,1F936 1F3FF   ,RGI_Emoji_Modifier_Sequence,Mrs. Claus: dark skin tone
ğŸ¤·ğŸ»,1F937 1F3FB   ,RGI_Emoji_Modifier_Sequence,person shrugging: light skin tone
ğŸ¤·ğŸ¼,1F937 1F3FC   ,RGI_Emoji_Modifier_Sequence,person shrugging: medium-light skin tone
ğŸ¤·ğŸ½,1F937 1F3FD   ,RGI_Emoji_Modifier_Sequence,person shrugging: medium skin tone
ğŸ¤·ğŸ¾,1F937 1F3FE   ,RGI_Emoji_Modifier_Sequence,person shrugging: medium-dark skin tone
ğŸ¤·ğŸ¿,1F937 1F3FF   ,RGI_Emoji_Modifier_Sequence,person shrugging: dark skin tone
ğŸ¤¸ğŸ»,1F938 1F3FB   ,RGI_Emoji_Modifier_Sequence,person cartwheeling: light skin tone
ğŸ¤¸ğŸ¼,1F938 1F3FC   ,RGI_Emoji_Modifier_Sequence,person cartwheeling: medium-light skin tone
ğŸ¤¸ğŸ½,1F938 1F3FD   ,RGI_Emoji_Modifier_Sequence,person cartwheeling: medium skin tone
ğŸ¤¸ğŸ¾,1F938 1F3FE   ,RGI_Emoji_Modifier_Sequence,person cartwheeling: medium-dark skin tone
ğŸ¤¸ğŸ¿,1F938 1F3FF   ,RGI_Emoji_Modifier_Sequence,person cartwheeling: dark skin tone
ğŸ¤¹ğŸ»,1F939 1F3FB   ,RGI_Emoji_Modifier_Sequence,person juggling: light skin tone
ğŸ¤¹ğŸ¼,1F939 1F3FC   ,RGI_Emoji_Modifier_Sequence,person juggling: medium-light skin tone
ğŸ¤¹ğŸ½,1F939 1F3FD   ,RGI_Emoji_Modifier_Sequence,person juggling: medium skin tone
ğŸ¤¹ğŸ¾,1F939 1F3FE   ,RGI_Emoji_Modifier_Sequence,person juggling: medium-dark skin tone
ğŸ¤¹ğŸ¿,1F939 1F3FF   ,RGI_Emoji_Modifier_Sequence,person juggling: dark skin tone
ğŸ¤½ğŸ»,1F93D 1F3FB   ,RGI_Emoji_Modifier_Sequence,person playing water polo: light skin tone
ğŸ¤½ğŸ¼,1F93D 1F3FC   ,RGI_Emoji_Modifier_Sequence,person playing water polo: medium-light skin tone
ğŸ¤½ğŸ½,1F93D 1F3FD   ,RGI_Emoji_Modifier_Sequence,person playing water polo: medium skin tone
ğŸ¤½ğŸ¾,1F93D 1F3FE   ,RGI_Emoji_Modifier_Sequence,person playing water polo: medium-dark skin tone
ğŸ¤½ğŸ¿,1F93D 1F3FF   ,RGI_Emoji_Modifier_Sequence,person playing water polo: dark skin tone
ğŸ¤¾ğŸ»,1F93E 1F3FB   ,RGI_Emoji_Modifier_Sequence,person playing handball: light skin tone
ğŸ¤¾ğŸ¼,1F93E 1F3FC   ,RGI_Emoji_Modifier_Sequence,person playing handball: medium-light skin tone
ğŸ¤¾ğŸ½,1F93E 1F3FD   ,RGI_Emoji_Modifier_Sequence,person playing handball: medium skin tone
ğŸ¤¾ğŸ¾,1F93E 1F3FE   ,RGI_Emoji_Modifier_Sequence,person playing handball: medium-dark skin tone
ğŸ¤¾ğŸ¿,1F93E 1F3FF   ,RGI_Emoji_Modifier_Sequence,person playing handball: dark skin tone
ğŸ¥·ğŸ»,1F977 1F3FB   ,RGI_Emoji_Modifier_Sequence,ninja: light skin tone
ğŸ¥·ğŸ¼,1F977 1F3FC   ,RGI_Emoji_Modifier_Sequence,ninja: medium-light skin tone
ğŸ¥·ğŸ½,1F977 1F3FD   ,RGI_Emoji_Modifier_Sequence,ninja: medium skin tone
ğŸ¥·ğŸ¾,1F977 1F3FE   ,RGI_Emoji_Modifier_Sequence,ninja: medium-dark skin tone
ğŸ¥·ğŸ¿,1F977 1F3FF   ,RGI_Emoji_Modifier_Sequence,ninja: dark skin tone
ğŸ¦µğŸ»,1F9B5 1F3FB   ,RGI_Emoji_Modifier_Sequence,leg: light skin tone
ğŸ¦µğŸ¼,1F9B5 1F3FC   ,RGI_Emoji_Modifier_Sequence,leg: medium-light skin tone
ğŸ¦µğŸ½,1F9B5 1F3FD   ,RGI_Emoji_Modifier_Sequence,leg: medium skin tone
ğŸ¦µğŸ¾,1F9B5 1F3FE   ,RGI_Emoji_Modifier_Sequence,leg: medium-dark skin tone
ğŸ¦µğŸ¿,1F9B5 1F3FF   ,RGI_Emoji_Modifier_Sequence,leg: dark skin tone
ğŸ¦¶ğŸ»,1F9B6 1F3FB   ,RGI_Emoji_Modifier_Sequence,foot: light skin tone
ğŸ¦¶ğŸ¼,1F9B6 1F3FC   ,RGI_Emoji_Modifier_Sequence,foot: medium-light skin tone
ğŸ¦¶ğŸ½,1F9B6 1F3FD   ,RGI_Emoji_Modifier_Sequence,foot: medium skin tone
ğŸ¦¶ğŸ¾,1F9B6 1F3FE   ,RGI_Emoji_Modifier_Sequence,foot: medium-dark skin tone
ğŸ¦¶ğŸ¿,1F9B6 1F3FF   ,RGI_Emoji_Modifier_Sequence,foot: dark skin tone
ğŸ¦¸ğŸ»,1F9B8 1F3FB   ,RGI_Emoji_Modifier_Sequence,superhero: light skin tone
ğŸ¦¸ğŸ¼,1F9B8 1F3FC   ,RGI_Emoji_Modifier_Sequence,superhero: medium-light skin tone
ğŸ¦¸ğŸ½,1F9B8 1F3FD   ,RGI_Emoji_Modifier_Sequence,superhero: medium skin tone
ğŸ¦¸ğŸ¾,1F9B8 1F3FE   ,RGI_Emoji_Modifier_Sequence,superhero: medium-dark skin tone
ğŸ¦¸ğŸ¿,1F9B8 1F3FF   ,RGI_Emoji_Modifier_Sequence,superhero: dark skin tone
ğŸ¦¹ğŸ»,1F9B9 1F3FB   ,RGI_Emoji_Modifier_Sequence,supervillain: light skin tone
ğŸ¦¹ğŸ¼,1F9B9 1F3FC   ,RGI_Emoji_Modifier_Sequence,supervillain: medium-light skin tone
ğŸ¦¹ğŸ½,1F9B9 1F3FD   ,RGI_Emoji_Modifier_Sequence,supervillain: medium skin tone
ğŸ¦¹ğŸ¾,1F9B9 1F3FE   ,RGI_Emoji_Modifier_Sequence,supervillain: medium-dark skin tone
ğŸ¦¹ğŸ¿,1F9B9 1F3FF   ,RGI_Emoji_Modifier_Sequence,supervillain: dark skin tone
ğŸ¦»ğŸ»,1F9BB 1F3FB   ,RGI_Emoji_Modifier_Sequence,ear with hearing aid: light skin tone
ğŸ¦»ğŸ¼,1F9BB 1F3FC   ,RGI_Emoji_Modifier_Sequence,ear with hearing aid: medium-light skin tone
ğŸ¦»ğŸ½,1F9BB 1F3FD   ,RGI_Emoji_Modifier_Sequence,ear with hearing aid: medium skin tone
ğŸ¦»ğŸ¾,1F9BB 1F3FE   ,RGI_Emoji_Modifier_Sequence,ear with hearing aid: medium-dark skin tone
ğŸ¦»ğŸ¿,1F9BB 1F3FF   ,RGI_Emoji_Modifier_Sequence,ear with hearing aid: dark skin tone
ğŸ§ğŸ»,1F9CD 1F3FB   ,RGI_Emoji_Modifier_Sequence,person standing: light skin tone
ğŸ§ğŸ¼,1F9CD 1F3FC   ,RGI_Emoji_Modifier_Sequence,person standing: medium-light skin tone
ğŸ§ğŸ½,1F9CD 1F3FD   ,RGI_Emoji_Modifier_Sequence,person standing: medium skin tone
ğŸ§ğŸ¾,1F9CD 1F3FE   ,RGI_Emoji_Modifier_Sequence,person standing: medium-dark skin tone
ğŸ§ğŸ¿,1F9CD 1F3FF   ,RGI_Emoji_Modifier_Sequence,person standing: dark skin tone
ğŸ§ğŸ»,1F9CE 1F3FB   ,RGI_Emoji_Modifier_Sequence,person kneeling: light skin tone
ğŸ§ğŸ¼,1F9CE 1F3FC   ,RGI_Emoji_Modifier_Sequence,person kneeling: medium-light skin tone
ğŸ§ğŸ½,1F9CE 1F3FD   ,RGI_Emoji_Modifier_Sequence,person kneeling: medium skin tone
ğŸ§ğŸ¾,1F9CE 1F3FE   ,RGI_Emoji_Modifier_Sequence,person kneeling: medium-dark skin tone
ğŸ§ğŸ¿,1F9CE 1F3FF   ,RGI_Emoji_Modifier_Sequence,person kneeling: dark skin tone
ğŸ§ğŸ»,1F9CF 1F3FB   ,RGI_Emoji_Modifier_Sequence,deaf person: light skin tone
ğŸ§ğŸ¼,1F9CF 1F3FC   ,RGI_Emoji_Modifier_Sequence,deaf person: medium-light skin tone
ğŸ§ğŸ½,1F9CF 1F3FD   ,RGI_Emoji_Modifier_Sequence,deaf person: medium skin tone
ğŸ§ğŸ¾,1F9CF 1F3FE   ,RGI_Emoji_Modifier_Sequence,deaf person: medium-dark skin tone
ğŸ§ğŸ¿,1F9CF 1F3FF   ,RGI_Emoji_Modifier_Sequence,deaf person: dark skin tone
ğŸ§‘ğŸ»,1F9D1 1F3FB   ,RGI_Emoji_Modifier_Sequence,person: light skin tone
ğŸ§‘ğŸ¼,1F9D1 1F3FC   ,RGI_Emoji_Modifier_Sequence,person: medium-light skin tone
ğŸ§‘ğŸ½,1F9D1 1F3FD   ,RGI_Emoji_Modifier_Sequence,person: medium skin tone
ğŸ§‘ğŸ¾,1F9D1 1F3FE   ,RGI_Emoji_Modifier_Sequence,person: medium-dark skin tone
ğŸ§‘ğŸ¿,1F9D1 1F3FF   ,RGI_Emoji_Modifier_Sequence,person: dark skin tone
ğŸ§’ğŸ»,1F9D2 1F3FB   ,RGI_Emoji_Modifier_Sequence,child: light skin tone
ğŸ§’ğŸ¼,1F9D2 1F3FC   ,RGI_Emoji_Modifier_Sequence,child: medium-light skin tone
ğŸ§’ğŸ½,1F9D2 1F3FD   ,RGI_Emoji_Modifier_Sequence,child: medium skin tone
ğŸ§’ğŸ¾,1F9D2 1F3FE   ,RGI_Emoji_Modifier_Sequence,child: medium-dark skin tone
ğŸ§’ğŸ¿,1F9D2 1F3FF   ,RGI_Emoji_Modifier_Sequence,child: dark skin tone
ğŸ§“ğŸ»,1F9D3 1F3FB   ,RGI_Emoji_Modifier_Sequence,older person: light skin tone
ğŸ§“ğŸ¼,1F9D3 1F3FC   ,RGI_Emoji_Modifier_Sequence,older person: medium-light skin tone
ğŸ§“ğŸ½,1F9D3 1F3FD   ,RGI_Emoji_Modifier_Sequence,older person: medium skin tone
ğŸ§“ğŸ¾,1F9D3 1F3FE   ,RGI_Emoji_Modifier_Sequence,older person: medium-dark skin tone
ğŸ§“ğŸ¿,1F9D3 1F3FF   ,RGI_Emoji_Modifier_Sequence,older person: dark skin tone
ğŸ§”ğŸ»,1F9D4 1F3FB   ,RGI_Emoji_Modifier_Sequence,"person: light skin tone, beard"
ğŸ§”ğŸ¼,1F9D4 1F3FC   ,RGI_Emoji_Modifier_Sequence,"person: medium-light skin tone, beard"
ğŸ§”ğŸ½,1F9D4 1F3FD   ,RGI_Emoji_Modifier_Sequence,"person: medium skin tone, beard"
ğŸ§”ğŸ¾,1F9D4 1F3FE   ,RGI_Emoji_Modifier_Sequence,"person: medium-dark skin tone, beard"
ğŸ§”ğŸ¿,1F9D4 1F3FF   ,RGI_Emoji_Modifier_Sequence,"person: dark skin tone, beard"
ğŸ§•ğŸ»,1F9D5 1F3FB   ,RGI_Emoji_Modifier_Sequence,woman with headscarf: light skin tone
ğŸ§•ğŸ¼,1F9D5 1F3FC   ,RGI_Emoji_Modifier_Sequence,woman with headscarf: medium-light skin tone
ğŸ§•ğŸ½,1F9D5 1F3FD   ,RGI_Emoji_Modifier_Sequence,woman with headscarf: medium skin tone
ğŸ§•ğŸ¾,1F9D5 1F3FE   ,RGI_Emoji_Modifier_Sequence,woman with headscarf: medium-dark skin tone
ğŸ§•ğŸ¿,1F9D5 1F3FF   ,RGI_Emoji_Modifier_Sequence,woman with headscarf: dark skin tone
ğŸ§–ğŸ»,1F9D6 1F3FB   ,RGI_Emoji_Modifier_Sequence,person in steamy room: light skin tone
ğŸ§–ğŸ¼,1F9D6 1F3FC   ,RGI_Emoji_Modifier_Sequence,person in steamy room: medium-light skin tone
ğŸ§–ğŸ½,1F9D6 1F3FD   ,RGI_Emoji_Modifier_Sequence,person in steamy room: medium skin tone
ğŸ§–ğŸ¾,1F9D6 1F3FE   ,RGI_Emoji_Modifier_Sequence,person in steamy room: medium-dark skin tone
ğŸ§–ğŸ¿,1F9D6 1F3FF   ,RGI_Emoji_Modifier_Sequence,person in steamy room: dark skin tone
ğŸ§—ğŸ»,1F9D7 1F3FB   ,RGI_Emoji_Modifier_Sequence,person climbing: light skin tone
ğŸ§—ğŸ¼,1F9D7 1F3FC   ,RGI_Emoji_Modifier_Sequence,person climbing: medium-light skin tone
ğŸ§—ğŸ½,1F9D7 1F3FD   ,RGI_Emoji_Modifier_Sequence,person climbing: medium skin tone
ğŸ§—ğŸ¾,1F9D7 1F3FE   ,RGI_Emoji_Modifier_Sequence,person climbing: medium-dark skin tone
ğŸ§—ğŸ¿,1F9D7 1F3FF   ,RGI_Emoji_Modifier_Sequence,person climbing: dark skin tone
ğŸ§˜ğŸ»,1F9D8 1F3FB   ,RGI_Emoji_Modifier_Sequence,person in lotus position: light skin tone
ğŸ§˜ğŸ¼,1F9D8 1F3FC   ,RGI_Emoji_Modifier_Sequence,person in lotus position: medium-light skin tone
ğŸ§˜ğŸ½,1F9D8 1F3FD   ,RGI_Emoji_Modifier_Sequence,person in lotus position: medium skin tone
ğŸ§˜ğŸ¾,1F9D8 1F3FE   ,RGI_Emoji_Modifier_Sequence,person in lotus position: medium-dark skin tone
ğŸ§˜ğŸ¿,1F9D8 1F3FF   ,RGI_Emoji_Modifier_Sequence,person in lotus position: dark skin tone
ğŸ§™ğŸ»,1F9D9 1F3FB   ,RGI_Emoji_Modifier_Sequence,mage: light skin tone
ğŸ§™ğŸ¼,1F9D9 1F3FC   ,RGI_Emoji_Modifier_Sequence,mage: medium-light skin tone
ğŸ§™ğŸ½,1F9D9 1F3FD   ,RGI_Emoji_Modifier_Sequence,mage: medium skin tone
ğŸ§™ğŸ¾,1F9D9 1F3FE   ,RGI_Emoji_Modifier_Sequence,mage: medium-dark skin tone
ğŸ§™ğŸ¿,1F9D9 1F3FF   ,RGI_Emoji_Modifier_Sequence,mage: dark skin tone
ğŸ§šğŸ»,1F9DA 1F3FB   ,RGI_Emoji_Modifier_Sequence,fairy: light skin tone
ğŸ§šğŸ¼,1F9DA 1F3FC   ,RGI_Emoji_Modifier_Sequence,fairy: medium-light skin tone
ğŸ§šğŸ½,1F9DA 1F3FD   ,RGI_Emoji_Modifier_Sequence,fairy: medium skin tone
ğŸ§šğŸ¾,1F9DA 1F3FE   ,RGI_Emoji_Modifier_Sequence,fairy: medium-dark skin tone
ğŸ§šğŸ¿,1F9DA 1F3FF   ,RGI_Emoji_Modifier_Sequence,fairy: dark skin tone
ğŸ§›ğŸ»,1F9DB 1F3FB   ,RGI_Emoji_Modifier_Sequence,vampire: light skin tone
ğŸ§›ğŸ¼,1F9DB 1F3FC   ,RGI_Emoji_Modifier_Sequence,vampire: medium-light skin tone
ğŸ§›ğŸ½,1F9DB 1F3FD   ,RGI_Emoji_Modifier_Sequence,vampire: medium skin tone
ğŸ§›ğŸ¾,1F9DB 1F3FE   ,RGI_Emoji_Modifier_Sequence,vampire: medium-dark skin tone
ğŸ§›ğŸ¿,1F9DB 1F3FF   ,RGI_Emoji_Modifier_Sequence,vampire: dark skin tone
ğŸ§œğŸ»,1F9DC 1F3FB   ,RGI_Emoji_Modifier_Sequence,merperson: light skin tone
ğŸ§œğŸ¼,1F9DC 1F3FC   ,RGI_Emoji_Modifier_Sequence,merperson: medium-light skin tone
ğŸ§œğŸ½,1F9DC 1F3FD   ,RGI_Emoji_Modifier_Sequence,merperson: medium skin tone
ğŸ§œğŸ¾,1F9DC 1F3FE   ,RGI_Emoji_Modifier_Sequence,merperson: medium-dark skin tone
ğŸ§œğŸ¿,1F9DC 1F3FF   ,RGI_Emoji_Modifier_Sequence,merperson: dark skin tone
ğŸ§ğŸ»,1F9DD 1F3FB   ,RGI_Emoji_Modifier_Sequence,elf: light skin tone
ğŸ§ğŸ¼,1F9DD 1F3FC   ,RGI_Emoji_Modifier_Sequence,elf: medium-light skin tone
ğŸ§ğŸ½,1F9DD 1F3FD   ,RGI_Emoji_Modifier_Sequence,elf: medium skin tone
ğŸ§ğŸ¾,1F9DD 1F3FE   ,RGI_Emoji_Modifier_Sequence,elf: medium-dark skin tone
ğŸ§ğŸ¿,1F9DD 1F3FF   ,RGI_Emoji_Modifier_Sequence,elf: dark skin tone
ğŸ«ƒğŸ»,1FAC3 1F3FB   ,RGI_Emoji_Modifier_Sequence,pregnant man: light skin tone
ğŸ«ƒğŸ¼,1FAC3 1F3FC   ,RGI_Emoji_Modifier_Sequence,pregnant man: medium-light skin tone
ğŸ«ƒğŸ½,1FAC3 1F3FD   ,RGI_Emoji_Modifier_Sequence,pregnant man: medium skin tone
ğŸ«ƒğŸ¾,1FAC3 1F3FE   ,RGI_Emoji_Modifier_Sequence,pregnant man: medium-dark skin tone
ğŸ«ƒğŸ¿,1FAC3 1F3FF   ,RGI_Emoji_Modifier_Sequence,pregnant man: dark skin tone
ğŸ«„ğŸ»,1FAC4 1F3FB   ,RGI_Emoji_Modifier_Sequence,pregnant person: light skin tone
ğŸ«„ğŸ¼,1FAC4 1F3FC   ,RGI_Emoji_Modifier_Sequence,pregnant person: medium-light skin tone
ğŸ«„ğŸ½,1FAC4 1F3FD   ,RGI_Emoji_Modifier_Sequence,pregnant person: medium skin tone
ğŸ«„ğŸ¾,1FAC4 1F3FE   ,RGI_Emoji_Modifier_Sequence,pregnant person: medium-dark skin tone
ğŸ«„ğŸ¿,1FAC4 1F3FF   ,RGI_Emoji_Modifier_Sequence,pregnant person: dark skin tone
ğŸ«…ğŸ»,1FAC5 1F3FB   ,RGI_Emoji_Modifier_Sequence,person with crown: light skin tone
ğŸ«…ğŸ¼,1FAC5 1F3FC   ,RGI_Emoji_Modifier_Sequence,person with crown: medium-light skin tone
ğŸ«…ğŸ½,1FAC5 1F3FD   ,RGI_Emoji_Modifier_Sequence,person with crown: medium skin tone
ğŸ«…ğŸ¾,1FAC5 1F3FE   ,RGI_Emoji_Modifier_Sequence,person with crown: medium-dark skin tone
ğŸ«…ğŸ¿,1FAC5 1F3FF   ,RGI_Emoji_Modifier_Sequence,person with crown: dark skin tone
ğŸ«°ğŸ»,1FAF0 1F3FB   ,RGI_Emoji_Modifier_Sequence,hand with index finger and thumb crossed: light skin tone
ğŸ«°ğŸ¼,1FAF0 1F3FC   ,RGI_Emoji_Modifier_Sequence,hand with index finger and thumb crossed: medium-light skin tone
ğŸ«°ğŸ½,1FAF0 1F3FD   ,RGI_Emoji_Modifier_Sequence,hand with index finger and thumb crossed: medium skin tone
ğŸ«°ğŸ¾,1FAF0 1F3FE   ,RGI_Emoji_Modifier_Sequence,hand with index finger and thumb crossed: medium-dark skin tone
ğŸ«°ğŸ¿,1FAF0 1F3FF   ,RGI_Emoji_Modifier_Sequence,hand with index finger and thumb crossed: dark skin tone
ğŸ«±ğŸ»,1FAF1 1F3FB   ,RGI_Emoji_Modifier_Sequence,rightwards hand: light skin tone
ğŸ«±ğŸ¼,1FAF1 1F3FC   ,RGI_Emoji_Modifier_Sequence,rightwards hand: medium-light skin tone
ğŸ«±ğŸ½,1FAF1 1F3FD   ,RGI_Emoji_Modifier_Sequence,rightwards hand: medium skin tone
ğŸ«±ğŸ¾,1FAF1 1F3FE   ,RGI_Emoji_Modifier_Sequence,rightwards hand: medium-dark skin tone
ğŸ«±ğŸ¿,1FAF1 1F3FF   ,RGI_Emoji_Modifier_Sequence,rightwards hand: dark skin tone
ğŸ«²ğŸ»,1FAF2 1F3FB   ,RGI_Emoji_Modifier_Sequence,leftwards hand: light skin tone
ğŸ«²ğŸ¼,1FAF2 1F3FC   ,RGI_Emoji_Modifier_Sequence,leftwards hand: medium-light skin tone
ğŸ«²ğŸ½,1FAF2 1F3FD   ,RGI_Emoji_Modifier_Sequence,leftwards hand: medium skin tone
ğŸ«²ğŸ¾,1FAF2 1F3FE   ,RGI_Emoji_Modifier_Sequence,leftwards hand: medium-dark skin tone
ğŸ«²ğŸ¿,1FAF2 1F3FF   ,RGI_Emoji_Modifier_Sequence,leftwards hand: dark skin tone
ğŸ«³ğŸ»,1FAF3 1F3FB   ,RGI_Emoji_Modifier_Sequence,palm down hand: light skin tone
ğŸ«³ğŸ¼,1FAF3 1F3FC   ,RGI_Emoji_Modifier_Sequence,palm down hand: medium-light skin tone
ğŸ«³ğŸ½,1FAF3 1F3FD   ,RGI_Emoji_Modifier_Sequence,palm down hand: medium skin tone
ğŸ«³ğŸ¾,1FAF3 1F3FE   ,RGI_Emoji_Modifier_Sequence,palm down hand: medium-dark skin tone
ğŸ«³ğŸ¿,1FAF3 1F3FF   ,RGI_Emoji_Modifier_Sequence,palm down hand: dark skin tone
ğŸ«´ğŸ»,1FAF4 1F3FB   ,RGI_Emoji_Modifier_Sequence,palm up hand: light skin tone
ğŸ«´ğŸ¼,1FAF4 1F3FC   ,RGI_Emoji_Modifier_Sequence,palm up hand: medium-light skin tone
ğŸ«´ğŸ½,1FAF4 1F3FD   ,RGI_Emoji_Modifier_Sequence,palm up hand: medium skin tone
ğŸ«´ğŸ¾,1FAF4 1F3FE   ,RGI_Emoji_Modifier_Sequence,palm up hand: medium-dark skin tone
ğŸ«´ğŸ¿,1FAF4 1F3FF   ,RGI_Emoji_Modifier_Sequence,palm up hand: dark skin tone
ğŸ«µğŸ»,1FAF5 1F3FB   ,RGI_Emoji_Modifier_Sequence,index pointing at the viewer: light skin tone
ğŸ«µğŸ¼,1FAF5 1F3FC   ,RGI_Emoji_Modifier_Sequence,index pointing at the viewer: medium-light skin tone
ğŸ«µğŸ½,1FAF5 1F3FD   ,RGI_Emoji_Modifier_Sequence,index pointing at the viewer: medium skin tone
ğŸ«µğŸ¾,1FAF5 1F3FE   ,RGI_Emoji_Modifier_Sequence,index pointing at the viewer: medium-dark skin tone
ğŸ«µğŸ¿,1FAF5 1F3FF   ,RGI_Emoji_Modifier_Sequence,index pointing at the viewer: dark skin tone
ğŸ«¶ğŸ»,1FAF6 1F3FB   ,RGI_Emoji_Modifier_Sequence,heart hands: light skin tone
ğŸ«¶ğŸ¼,1FAF6 1F3FC   ,RGI_Emoji_Modifier_Sequence,heart hands: medium-light skin tone
ğŸ«¶ğŸ½,1FAF6 1F3FD   ,RGI_Emoji_Modifier_Sequence,heart hands: medium skin tone
ğŸ«¶ğŸ¾,1FAF6 1F3FE   ,RGI_Emoji_Modifier_Sequence,heart hands: medium-dark skin tone
ğŸ«¶ğŸ¿,1FAF6 1F3FF   ,RGI_Emoji_Modifier_Sequence,heart hands: dark skin tone
ğŸ«·ğŸ»,1FAF7 1F3FB   ,RGI_Emoji_Modifier_Sequence,leftwards pushing hand: light skin tone
ğŸ«·ğŸ¼,1FAF7 1F3FC   ,RGI_Emoji_Modifier_Sequence,leftwards pushing hand: medium-light skin tone
ğŸ«·ğŸ½,1FAF7 1F3FD   ,RGI_Emoji_Modifier_Sequence,leftwards pushing hand: medium skin tone
ğŸ«·ğŸ¾,1FAF7 1F3FE   ,RGI_Emoji_Modifier_Sequence,leftwards pushing hand: medium-dark skin tone
ğŸ«·ğŸ¿,1FAF7 1F3FF   ,RGI_Emoji_Modifier_Sequence,leftwards pushing hand: dark skin tone
ğŸ«¸ğŸ»,1FAF8 1F3FB   ,RGI_Emoji_Modifier_Sequence,rightwards pushing hand: light skin tone
ğŸ«¸ğŸ¼,1FAF8 1F3FC   ,RGI_Emoji_Modifier_Sequence,rightwards pushing hand: medium-light skin tone
ğŸ«¸ğŸ½,1FAF8 1F3FD   ,RGI_Emoji_Modifier_Sequence,rightwards pushing hand: medium skin tone
ğŸ«¸ğŸ¾,1FAF8 1F3FE   ,RGI_Emoji_Modifier_Sequence,rightwards pushing hand: medium-dark skin tone
ğŸ«¸ğŸ¿,1FAF8 1F3FF   ,RGI_Emoji_Modifier_Sequence,rightwards pushing hand: dark skin tone
