Review,label
—Ñ–æ—Ç–æ“ì–∞ –∞–¥–µ–º—ã –∂–µ—Ä,positive
–û—á–µ–Ω—å –∫—Ä—É—Ç–æ –Ω–æ –æ—á–µ—Ä–µ–¥—å –±–æ–ª—å—à–∞—è,positive
"–ü—Ä–∏—è—Ç–Ω–æ–µ –º–µ—Å—Ç–æ –¥–ª—è –ø—Ä–æ–≥—É–ª–æ–∫, —Å –º—É–∂–µ–º —á–∞—Å—Ç–æ –ø–æ—Å–µ—â–∞–µ–º, –Ω—Ä–∞–≤–∏—Ç—Å—è",positive
‚ù§Ô∏èüòé,positive
–ê—Ç—Ä–∏–∫—Ü–∏–æ–Ω—ã –º–æ—â–Ω—ã–µ –ø—Ä—è–º –∞–¥—Ä–µ–Ω–∞–ª–∏–ΩüòÖüî•,positive
–û—á–µ–Ω—å –∫—Ä–∞—Å–∏–≤—ã–π –ø–∞—Ä–∫ –∞—Ç—Ç—Ä–∞–∫—Ü–∏–æ–Ω–æ–≤.,positive
15.07.2024ü•πü•π‚ù§Ô∏è,positive
"–∫–ª–∞—Å—Å–Ω–æ–µ –º–µ—Å—Ç–æ, —Ü–µ–Ω—ã –∑–∞–≤—ã—à–µ–Ω–Ω—ã–µ, –Ω–æ —Ç–æ–≥–æ —Å—Ç–æ–∏—Çüíò",positive
–ú–æ–π –∫–∞–π—Ñ –¥–µ—Ç—Å—Ç–≤–∞,positive
–í–µ—Å–µ–ª–æ –ø—Ä–æ–≤–µ–ª–∏ –≤—Ä–µ–º—è —Ç—É—Ç –Ω–æ –æ—á–µ—Ä–µ–¥–∏ –Ω–∞ –∫–∞—Ä—É—Å–µ–ª–∏ –∏ —Ç.–¥ –ø—Ä–æ—Å—Ç–æ –≤—Å–µ –ø–æ—Ä—Ç—è—Ç,positive
"–û—Ñ–∏–≥–µ–Ω–Ω–æ–µ –º–µ—Å—Ç–æ, –µ–∑–¥–∏–ª–∏ –ª–µ—Ç–æ–º –≤—Å–µ–º –æ—á–µ–Ω—å –ø–æ–Ω—Ä–∞–≤–∏–ª–æ—Å—å",positive
–°–∞–º—ã–π –∫–ª—ë–≤—ã–π –ø–∞—Ä–∫‚ú®Ô∏èüéà,positive
—á–∏–∫–∏ —á–∏–∫–∏ –±—É–º–±–∞—èüòã,positive
–ú–µ—Å—Ç–æ —Ç–æ–ø—á–∏–∫ üòÉü§üüèª,positive
"–ü–∞—Ä–∫ —Ö–æ—Ä–æ—à–∏–π, –Ω–æ —Ü–µ–Ω—ã —Å–ª–∏—à–∫–æ–º –∑–∞–≤—ã—à–µ–Ω–Ω—ã–µ.",neutral
–ª—É—á—à–∏–π –ø–∞—Ä–∫ –∞—Ç—Ç—Ä–∞–∫—Ü–∏–æ–Ω–æ–≤,positive
"–í—Å—è —Å–µ–º—å—è –≤ –≤–æ—Å—Ç–æ—Ä–≥–µ, –∑–∞ —Ö–æ—Ä–æ—à–∏–º –Ω–∞—Å—Ç—Ä–æ–µ–Ω–∏–µ–º —Ç–æ —Ç–æ–ª—å–∫–æ —Å—é–¥–∞",positive
,positive
"–û—á–µ–Ω—å –∫–ª–∞—Å—Å–Ω—ã–π –ø–∞—Ä–∫,–Ω–æ —Ü–µ–Ω—ã—ã..",positive
Tvare —á–æ —Ç–∞–∫ –¥–æ—Ä–æ–≥–æ –∞ —Ç–∞–∫ —Ç–∞–º –≤—Å–µ —Ç–æ–ø,positive
–•–∑ –Ω–µ –æ—á –æ—Ü–µ–Ω–∫—É —ç—Ç–∏—Ö –º–∞–ª—å—á–∏–∫–æ–≤ –¥–∞–¥–∞ —Ñ–æ—Ç–æ —Ç–µ—Å—Ç–∞ –∏ –æ–¥–Ω–æ–ø–∞–ª –æ–∂–∏–¥–∞–ª –æ–¥–µ–∂–¥ –ª,negative
,positive
–õ—É—á—à–∏–π –ø–∞—Ä–∫,positive
–ê–¢–¢–†–ê–ö–¶–ò–û–ù–´ –°–ê–ú–´–ô –õ–£–ß–®–ò–ô,positive
–ö–∞–π—Ñ –∫–∞–π—Ñ –æ–±–æ–∂–∞—é,positive
–í—Å–µ –¥–æ—Ä–æ–≥–æ,neutral
"–ö–ª–∞—Å—Å–Ω–æ, —á—Ç–æ–±—ã —Ö–æ—Ä–æ—à–æ –ø—Ä–æ–≤–µ—Å—Ç–∏ –≤—Ä–µ–º—è —Å –¥—Ä—É–∑—å—è–º–∏ üòç",positive
,positive
–£–∞“õ—ã—Ç—Ç—ã “õ—ã–∑—ã“õ—Ç—ã ”©—Ç–∫—ñ–∑—É–≥–µ —Ç–∞–ø—Ç—ã—Ä–º–∞—Å –∂–µ—Ä.–ê–ª–∞–π–¥–∞ –∞—É–∞-—Ä–∞–π—ã–Ω–∞ –±–∞–π–ª–∞–Ω—ã—Å—Ç—ã –∞“õ—à–∞–º—ã–∑ –∫“Ø–π—ñ–ø –∫–µ—Ç–∫–µ–Ω—ñ –±–æ–ª–º–∞—Å–∞ü´†,negative
–í—Å–µ –∏–º–±–∞ –≤–∞—â–µ–µ,positive
–µ–¥–∞ –Ω–µ –∫–∞–π—Ñ –¥–∞ –∏ –¥–æ—Ä–æ–≥–æ —Å –∫–∞–∂–¥—ã–º –≥–æ–¥–æ–º,neutral
–∫–ª–∞—Å—Å–Ω—ã–µ –∞—Ç—Ç—Ä–∞–∫—Ü–∏–æ–Ω—ãüòç,positive
–∞—Ç—Ç—Ä–∞–∫—Ü–∏–æ–Ω–æ–≤ –º–Ω–æ–≥–æ –∏ —Ç–∞–∫–∏–µ –∏–Ω—Ç–µ—Ä–µ—Å–Ω—ã–µ üôèüôè,positive
,neutral
,negative
,positive
,positive
"–ù—É, –∏ —Ü–µ–Ω—ã –Ω–∞ –±–∏–ª–µ—Ç‚Ä¶
–í–Ω—É—Ç—Ä–∏ –Ω–µ—Ç –Ω–æ–≤—ã—Ö –∞—Ç—Ç—Ä–∞–∫—Ü–∏–æ–Ω–æ–≤, –∞ –∑–∞ —á—Ç–æ –ø–ª–∞—Ç–∏–º —Ç–∞?",neutral
"–ê—Ç—Ä–∞–∫—Ü–∏–æ–Ω—ã –ø—Ä–∏–∫–æ–ª—å–Ω—ã–µ –Ω–æ –∏–Ω—Ç–µ—Ä–µ—Å–Ω—ã—Ö –º–∞–ª–æ –∏ —É–∂–µ –¥–∞–≤–Ω–æ —Å—Ç–∞—Ä—ã–µ, –∞ –µ—â–µ –∏–Ω–æ–≥–¥–∞ –Ω–µ —Ä–∞–±–æ—Ç–∞—é—Ç –Ω–µ–∫–æ—Ç–æ—Ä—ã–µ –∞—Ç—Ç—Ä–∞–∫—Ü–∏–æ–Ω—ã",positive
–Ø –ü–û–°–õ–ï –†–û–ú–ê–®–ö–ò –û–ë–†–´–ì–ê–õ–ê–°–¨ –∞ —Ç–∞–∫ –ª—é–±–ª—é —Ñ–µ–Ω—Ç–∞–∑–∏,positive
üëèüëè–∫–ª–∞—Å—Å–Ω—ã–π –ø–∞—Ä–∫,positive
"–ê—Ç—Ç—Ä–∞–∫—Ü–∏–æ–Ω—ã –∫–ª–∞—Å—Å–Ω—ã–µ , –æ—á–µ—Ä–µ–¥—å –æ–≥—Ä–æ–º–Ω–∞—è –∏ –≤ –º–µ–¥–ø—É–Ω–∫—Ç–µ –≤–º–µ—Å—Ç–æ —Ç–æ–≥–æ —á—Ç–æ–±—ã –¥–∞—Ç—å —Ç–∞–±–ª–µ—Ç–∫–∏ –æ—Ç —Ç–æ—à–Ω–æ—Ç—ã –¥–∞–ª–∏ –Ω–∞—à–∞—Ç—ã—Ä—å!",positive
–ü–æ–∫–∞—Ç–∞–ª–∏—Å—å –Ω–∞ –≤—Å–µ–º —á—Ç–æ –º–æ–∂–Ω–æ –±—ã–ª–æ! –ö—Ä–∞—Å–∏–≤–æ –∫–ª–∞—Å—Å–Ω–æ –≤–µ—Å–µ–ª–æ –ø—Ä–æ–≤–µ–ª–∏ –≤—Ä–µ–º—è –∏ –æ—Å–æ–±–µ–Ω–Ω–æ –ø–æ–Ω—Ä–∞–≤–∏–ª–æ—Å—å –º–∞—à–∏–Ω–∫–∏ –∏ –ø–∞—Ä–æ–≤–æ–∑–∏–∫ –∏ –∫–æ–ª–µ—Å–æ –æ–±–æ–∑—Ä–µ–Ω–∏—è,positive
–ú–Ω–µ –æ—á–µ–Ω—å –ø–æ–Ω—Ä–∞–≤–∏–ª–æ—Å—å –∏ –¥–µ—Ç–∫–∞–º –ø–æ–∫–∞—Ç–∞–ª–∏—Å—å –≤–µ–∑–¥–µ –æ—á–µ–Ω—å —Ö–æ—Ä–æ—à–æ –æ—Ç–¥–æ—Ö–Ω—É–ª–∏! –í–µ—Å–µ–ª–æ –∏ –∏–Ω—Ç–µ—Ä–µ—Å–Ω–æ –ø—Ä–æ–≤–µ–ª–∏ –≤—Ä–µ–º—è —Å —Å–µ–º—å—ë–π! –î–µ—Ç—è–º –ø–æ–Ω—Ä–∞–≤–∏—Ç—Å—è ! –ò —Ü–µ–Ω—ã —Ö–æ—Ä–æ—à–∏–µ,positive
—É—Ñ —å–∞–º –±–µ—Å–ø–ª–∞—Ç–Ω–æ –º–Ω–µ –¥–∞–ª–∏ —Å–æ –∫–∞–π—Ñ–æ–º,positive
,neutral
"–í—Å–µ –∞—Ç—Ç—Ä–∞–∫—Ü–∏–æ–Ω—ã —Å—Ç–∞—Ä—ã–µ, –æ—á–µ–Ω—å –æ–ø–∞—Å–Ω–æ ‚õîÔ∏è",neutral
–Ω–µ–≥—ã–∑—ã –∫–∞–π—Ñ –∞–∫—à–∞–Ω –±–æ–ª—Å–∞ –±–∏—Ä–∞–∫ –æ—á–µ—Ä–µ–¥—å 1 –≥–∞—Å—ã—Ä –∫—É—Ç–µ—Å–Ω üòî,positive
–Ø –æ–¥–∏–Ω —Ä–∞–∑ —Ç–∞–º —É–º–µ—Ä,positive
–°–∞–º—ã–π –ª—É—á—à–∏–π –ø–∞—Ä–∫ –≤ –ö–∞–∑–∞—Ö—Å—Ç–∞–Ω–µ üíì,positive
–ê–∂–∂–∂ –≤—Å–µ —Å—Ç—Ä–µ—Å—Å—ã –æ—Å—Ç–∞–≤–∏–ª–∏ –∑–¥–µ—Å—å,positive
–ù–µ–º–Ω–æ–∂–∫–æ –¥–æ—Ä–æ–≥–æ–≤–∞—Ç–æ. –°–ª–µ–≥–∫–∞ —É—Å—Ç–∞—Ä–µ–ª–∏ –∞—Ç—Ç—Ä–∞–∫—Ü–∏–æ–Ω—ã.,positive
"–ø–∏—Å–µ—Ü –Ω–∞ –æ–¥–Ω–æ–º –∞–∫—Ç—Ä–∞—Ü–∏–∞–Ω–µ —á—É—Ç—å —Å–µ—Ä–¥—Ü–µ –Ω–µ –æ—Å—Ç–∞–Ω–æ–≤–∏–ª–æ—Å—å ,—Ä–µ–±—è—Ç–∞ –æ–ø–∞—Å–Ω–æ –æ–ø–∞—Å–Ω–æ ,–Ω–æ –∫—Ä—É—Ç–æ, —è –ø–æ—Ç–æ–º –µ—â—ë 2 —Ä–∞–∑–∞ –ø–æ–∫–∞—Ç–∞–ª–∞—Å—å",positive
–∫—É—à—Ç—ã—ã –º–∞–≥–∞–Ω —É–Ω–∞–¥—ã,positive
"–ó–¥–µ—Å—å –ª–µ–≥–∫–æ –∑–∞–±—ã—Ç—å –æ –≤—Ä–µ–º–µ–Ω–∏, –Ω–∞—Å–ª–∞–∂–¥–∞—è—Å—å –≤–µ—Å–µ–ª–æ–π –∞—Ç–º–æ—Å—Ñ–µ—Ä–æ–π –∏ —è—Ä–∫–∏–º–∏ —ç–º–æ—Ü–∏—è–º–∏ ü•∞",positive
,positive
–ê–π—è —É–∂–µ –Ω–µ —Ç–∞,neutral
"–ê–Ω–∞–∫–æ–Ω–¥–∞ –ª—É—á—à–∞—è —á—Ç–æ –±—ã–ª–æ –Ω–∞ —Å–≤–µ—Ç–µ
–§–∞–Ω—Ç–∞—Å—Ç–∏—á–µ—Å–∫–∏–π –ø–∞—Ä–∫ —Å–æ–≤–µ—Ç—É—é",positive
"–õ—é–±–ª–± —ç—Ç–æ—Ç –ø–∞—Ä–∫, –Ω–æ –æ—á–µ—Ä–µ–¥—å –æ—á–µ–Ω—å –¥–ª–∏–Ω–Ω–∞—è –º–æ–∂–Ω–æ –ø—Ä–æ—Å—Ç–æ—è—Ç—å –æ—á–µ–Ω—å –¥–æ–ª–≥–æüòµ",positive
üòçüòçüòçüòçüòçüòçüòçüòçüòç –∫—É—à—Ç–∏–∏–∏ —É–Ω–∞–¥—ã —Ä–∞–∫–º–µ–µ–µ—Ç,positive
"—á—Ç–æ –ø–æ–ø–∞–ª–æ –≤–∞—Ç–∞ - —ç—Ç–æ —Å–ø–ª–æ—à–Ω–æ–π —Å–∞—Ö–∞—Ä —É –≤—Ö–æ–¥–∞ —Å–º–æ—Ç—Ä–∏—Ç—å—Å—è –∫–∞–∫ –ø—Ä–æ—Ö–æ–¥–Ω–æ–π –¥–≤–æ—Ä, —É–±–µ—Ä–∏—Ç–µ –∏—Ö!",negative
,positive
–ù–µ–º–Ω–µ “õ–∞–ª–∞–π “õ–∞–ª–∞–π –±—ñ—Ä–µ—É—ñ –∞“ì—ã–ª—à—ã–Ω—à–∞ –±—ñ—Ä–µ—É—ñ –æ—Ä—ã—Å—à–∞,positive
–ü—Ä–æ—Å—Ç–æ –∂–∞–Ω—ã–Ω–∞–Ω ”©—Ç—ñ–ø –µ–¥–º–≥–æ,positive
–ö–∞–π—Ñ —á—É–≤—Å—Ç–≤—É—é —Å—Ç—Ä–∞—à–Ω–æ –æ—Ç–ª–∏—á–Ω–æ,positive
"–†–∞–Ω—å—à–µ –æ—á–µ–Ω—å –Ω—Ä–∞–≤–∏–ª–æ—Å—å , –∏ –¥–µ—Ç—è–º –±—ã–ª–æ –≤–µ—Å–µ–ª–µ–µ . –°–µ–π—á–∞—Å —Å–æ–≤—Å–µ–º –Ω–µ —Ç–æ . –¶–µ–Ω—ã –ø–æ–≤—ã—à–∞—é—Ç—Å—è , –Ω–æ –Ω–∏—á–µ–≥–æ –Ω–µ –º–µ–Ω—è–µ—Ç—Å—è .",neutral
,positive
–∑–∏–º–æ–π –Ω–µ —Ä–∞–±–æ—Ç–∞–µ—Ç,positive
–°–æ—Ç—Ä—É–¥–Ω–∏–∫–∏ –≥—Ä—É–±—ã–µ,neutral
"–û–ë–û–ñ–ê–Æ –ú–ò–† –§–ê–ù–¢–ê–ó–ò–ô !!! –ê–¢–¢–†–ê–ö–¶–ò–û–ù–´ –õ–£–ß–®–ò–ï –¢–ê–ö –ï–©–Å –ò –≠–ö–°–¢–†–ï–ú–ê–õ–¨–ù–´–ï,–¶–ï–ù–ê –°–ü–†–ê–í–ï–î–õ–ò–í–ê–Ø. –ö–ê–†–û–ß–ï –õ–Æ–ë–õ–Æ –≠–¢–û –ú–ï–°–¢–û",positive
"–ù–æ—Ä–º, –Ω–æ –Ω–µ —Ç–æ —á—Ç–æ —Ä–∞–Ω—å—à–µ",neutral
–û—á–µ–Ω—å –∫–ª–∞—Å—Å–Ω–æ–µ –º–µ—Å—Ç–æ –º—ã —Å –±—Ä–∞—Ç–æ–º –∫–∞–∂–¥–æ–µ –ª–µ—Ç–æ —Ö–æ–¥–∏–º,positive
–ü–∞—Ä–∫ –∞—Ç—Ç—Ä–∞–∫—Ü–∏–æ–Ω–æ–≤ –¥–ª—è –≤—Å–µ—Ö üé†üé¢üé°,positive
"–í –ø—Ä–∏–ª–æ–∂–µ–Ω–∏–∏ –Ω–∞–ø–∏—Å–∞–Ω–æ —á—Ç–æ —Ä–∞–±–æ—Ç–∞–µ—Ç, —Ö–æ—Ç—è –Ω–∞ –¥–µ–ª–µ –ø–∞—Ä—É –∑–∞–∫—Ä—ã—Ç –¥–æ —Å–ª–µ–¥—É—é—â–µ–≥–æ —Å–µ–∑–æ–Ω–∞",negative
–ù–∏–≥–¥–µ –Ω–µ—Ç –∏–Ω—Ñ–æ—Ä–º–∞—Ü–∏–∏ —á—Ç–æ –ø–∞—Ä–∫ —Ä–∞–∑–≤–ª–µ—á–µ–Ω–∏–π –Ω–µ —Ä–∞–±–æ—Ç–∞–µ—Ç.,negative
"–ù–µ –æ—á, –∫–∞–∫ –Ω–µ –ø—Ä–∏–¥—É —á–∞—Å—Ç—å –∞—Ç—Ç—Ä–∞–∫—Ü–∏–æ–Ω–æ–≤ –∑–∞–∫—Ä—ã—Ç–∞",neutral
,positive
–ö—Ç–æ –∑–Ω–∞–µ—Ç –¥–æ –∫a–∫–æ–≥–æ —á–∏—Å–ª–∞ —Ä–∞–±–æ—Ç–∞–µ—Ç –ø–∞—Ä–∫? 31-–æ–∫—Ç—è–±—Ä—è –Ω–∞–ø—Ä–∏–º–µ—Ä?,positive
–õ—É—á—à–∏–π –ø–∞—Ä–∫,positive
"–û—Ç–≤—Ä–∞—Ç–∏—Ç–µ–ª—å–Ω—ã–π –ø–∞—Ä–∫! –ù–∞ –∫–∞—Å—Å–µ –≥–æ–≤–æ—Ä—è—Ç —á—Ç–æ –≤—Å–µ —Ä–∞–±–æ—Ç–∞—é—Ç , –∞ –ø–æ —Ñ–∞–∫—Ç—É 80% –∞—Ç—Ç—Ä–∞–∫—Ü–∏–æ–Ω–æ–≤ –Ω–∞ ¬´—Ç–µ—Ö–Ω–∏—á–µ—Å–∫–æ–º –ø–µ—Ä–µ—Ä—ã–≤–µ¬ª –ø–æ–∂–∏–∑–Ω–µ–Ω–Ω–æüò°",negative
–¢—É—Ç –æ—á–µ–Ω—å –∫—Ä—É—Ç–æ –∏ –≤–µ—Å–µ–ª–æ!!üî•üî•üî•üî•,positive
–ê—ç—É—ç–∞—ç–≤—ç—ç–µ—ç–∫—ç–∞–∞–≤–µ–≤–µ–∞–µ–∞–≤,positive
,neutral
–û—á–µ–Ω—å –∫–ª–∞—Å—Å–Ω–æ –∏ –æ—á–µ–Ω—å –≤–∫—É—Å–Ω–æ–æ,positive
–í—Å–µ –∫–ª–∞—Å—Å–Ω–æ !) –æ—á–µ–Ω—å –ø–æ–Ω—Ä–∞–≤–∏–ª–æ—Å—å,positive
"–°—É–ø–µ—Ä, —Ç–µ–∫ ”ô–∂–µ—Ç—Ö–∞–Ω–∞–ª–∞—Ä—ã –æ–Ω—à–∞ –µ–º–µ—Å.",positive
–í –ø–Ω —Ä–∞–±–æ—Ç–∞–µ—Ç–µ? –ö—Ç–æ –∑–Ω–∞–µ—Ç? –ò –≤ –¥–æ–∂–¥—å –Ω–∞–ø—Ä–∏–º–µ—Ä,positive
,neutral
–û—á–µ–Ω—å —Ö–æ—Ä–æ—à–æ –¥–æ–µ—Ö–∞–ª–∏ –º–∏—Ä —Ñ—ç–Ω—Ç–∞–∑–∏ –ª—É—á—à–∏–π –∫—Ä—É—Ç—ã–µ —ç–º–æ—Ü–∏–∏,positive
–∞—à–∞–ª–µ–ª–∏ —Å —Ç–∞–∫–∏–º–∏ —Ü–µ–Ω–∞–º–∏,neutral
–û—á–µ–Ω—å –∫—Ä–∞—Å–∏–≤–∞—è –º–µ—Å—Ç–æ ü•∞,positive
–∞—Ç—Ç—Ä–∞–∫—Ü–∏–æ–Ω—ã –∫–ª–∞—Å—Å–Ω—ã–µ)),positive
—É–∂–∞—Å–Ω—ã–µ –æ—á–µ—Ä–µ–¥–∏,neutral
–ö—Ä—É—Ç–æ–π –ø–∞—Ä–∫,positive
–û—á–µ–Ω—å —Ä–∞–Ω–æ –∑–∞–∫—Ä—ã–≤–∞–µ—Ç—Å—è –ø–∞—Ä–∫,negative
”ò–¥–µ–º—ã —Ä–µ—Å—Ç–æ—Ä–∞–Ω –æ–±—Å–ª—É–∂–≤–∞–Ω–∏–µ –Ω–æ–ª—å,negative
,negative
"–†–µ–±—è—Ç–∞, –æ–¥–∏–Ω –∫–æ–Ω—Ç—Ä–æ–ª—ë—Ä –¥–ª—è –¥–≤—É—Ö –∞—Ç—Ç—Ä–∞–∫—Ü–∏–æ–Ω–æ–≤, –Ω—É —Ç–∞–∫–æ–µ... —Ü–µ–Ω–∞ —Ç–∞–∫–∞—è –∂–µ, —Å–µ—Ä–≤–∏—Å –Ω–∏–∂–µ...",negative
,negative
"–ö–ª–∞—Å—Å–Ω—ã–π –ø–∞—Ä–∫ ,–æ—Ç–ª–∏—á–Ω–∞—è,—Ü–µ–Ω–∞!",positive
–º–Ω–æ–≥–æ —Å—Ç—Ä–∞—à–Ω—ã—Ö –∞—Ç—Ç—Ä–∞–∫—Ü–∏–æ–Ω–æ–≤,positive
"–î–ª—è –±–æ–ª—å—à–∏–Ω—Å—Ç–≤–∞ –∞—Ç—Ç—Ä–∞–∫—Ü–∏–æ–Ω–æ–≤ –≤ –º–∏—Ä–µ –¥–æ–ø—É—Å—Ç–∏–º—ã–π —Å—Ä–æ–∫ —Å–ª—É–∂–±—ã —Å–æ—Å—Ç–∞–≤–ª—è–µ—Ç –¥–æ 9 –ª–µ—Ç, –∞ —Ç—É—Ç –∏–º –∑–∞ 20 –ª–µ—Ç —Ç–æ—á–Ω–æ , —É–∂—Å –ø—Ä–æ—Å—Ç–æ",negative
,negative
–û—Ç–ª–∏—á–Ω—ã–π –ø–∞—Ä–∫ —Ä–∞–∑–≤–ª–µ—á–µ–Ω–∏–π.–û—á–µ–Ω—å –∏–Ω—Ç–µ—Ä–µ—Å–Ω–æ –∏ —É–≤–ª–µ–∫–∞—Ç–µ–ª—å–Ω–æ.,positive
–ü—Ä–æ—Å—Ç–æ –ø—É—à–∫–∞,positive
"–î–æ—Ä–æ–≥–æ, –≥–æ–¥ –Ω–∞–∑–∞–¥ –±—ã–ª–æ 5000",positive
,positive
–û—á–µ—Ä–µ–¥–∏ –±–æ–ª—å—à–∏–µ,positive
–°–ª–∏—à–∫–æ–º –≥—Ä—è–∑–Ω—ã–π —Ç—É–∞–ª–µ—Ç,negative
–°—É–π–π–π–π–π–π–π...,positive
—Ü–µ–Ω–∞ —Å–∏–ª—å–Ω–æ –∑–∞–≤—ã—à–µ–Ω–∞ –∫–∞–∫ –¥–ª—è –∞—Ç—Ç—Ä–∞–∫—Ü–∏–æ–Ω–æ–≤ 10-20 –ª–µ—Ç–Ω–µ–π –¥–∞–≤–Ω–æ—Å—Ç–∏,neutral
—É –∞–∂–∞—Ä–∞ —â–æ–≤–µ–ª,positive
"–î–æ—Ä–æ–≥–æ —É–∂–µ, —Ç–µ–º –±–æ–ª–µ–µ –¥–ª—è –ø–æ–≤—Ç–æ—Ä–Ω—ã—Ö –ø–æ—Å—è—â–µ–Ω–∏–π, –¥–∏–≤–∞–Ω—á–∏–∫ —Ç–∞–∫ –∏ –Ω–µ –≤–µ—Ä–Ω—É–ª–∏",positive
"–¶–µ–Ω—ã –ø–µ—Ä–µ–≤–∞–ª–∏–ª–∏ —Å–≤–æ–π –º–∞–∫—Å–∏–º—É–º , –Ω–∏—á–µ–≥–æ –≤–µ–¥—å –Ω–æ–≤–æ–≥–æ –≤ –ø–∞—Ä–∫–µ –Ω–µ—Ç , –æ—Ç–∫—É–¥–∞ —Ç–∞–∫–∞—è —Ü–µ–Ω–∞",negative
"–∞—Ç—Ç—Ä–∞–∫—Ü–∏–æ–Ω—ã —Å—Ç–∞—Ä—ã–µ, –±—É–∫–≤–∞–ª—å–Ω–æ 2-3 –∞—Ç—Ç—Ä–∞–∫—Ü–∏–æ–Ω–∞ –Ω–æ—Ä–º–∞–ª—å–Ω—ã–µ –±–æ–ª–µ–µ –º–µ–Ω–µ–µ. –û—á–µ—Ä–µ–¥—å –±–µ—à–µ–Ω–Ω–∞—è.",neutral
–ß—É—Ç—å –Ω–µ —É–º–µ—Ä,negative
"–í—Å–µ –æ—á–µ–Ω—å –¥–æ—Ä–æ–≥–æ , –∞—Ç—Ç—Ä–∞–∫—Ü–∏–æ–Ω—ã —Å—Ç–∞—Ä—ã–µ",negative
"–¶–µ–Ω—ã –∫–æ–Ω–µ—á–Ω–æ –Ω–µ–æ–ø—Ä–∞–≤–¥–∞–Ω–Ω–æ –¥–æ—Ä–æ–≥–∏–µ, –∞—Ç—Ç—Ä–∞–∫—Ü–∏–æ–Ω—ã –Ω–µ –º–µ–Ω—è—é—Ç—Å—è , –∞ —Ü–µ–Ω—ã –≤—ã—à–µ –∏ –≤—ã—à–µ. –í—Å–µ —Å—Ç–∞—Ä–æ–µ",negative
,positive
–ë—ã–ª–æ –±—ã 10–∑–≤–µ–∑–¥ –µ—Å–ª–∏ –±—ã –Ω–µ –æ—á–µ—Ä–µ–¥–∏,positive
–ü–∞—Ä–∫ –º–æ–µ–≥–æ –¥–µ—Ç—Å—Ç–≤–∞,positive
"–ê—Ç—Ä–∞–∫—Ü–∏–æ–Ω–¥–∞—Ä—ã –µ—Å–∫—ñ–ª–µ—É –¥–µ–º–µ—Å–µ“£ “õ—ã–∑—ã“õ—Ç—ã –∂–µ—Ä, –±–∞–ª–∞–ª–∞—Ä—ã–º–∞ “±–Ω–∞–¥—ã",positive
,positive
–∫–∞–∫ –±—É–¥—Ç–æ –≤ –¥–µ—Ç—Å—Ç–≤–µ –≤–µ—Ä–Ω—É–ª–∞—Å—å ü•π‚ù§Ô∏è,positive
"–í –≤—ã—Ö–æ–¥–Ω—ã–µ –æ—á–µ–Ω—å –±–æ–ª—å—à–∏–µ –æ—á–µ—Ä–µ–¥–∏,–≤ —Ü–µ–ª–æ–º –Ω–∞—Å—Ç—Ä–æ–µ–Ω–∏–µ –Ω–µ –∏—Å–ø–æ—Ä—Ç–∏–ª–∏",positive
–î–∞–≤–Ω–æ –ø–æ—Ä–∞ –∑–∞–º–µ–Ω–∏—Ç—å –∞—Ç—Ç—Ä–∞–∫—Ü–∏–æ–Ω—ã –Ω–∞ –±–æ–ª–µ–µ –Ω–æ–≤—ã–µ,neutral
"–ù–∏–∂–Ω–∏–π —Ç—É–∞–ª–µ—Ç –≤–æ —Å–∫–æ–ª—å–∫–æ –∑–∞–∫—Ä—ã–≤–∞–µ—Ç—Å—è ? 18:20 –ø—Ä–∏—à–ª–∞ , —Ç–µ—Ö–Ω–∏—á–∫–∞ –Ω–∞—Ä—É–≥–∞–ª–∞ , –¥‚Ä¶ —á—Ç–æ –ª–∏ ?",negative
,negative
–î–æ–ª–≥–æ —Å—Ç–æ—è—Ç—å –≤ –æ—á–µ—Ä–µ–¥–∏,positive
–ú–µ–Ω –µ–∫–µ—É—ñ“£ –º–µ–Ω—ñ –Ω–µ–≥–µ —à–∞“õ—ã—Ä–º–∞–π —Å—ã–Ω–¥–∞—Ä,negative
–†–∞–±–æ—Ç–∞—é—Ç –¥–æ 20:00! –í 2–≥–∏—Å –ø–∏—à—É—Ç —á—Ç–æ –¥–æ 21:00.,negative
,negative
,negative
—Å—É–ø–µ—Ä–∞ –∞–∞–∞–∞,positive
,negative
,positive
,positive
–¢—É–∫–∞ —Ñ—É—É—É üñïüèªüñïüèªüñïüèªüñïüèªüñïüèªüñïüèªüñïüèªüñïüèªüñïüèªüñïüèªüñïüèª,positive
–ë–æ–ª—å—à–∞—è –æ—á–µ—Ä–µ–¥—å. –¶–µ–Ω—ã –¥–æ—Ä–æ–≥–∏–µ.,negative
"–ö—Ä–∞—Å–∏–≤–æ, –≤–µ—Å–µ–ª–æ, –∏–Ω—Ç–µ—Ä–µ—Å–Ω–æ. –ù–∞–º —Å–Ω–æ–≤–∞ –∑–¥–µ—Å—å –ø–æ–Ω—Ä–∞–≤–∏–ª–æ—Å—å. –ù–æ —Ü–µ–Ω—ã –≤—ã—Ä–æ—Å–ª–∏, –∞ —Ä–∞–∑–≤–ª–µ—á–µ–Ω–∏—è - –Ω–µ—Ç.",positive
,positive
"—Å—Ç–æ–ª—å–∫–æ –ª—é–¥–µ–π –∫–∞–∫ –≤ —ç—Ç–æ–º —Ñ–µ–Ω—Ç–µ–∑–∏ –±–æ–ª—å—à–µ –Ω–∏–≥–¥–µ –Ω–µ –≤–∏–¥–µ–ª–∞, –æ—á–µ—Ä–µ–¥—å –∂–¥–µ—à—å –ø–æ 50 –º–∏–Ω—É—Ç",neutral
–ë–∞—Ä–º–∞“£ —Å–æ–≤–µ—Ç—é,negative
,positive
"–º–Ω–µ –ø–æ–Ω—Ä–∞–≤–∏–ª–æ—Å—å.—ç—Ç–æ –∫–ª–∞—Å—Å–Ω—ã–π –ø–∞—Ä–∫,–¥–∞ –∏ —Ü–µ–Ω—ã –Ω–æ—Ä–º(–Ω–µ –Ω–∞ –≤—Å—ë–º!!!).—Å–æ–≤–µ—Ç—É—éü§òüèºü§òüèº",positive
,neutral
"–ó–∞–ø–ª–∞—Ç–∏—Ç—å 8—Ç—ã—Å –∑–∞ —á—Ç–æ? –î–ª—è –≤–∑—Ä–æ—Å–ª—ã—Ö –ø–∞—Ä—É –∞—Ç—Ç—Ä–∞–∫—Ü–∏–æ–Ω–æ–≤ —Ç–æ–ª—å–∫–æ –µ—Å—Ç—å. –°–∫–∞–º–µ—Ä—ã –≤ –æ–±—â–µ–º , –Ω–µ —Ä–µ–∫–æ–º–µ–Ω–¥—É—é –ø–æ—Å–µ—â–∞—Ç—å —Å–∏–µ –º–µ—Å—Ç–æ",negative
,negative
,negative
,negative
,neutral
–∫—Ä—É—Ç–æ —è –±—ã–ª–∞,positive
–ï—Å—Ç—å –Ω–∞–º–∞–∑—Ö–∞–Ω–∞,positive
"–° —Å–µ–º—å–µ–π –ø—Ä–∏–º–µ—Ä–Ω–æ —Ä–∞–∑ –≤ –≥–æ–¥ –•–æ–¥–∏–º –≤ –ø–∞—Ä–∫ —Ñ—ç–Ω—Ç–∞–∑–∏, –±–µ—Ä–µ–º–µ–Ω–Ω—ã–º –≤—Ö–æ–¥ –±–µ—Å–ø–ª–∞—Ç–Ω—ã–π.",positive
–ü–æ—Ç—Ä—è—Å–∞—é—â–µ –≤–∫—É—Å–Ω–∞—è –∫–∞—Ä—Ç–æ—à–∫–∞!,positive
"–ù–µ –ø–æ–Ω—Ä–∞–≤–∏–ª–æ—Å—å) –±–µ–∑–∫–æ–Ω–µ—á–Ω—ã–µ –æ—á–µ—Ä–µ–¥—ã, –ø–µ—Ä—Å–æ–Ω–∞–ª—ã —É–∂–∞—Å–Ω—ã–µ, —Ü–µ–Ω—ã —É–±–∏—Ç—ã–µ",negative
,negative
,negative
–ú–∏—Ä –º–∞—Ç–æ–≤ –∫–∞–π—Ñ,positive
"–æ—á–µ–Ω—å –º–Ω–æ–≥–æ –Ω–∞—Ä–æ–¥—É, –¥–∞ –µ—â–µ –∏ –±–∏–ª–µ—Ç—ã –∫–∞–∫ –¥–æ—Ä–æ–≥–æ–≤–∞—Ç–æ —Å—Ç–æ—è—Çü§∑‚Äç‚ôÇÔ∏è",neutral
–û—á–µ–Ω—å –∫—Ä–∞—Å–∏–≤–∞—è –∫—Ä—É—Ç–æ–µ –º–µ—Å—Ç–æ ‚ù§Ô∏è‚ù§Ô∏è,positive
"–ï—Å—Ç—å –¥–µ—Ç—Å–∫–∞—è –ø–ª–æ—â–∞–¥–∫–∞, –∑–¥–µ—Å—å –¥–æ—Å—Ç–∞—Ç–æ—á–Ω–æ –∫—Ä–∞—Å–∏–≤–æ",positive
,negative
,positive
,positive
–∏—É–∏—É–∏—É–∏—É–æ–ª–æ—Ä–æ–æ,positive
,negative
–ö–∞–ø–µ—Ü –º–Ω–æ–≥–æ –ª—é–¥–µ–π,positive
–í—ã –≤ –≤—ã –≤—ã—ã—ã,neutral
"–¶–µ–Ω–Ω–∏–∫ –∫–æ–Ω—å, –∑–∞ –ø–∞—Ä–æ—á–∫—É –∞—Ç—Ç—Ä–∞–∫—Ü–∏–æ–Ω–æ–≤",negative
,positive
"–æ—á–µ—Ä–µ–¥—å –∂—É—Ç–∫–∞—è –∏ –µ—Å–ª–∏ —Å —Å–µ–º—å–µ–π, —Ç–æ –¥–æ—Ä–æ–≥–æ–≤–∞—Ç–æ –±—É–¥–µ—Ç –∫–æ–Ω–µ—á–Ω–æ((",positive
,negative
,negative
–æ—á–µ—Ä–µ–¥—å —É–∂–∞—Å–Ω–∞—è,positive
,positive
"–ö—Ä—É—Ç–æü§©ü§© –≤—Å–µ–º —Å–æ–≤–µ—Ç—É—é, —Ü–µ–Ω–∞ —Å—Ç–æ–∏—Ç —Å–≤–æ–µ–≥–æ –ø—Ä–∏–±—ã–≤–∞–Ω–∏—è",positive
,negative
–†–û–ú–ê–®–ö–ê –ù–ï –†–ê–ë–û–¢–ê–ï–¢!!!! –í —Ä–µ–º–æ–Ω—Ç–µ –≤—Å–µ –ø—Ä–∏—Ö–æ–¥—è—Ç —Ä–∞–¥–∏ —Ä–æ–º–∞—à–∫–∏ –∞ –æ–Ω–∞ –≤ —Ä–µ–º–æ–Ω—Ç–µ –±–ª—ç—ç—ç—ç,negative
–í—ã–ø–µ—á–∫–∞ –æ—á–µ–Ω—å –≤–∫—É—Å–Ω–∞—èüëç,positive
–û—á–µ–Ω—å –±–æ–ª—å—à–∞—è –æ—á–µ—Ä–µ–¥—å üòÇ,positive
"–ï—Å—Ç—å –ª—é–¥–∏ –∫–æ—Ç–æ—Ä—ã–µ —Å—Ç–æ—è—Ç —Å –∫–æ–Ω–∫—É—Ä—Å–æ–º —Å—ä–µ—à—å –¥–≤–∞ –ø–µ—á–µ–Ω—å—è –∑–∞ –º–∏–Ω—É—Ç—É,—Å—ä–µ–¥–∞–µ—Ç—Å—è –∞ –æ–±–µ—â–∞–Ω–Ω–æ–≥–æ –ø—Ä–∏–∑–∞ –Ω–µ –¥–∞—é—Ç",negative
"–ó–¥—Ä–∞–≤—Å—Ç–≤—É–π—Ç–µ, —É –≤–∞—Å –≤—Å–µ –µ—â–µ –µ—Å—Ç—å –Ω–æ—á–Ω–æ–π —Ç–∞—Ä–∏—Ñ?",positive
"–ß—Ç–æ–±—ã –ø—Ä–∏–æ–±—Ä–µ—Å—Ç–∏ –í–∏–ø –±–∏–ª–µ—Ç –∂–¥–∞–ª 40 –º–∏–Ω—É—Ç! –í–æ—Ç —Ç–∞–∫–æ–µ –Ω–∞—á–∞–ª—å–Ω–æ–µ –≤–∏–ø –æ–±—Å–ª—É–∂–∏–≤–∞–Ω–∏–µ, –≤ –æ—Å—Ç–∞–ª—å–Ω–æ–º –Ω–æ—Ä–º",neutral
"–ê—Ç—Ç—Ä–∞–∫—Ü–∏–æ–Ω—ã –Ω–µ —Ä–∞–±–æ—Ç–∞—é—Ç, –≤ –ø—É—Å—Ç—É—é –ø–æ—Ç—Ä–∞—á–µ–Ω–Ω—ã–µ –¥–µ–Ω—å–≥–∏, –±–æ–ª—å—à–∏–µ –æ—á–µ—Ä–µ–¥–∏, –¥–∏–∑–ª–∞–π–∫",negative
,negative
–ë–∞“ì–∞—Å—ã ”©—Ç–µ “õ—ã–º–±–∞—Ç. –ö”©–ø –∫–∞—Ä—É—Å–µ–ª—å–¥–µ—Ä –∂“±–º—ã—Å –∂–∞—Å–∞–º–∞–π–¥—ã. ”ò—Ä –∫–∞—Ä—É—Å–µ–ª—å–≥–µ —Å–∞“ì–∞—Ç—Ç–∞–ø –∫–µ–∑–µ–∫—Ç–µ —Ç“±—Ä–∞—Å—ã“£,negative
,negative
,negative
,negative
–ö–ª–∞—Å—Å–Ω—ã–µ –∞—Ç—Ç—Ä–∞–∫—Ü–∏–æ–Ω—ã,positive
,neutral
,negative
"–û—Ç–ª–∏—á–Ω—ã–µ —ç–º–æ—Ü–∏–∏ –ø–æ—Å–ª–µ –∫–∞—Ç–∞–Ω–∏—è, —É—à–ª–∏ –¥–æ–≤–æ–ª—å–Ω—ã–º–∏ –≤ —Ç–æ—Ç –¥–µ–Ω—å",positive
–ü–æ–ª—É—á–∞–µ—Ç—Å—è –¥–µ—Ç–∏ –∏–∑-–∑–∞ —Ç–æ–≥–æ —á—Ç–æ –æ–Ω–∏ –≤—ã—à–µ 130—Å–º –æ–ø–ª–∞—á–∏–≤–∞—é—Ç –∫–∞–∫ –≤–∑—Ä–æ—Å–ª—ã–µ? –í —á–µ–º –ø—Ä–∏–∫–æ–ª? –ù–µ –≤—Å–µ –¥–µ—Ç–∏ –¥–æ 130 —Å–º —Ç–æ–ª—å–∫–æ —Ä–∞—Å—Ç—É—Ç,negative
,negative
,negative
–ö—Ä—É—Ç–æ –≤ –æ—á–µ—Ä–µ–¥–∏,positive
–æ—á–µ—Ä–µ–¥–∏ –º–Ω–æ–≥–æ –Ω–∞—Å –≤—ã–≥–Ω–∞–ª–∏ –∑–∞ —Ç–æ —á—Ç–æ —è —É–ø–∞–ª,negative
–î–æ—Ä–æ–≥–æ –Ω–æ –æ—á–µ–Ω—å –∫–ª–∞—Å—Å–Ω–æ,positive
–í—Å–µ –Ω–æ—Ä–º –∫—Ä–æ–º–µ –æ—á–µ—Ä–µ–¥–µ–π,positive
—Å—É—à–Ω—è–∫ –∫—ã–º–±–∞—Ç,negative
,neutral
,negative
–ê—Ç—Ç—Ä–∞–∫—Ü–∏–æ–Ω—ã –Ω–µ —Ä–∞–±–æ—Ç–∞—é—Ç. –ó–∞ –≤—Ö–æ–¥ –∑–∞–ø–ª–∞—Ç–∏–ª–∏ 11 —Ç—ã—Å,negative
,negative
–û–º—ã—Ä –±–∞–∫–∏ –¥–µ–º–∞–ª—ã—Å –∂—É–º—ã—Å—à—ã–ª–∞—Ä—ã–Ω –∂—É–º—ã—Å—Å—ã–Ω –±—ã–ª–º–µ–π–¥—ã,negative
"–ù–∏–∫–æ–≥–¥–∞ –Ω–µ —Å—Ç–∞–≤–∏–ª –æ–¥–Ω—É –∑–≤–µ–∑–¥—É, –Ω–æ —ç—Ç–æ –º–µ—Å—Ç–æ –∑–∞–ø—É—Å—Ç–∏–ª–∏ –ø–æ–ª–Ω–æ—Å—Ç—å—é. –°–µ—Ä–≤–∏—Å–∞ –Ω–µ—Ç, —Ü–µ–Ω—ã –Ω–µ –æ–±–æ—Å–Ω–æ–≤–∞–Ω–æ –∑–∞–≤—ã—à–µ–Ω—ã. –ü–æ–ª–æ–≤–∏–Ω–∞ –∞—Ç—Ç—Ä–∞–∫—Ü–∏–æ–Ω–æ–≤ –Ω–µ —Ä–∞–±–æ—Ç–∞—é—Ç.",negative
,negative
,negative
,neutral
–æ—á–µ–Ω—å –∫–ª–∞—Å—Å–Ω–æ,positive
,negative
,negative
"–µ–≥–æ –∑–æ–≤—É—Ç –¥–∞–º–∏—Ä –∏ –æ–Ω –æ—á–∫–æ–Ω—É–ª —Å–µ—Å—Ç—å –Ω–∞ –±–æ–ª—å—à–æ–π –ª–∏—Ñ—Ç, –∞ –ø–æ—Ç–æ–º –æ—á–∫–æ–Ω—É–ª —Å–µ—Å—Ç—å –Ω–∞ –º–∞–ª–µ–Ω—å–∫–∏–π –ª–∏—Ñ—Çüòπüôè

–°–¥–µ–ª–∞–π—Ç–µ —Ä–∞–¥–∏ –Ω–µ–≥–æ –º–µ–Ω—å—à–µ!!!",positive
"–î–æ—Å—Ç–∞—Ç–æ—á–Ω–æ –∫—Ä–∞—Å–∏–≤—ã–π –ø–∞—Ä–∫ —Ä–∞–∑–≤–ª–µ—á–µ–Ω–∏–π, –º—ã –∑–¥–µ—Å—å —á–∞—Å—Ç–æ –ø—Ä–æ–≤–æ–¥–∏–º –≤—Ä–µ–º—è",positive
"–í—Å–µ —Ñ–∏–≥–Ω—è, –∫–∞—Ä—Ç–æ—à–∫–∞ —Å–ø–∏—Ä–∞–ª—å –±–æ–º–±–∞. –†–µ—Å–ø–µ–∫—Ç –ø–∞—Ü–∞–Ω–∞–º —á—Ç–æ –∑–∞–Ω–∏–º–∞—é—Ç—Å—è —Ç–∞–∫–∏–º, –¥–∞—Ä—è—Ç –ª—É—á—à–∏–π —ç–º–æ—Ü–∏–∏",positive
,negative
"–ù–µ–≤–æ–∑–º–æ–∂–Ω–æ –ª—é–¥–µ–π –º–Ω–æ–≥–æ , –∑–∞ –ø–æ–ª –¥–Ω—è –Ω–∞ –¥–≤—É—Ö –∫–∞—Ä—É—Å–µ–ª—è—Ö –ø–æ–∫–∞—Ç–∞–ª–∏—Å—å üòíüòíüòíüòí",negative
,negative
–ø–æ—á–µ–º—É —Ç–∞–∫–∏–µ –æ–≥—Ä–æ–º–Ω—ã–µ –æ—á–µ—Ä–µ–¥–∏? —Å–¥–µ–ª–∞–π—Ç–µ —á—Ç–æ-–Ω–∏–±—É–¥—å,negative
–ü–æ—Å—Ç–∞–≤—å—Ç–µ –Ω–æ–≤—ã–µ –∞—Ç—Ç—Ä–∞–∫—Ü–∏–æ–Ω—ãüôèüôè,positive
–ù–µ–æ–ø—Ä–∞–≤–¥–∞–Ω–Ω–æ –¥–æ—Ä–æ–≥–æ,negative
–ê—Ç—Ç—Ä–∞–∫—Ü–∏–æ–Ω—ã –∏–Ω—Ç–µ—Ä–µ—Å–Ω—ã–µ üî•üî•üî•,positive
,negative
‚Äî‚Äî/‚Äî‚Äî‚Äî‚Äî‚Äî‚Äî‚Äî‚Äî‚Äî‚Äî‚Äî‚Äî‚Äî‚Äî‚Äî‚Äî‚Äî,neutral
–µ–≥–æ –∑–æ–≤—É—Ç —Å–∞–Ω–∂–∞—Ä –∏ –æ–Ω –æ—á–∫–æ–Ω—É–ª —Å–µ—Å—Ç—å –Ω–∞ —Ä–æ–º–∞—à–∫—Éüòπüôè,positive
"–¶–µ–Ω–∞ 0,5 –≤–æ–¥—ã –ø—Ä–æ—Å—Ç–æ ü§°
–ê —Ç–∞–∫ –Ω–æ—Ä–º",positive
,positive
,negative
–û—á–µ–Ω—å –±–æ–ª—å—à–∏–µ –æ—á–µ—Ä–µ–¥–∏,positive
–¶–µ–Ω—ã –Ω–∞ —Å–∞–π—Ç–µ –Ω–µ —Å–æ–æ—Ç–≤–µ—Ç—Å—Ç–≤—É–µ—Ç —Ä–µ–∞–ª—å–Ω–æ—Å—Ç–∏,negative
"–ü–∞—Ä–∫ –∫–æ–Ω–µ—á–Ω–æ –∫–ª–∞—Å—Å–Ω—ã–π, –Ω–æ —Ü–µ–Ω–∞ —Ä–∞—Å—Ç–µ—Ç —Å –∫–∞–∂–¥—ã–º –≥–æ–¥–æ–º, —Ö–æ—Ç—è –Ω–∏—á–µ–≥–æ –Ω–æ–≤–æ–≥–æ –≤ –Ω–µ–º –Ω–µ –¥–æ–±–∞–≤–ª—è–µ—Ç—Å—è",positive
,neutral
–ë–æ–ª—å—à–∏–µ –æ—á–µ—Ä–µ–¥–∏,positive
"–°–ø–∞—Å–∏–±–æ –æ—Ö—Ä–∞–Ω–Ω–∏–∫—É, —Å—Ä–∞–∑—É –Ω–∞—à–µ–ª —Å–µ—Ä–µ–∂–∫–∏ –Ω–∞ –∞—Ç—Ç—Ä–∞–∫—Ü–∏–æ–Ω–µ)",positive
–ö–∞—Ä—Ç–æ—à–∫–∞ —Å–ø–∏—Ä–∞–ª—å –æ—á–µ–Ω—å –≤–∫—É—Å–Ω–∞—è —Å–ø–∞—Å–∏–±–æ —Ä–µ–±—è—Ç–∞–º,positive
–•—É–¥—à–∏–π –ø–∞—Ä–∫ –≤ –º–∏—Ä–µ –ø—Ä–æ—Å—Ç–æ,negative
,negative
–ü—Ä—è—è–º –∫“Ø—à—Ç—ñ –∫–µ—Ä–µ–º–µ—Ç –ø–∞—Ä–∫ ü§© –∞—Ç—Ä–∞–∫—Ü–∏–æ–Ω–¥–∞—Ä—ã –∫“Ø—à—Ç—ñ üëçüèª,positive
"–ò–Ω—Ç–µ—Ä–µ—Å–Ω–æ, —É–≤–ª–µ–∫–∞—Ç–µ–ª—å–Ω–æ, –ø–ª–∞—Ç–∏—à—å 1 —Ä–∞–∑ –∏ —Å–∫–æ–ª—å–∫–æ —Ö–æ—á–µ—à—å –Ω–∞—Å–ª–∞–∂–¥–∞–µ—à—å—Å—è",positive
"–•–æ—Ä–æ—à–∏–π –ø–∞—Ä–∫. –î–ª—è –ø–æ—Ç–µ–Ω—Ü–∏–∞–ª—å–Ω—ã—Ö –ø–æ—Å–µ—Ç–∏—Ç–µ–ª–µ–π: –µ—Å—Ç—å –≤–∏–ø –±–∏–ª–µ—Ç–Ω–∏–∫–∏, –∫–æ—Ç–æ—Ä—ã–µ –ø—Ä–æ—Ö–æ–¥—è—Ç –±–µ–∑ –æ—á–µ—Ä–µ–¥–∏.",neutral
"–û—á–µ—Ä–µ–¥–∏ –æ–≥—Ä–æ–º–Ω—ã–µ , —Ü–µ–Ω—ã –ø–æ–¥–Ω–∏–º–∞—é—Ç –≤—Å–µ –≤—ã—à–µ –∏ –≤—ã—à–µ",neutral
,negative
–ö—Ä—É—Ç–æ üëåüèªüëçüèªüëçüèªüëçüèªüëçüèªüëçüèªüëçüèª,positive
"–ú–∞–ª–æ –∞—Ç—Ç—Ä–∞–∫—Ü–∏–æ–Ω–æ–≤, –±–µ—à–µ–Ω–Ω—ã–µ —Ü–µ–Ω—ã –∏ –æ—á–µ—Ä–µ–¥–∏",positive
,positive
,positive
”®—Ç–µ –∂–∞“õ—Å—ã –º–∞“ì–∞–Ω “±–Ω–∞–¥—ã,positive
,negative
–í—Å–µ —Ö–æ—Ä–æ—à–æ –Ω–æ —Ö–æ—Ç–µ–ª–æ—Å—å –±—ã —á—Ç–æ –Ω–∏–±—É–¥—å –Ω–æ–≤–æ–≥–æ. –ö–∞–∂–¥—ã–π –≥–æ–¥ –æ–¥–Ω–æ –∏ —Ç–æ–∂–µ –Ω–∏—á–µ–≥–æ –Ω–µ –æ–±–Ω–æ–≤–ª—è–µ—Ç—Å—è,positive
"–°–Ω–∏–∂–∞—é 1 –∑–≤–µ–∑–¥—É –∑–∞ –æ—á–µ–Ω—å –¥–æ—Ä–æ–≥–∏–µ –º–∞–≥–∞–∑–∏–Ω—ã –≤ —Å–∞–º–æ–º –ø–∞—Ä–∫–µ, –≤–æ–¥–∞ 900 —Ç–≥ 0,5 , —á—Ç–æ –∑–∞ —Ü–µ–Ω—ã —Ç–∞–∫–∏–µ? –ò –≤—ã–π—Ç–∏ –∏ –∑–∞–π—Ç–∏ –æ–±—Ä–∞—Ç–Ω–æ –Ω–µ–ª—å–∑—è.",positive
–¶–µ–Ω—ã —Ç—É—Ç –¥–æ –º–∞—Ä—Å–∞ –∞ –æ—á–µ—Ä–µ–¥—å —Ç–æ–∂–µ –¥–æ –º–∞—Ä—Å–∞ –µ–±–∞ —è —Ö—É–µ–µ–µu,negative
–ú—ã–Ω–∞ –∂–µ—Ä–¥—ñ –µ—à“õ–∞–Ω–¥–∞–π “õ–∞–ª–∞ “õ–æ–Ω–∞“õ—Ç–∞—Ä—ã–Ω–∞ –∂”ô–Ω–µ “õ–∞–ª–∞ —Ç“±—Ä“ì—ã–Ω–¥–∞—Ä—ã–Ω–∞ –∫–µ–ª—É–≥–µ –∫–µ“£–µ—Å –±–µ—Ä–º–µ–∏–º—ñ–Ω –ú—ã–Ω–∞ –∂–µ—Ä–¥—ñ“£ –±–∞—Å—à—ã—Å—ã —Ç–∞–∑–∞ –∞—à–∫”©–∑ –±—ñ—Ä–µ—É –µ–∫–µ–Ω –µ“£ –∂–∞–º–∞–Ω –∂–µ—Ä –±–∞—Ä–º–∞“£–¥–∞—Ä,negative
,positive
–ù–æ—Ä–º –æ—á–µ—Ä–µ–¥—å –∞–∑ –±–æ–ª“ì–∞–Ω–¥–∞,neutral
,positive
,negative
–¢–∞–∫–æ–π –∫–∞–π—Ñ –º–Ω–µ –æ—á–µ–Ω—å –ø–æ–Ω—Ä–∞–≤–∏–ª–æ—Å—å,positive
–í–µ—Å–µ–ª–æ üòÅ–ê–∞,positive
,positive
–í–µ–ª–∏–∫–æ–ª–µ–ø–Ω–æ,positive
–ö–∞—Ä—Ç–æ—à–∫–∞ –¥–∞–π–Ω—ã–¥–∞–≥–∞–Ω –±–∞–ª–∞–ª–∞—Ä –º–æ–ª–æ–¥–µ—Ü,positive
"–í —Ü–µ–ª–æ–º —Ö–æ—Ä–æ—à–æ –Ω–æ –≤–æ—Ç –ê—Ç—Ç—Ä–∞–∫—Ü–∏–æ–Ω ""shake"" –Ω–∞–¥–æ —Å–º–µ–ª–æ —É–±—Ä–∞—Ç—å –æ—Ç –Ω–µ–≥–æ –≤—Å–µ —Å—Ç—Ä–∞–¥–∞—é—Ç —É –º–µ–Ω—è –¥–∞–∂–µ –∑–∞—Ç–æ—à–Ω–∏–ª–æ —á—É—Ç—å –Ω–µ –≤—ã—Ä–≤–∞–ª",positive
,positive
"–ø–æ–π–¥–µ—Ç –±—ã–ª–æ –≤–µ—Å–µ–ª–æ
–æ—á–µ–Ω—å –º–Ω–æ–≥–æ –ø–µ—Ä–µ—Ä—ã–≤–æ–≤ –∏ —Ä–∞–±–æ—á–∏–π –ø–µ—Ä—Å–æ–Ω–∞–ª –∏–Ω–æ–π —Ä–∞–∑ —Å–∞–º –±—É–¥—Ç–æ –Ω–µ —Ä–∞–∑–±–∏—Ä–∞–µ—Ç—Å—è –≤ —É–ø—Ä–∞–≤–ª–µ–Ω–∏–∏ –∞—Ç—Ç—Ä–∞–∫—Ü–∏–æ–Ω–æ–≤üòúü§üüèª",positive
,negative
"–ò–Ω—Ç–µ—Ä–µ—Å–Ω—ã–π –ø–∞—Ä–∫ –¥–ª—è –¥–µ—Ç–µ–π, –æ–¥–∏–Ω –º–∏–Ω—É—Å –æ–≥—Ä–æ–º–Ω—ã–µ –æ—á–µ—Ä–µ–¥–∏. –î–µ—Ç–∏ –≤ –≤–æ—Å—Ç–æ—Ä–≥–µ.",positive
,neutral
–¥–æ—Ä–æ–≥–æ –∏ –æ—á–µ—Ä–µ–¥—åü§¨,negative
–ë–∞“ì–∞—Å—ã “õ—ã–º–±–∞—Ç –±—ã—Ä–∞–∫ –∞—Ç—Ç—Ä–∞–∫—Ü–∏–æ–Ω–¥–∞—Ä –æ—Ç–µ –∫—É—à—Ç—ã,positive
,neutral
–†–µ–±–µ–Ω–æ–∫ –æ—Å—Ç–∞–ª—Å—è –¥–æ–≤–æ–ª–µ–Ω,positive
,neutral
,positive
"–¶–µ–Ω—ã –∑–∞–≥–Ω—É–ª–∏, –æ—Å–æ–±–µ–Ω–Ω–æ –Ω–∞ –Ω–∞–ø–∏—Ç–∫–∏, –≤–æ–¥–∞ 0,5 700—Ç–≥, 0,5 —Ñ—å—é—Å —Ç–∏ 800 —Ç–≥",positive
,negative
—Ü–µ–Ω—ã –∑–∞ –±–∏–ª–µ—Ç —Å–ª–∏—à–∫–æ–º –¥–æ—Ä–æ–≥–∏–µ,positive
,neutral
,negative
–û—á–µ–Ω—å –º–Ω–æ–≥–æ –ª—é–¥–µ–µ–π –∏ –Ω–∞–≥–ª—ã–µ –Ω–µ –∑–Ω–∞—é—Ç —á—Ç–æ —Ç–∞–∫–æ–µ –æ—á–µ—Ä–µ–¥—åü•≤,positive
"–û–±–æ—Ä—É–¥–æ–≤–∞–Ω–∏–µ —Å—Ç–∞—Ä–æ–µ. –ë–æ–ª—å–Ω–æ. –î–æ—Ä–æ–≥–æ. –ê –∞—Ç—Ç—Ä–∞–∫—Ü–∏–æ–Ω—ã ""–®—ç–π–∫"" –∏ ""–†–æ–º–∞—à–∫–∞"" —ç—Ç–æ –Ω–µ—á–µ–ª–æ–≤–µ—á–µ—Å–∫–∞—è –ø—ã—Ç–∫–∞",negative
–ö–∞–∫-–±—É–¥—Ç–æ —Ä–∞–Ω—å—à–µ –±—ã–ª–æ –ø–æ–∏–Ω—Ç–µ—Ä–µ—Å–Ω–µ–π üòÖ –∞—Ç—Ä–∞–∫—Ü–∏–æ–Ω–æ–≤ –±—ã–ª–æ –±–æ–ª—å—à–µ,positive
"–ù–µ–≤–æ–∑–º–æ–∂–Ω–∞—è —Ç–æ–ª–ø–∞ –∏ –≤ —Å–∞–º–æ–º –ø–∞—Ä–∫–µ –∏ –∫ –∞—Ç—Ç—Ä–∞–∫—Ü–∏–æ–Ω—É —Ç–µ–º –±–æ–ª–µ–µ. –°—Ç–æ–∏—à—å –∏ –∂–¥–µ—à—å –ø–æ –Ω–µ—Å–∫–æ–ª—å–∫–æ —á–∞—Å–æ–≤, –Ω–æ –∞—Ç—Ç—Ä–∞–∫—Ü–∏–æ–Ω—ã –¥–µ–π—Å—Ç–≤–∏—Ç–µ–ª—å–Ω–æ –∫–ª–∞—Å—Å–Ω—ã–µ.",neutral
"–ë—ñ—Ç–ø–µ–π—Ç—ñ–Ω –∫–µ–∑–µ–∫‚Ä¶ –∫”©“£—ñ–ª –∫”©—Ç–µ—Ä—É–≥–µ –±–∞—Ä–∞–º –¥–µ–ø –æ–π–ª–∞–π—Å—ã“£, –±—ñ—Ä–∞“õ –Ω–µ—Ä–≤ –±–æ–ª—ã–ø “õ–∞–π—Ç–∞—Å—ã“£ ..",negative
–®–∏–∫–∞—Ä–Ω–æ–µ –º–µ—Å—Ç–æ! –ê—Ç—Ç—Ä–∞–∫—Ü–∏–æ–Ω—ã –ø—Ä–æ—Å—Ç–æ —Å—É–ø–µ—Äüéâ –•–æ–¥–∏–ª–∏ –≤–º–µ—Å—Ç–µ —Å —Å–µ–º—å—ë–π –Ω–∞–≥—É–ª—è–ª–∏—Å—å –Ω–∞ —É—Ä–∞. –í—Å–µ–º —Å–æ–≤–µ—Ç—É—é –∫—Ç–æ –ø—Ä–∏–µ–∑–∂–∞–µ—Ç –≤ –≥–æ—Ä–æ–¥ –ê–ª–º–∞—Ç—ã –æ—Ç–¥–æ—Ö–Ω—É—Ç—å.,positive
,negative
–û—á–µ–Ω—å –ø–æ–Ω—Ä–∞–≤–∏–ª—Å—è!,positive
,negative
"–ü—Ä–µ–∫—Ä–∞—Å–Ω—ã–π –ø–∞—Ä–∫, –ø—Ä–∏–µ–º–ª–µ–º—ã–µ —Ü–µ–Ω—ã.",positive
"–•–æ—Ä–æ—à–∏–π –ø–∞—Ä–∫, —Ç–æ —á—Ç–æ –ª—é–¥–µ–π –º–Ω–æ–≥–æ —ç—Ç–æ –∏ —Ç–∞–∫ –ø–æ–Ω—è—Ç–Ω–æ, —Ü–µ–Ω—ã —Ö–æ—Ä–æ—à–∏–µ.",positive
,negative
,neutral
–°–ª–∏—à–∫–æ–º –¥–æ—Ä–æ–≥–æ –∏ –Ω–µ —Å—Ç–æ–∏—Ç —Å–≤–æ–∏—Ö –¥–µ–Ω–µ–≥.,neutral
,negative
,negative
"–ü–æ—Å—Ç–∞–≤–∏–ª–∞ –±—ã 5, –Ω–æ —Å–ª–∏—à–∫–æ–º –¥–æ—Ä–æ–≥–æ, –∏–∑-–∑–∞ –æ—á–µ—Ä–µ–¥–µ–π —Ç–æ–ª—å–∫–æ —É—Å–ø–µ–ª–∏ –Ω–∞ 5 –∞—Ç—Ç—Ä–∞–∫—Ü–∏–æ–Ω–∞—Ö –ø—Ä–æ–∫–∞—Ç–∏—Ç—å—Å—è",neutral
–≤—Å–µ–º —Å–æ–≤–µ—Ç—É—é –µ—Å–ª–∏ –Ω–µ —Å–∫–∞–∑–∞—Ç—å –ø—Ä–æ –æ—á–µ—Ä–µ–¥—å,positive
–í–µ—á–µ—Ä–æ–º –∫—É—à—Ç—ã –ø—Ä—è–º,positive
"–û—á–µ–Ω—å –≤–µ—Å–µ–ª–æ–µ –º–µ—Å—Ç–æ, –Ω–æ –±–æ—é—Å—å —Å–∞–º–∞ –∫–∞—Ç–∞—Ç—å—Å—è –Ω–∞ —Å—Ç—Ä–∞—à–Ω—ã—Ö –∞—Ç—Ç—Ä–∞–∫—Ü–∏–æ–Ω–æ–≤. –ò —Ç–∞–º–∞ –æ—á–µ–Ω—å –º–Ω–æ–≥–æ –æ—á–µ—Ä–µ–¥–∏",positive
,negative
,negative
–ê–¥–µ–º—ã –¥–µ—Ä–∂–∏—Ç—Å—è –∑–∞ –≥–æ–ª–æ–≤—É –≤ –ª—é–±–æ–º —Å–æ—Å—Ç–æ—è–Ω–∏–∏ –∏ –≤ –ª—é–±–æ–º —Å–ª—É—á–∞–µ —ç—Ç–æ –±—É–¥–µ—Ç –æ—á–µ–Ω—å —Ç—è–∂–µ–ª–æ –¥–ª—è –Ω–∞—Å –∏ –º—ã –±—É–¥–µ–º —Å—Ç–∞—Ä–∞—Ç—å—Å—è –¥–µ–ª–∞—Ç—å –≤—Å–µ —á—Ç–æ–±—ã,positive
,negative
,neutral
–æ–±–æ—Åpa—Ç—å—Å—è –∫–∞–∫–∏–µ –∫–∞—á–µ–ª–∏,positive
"–í–µ–∑–¥–µ –æ—á–µ—Ä–µ–¥–∏, –µ—Å–ª–∏ –¥–æ–∂–¥—å –∏–¥–µ—Ç, –Ω–µ–≥–¥–µ –¥–∞–∂–µ —É–∫—Ä—ã—Ç—Å—è, –∫–∞—á–µ–ª–∏ –ø–æ–ª–æ–≤–∏–Ω–∞ –Ω–µ —Ä–∞–±–æ—Ç–∞–µ—Ç, –æ–¥–Ω–∞ –∫–æ–ª–∞ –≤–Ω—É—Ç—Ä–∏ 2500 —Å—Ç–æ–∏—Ç , —É–∂–∞—Å –Ω–∏ –Ω–æ–≥–æ–π –∫ –≤–∞–º –±–æ–ª—å—à–µ",negative
–ü–∞—Ä–∫ –≤–æüëç –∂–¥–µ—à—å –≤ –æ—á–µ—Ä–µ–¥–∏ –ø–æ 3 —á–∞—Å–∞ —á—Ç–æ–±—ã –ø–æ–∫–∞—Ç–∞—Ç—å—Å—è 5 –º–∏–Ω—É—Ç –∞ –µ—Å–ª–∏ —Ö–æ—á–µ—à—å –±—ã—Å—Ç—Ä–µ–µ —Ç–æ –ø–ª–∞—Ç–∏ —Å–≤–µ—Ä—Ö—É 20–∫. 1 –ø—Ä–æ–µ–±–∞–Ω–Ω—ã–π —Ç–µ–ª–µ—Ñ–æ–Ω –º–æ–µ–≥–æ –∫–µ–Ω—Ç–∞ –∏–∑ 10,negative
,positive
,neutral
–ú–∏—Ä —Ñ–∞–Ω—Ç–∞–∑–∏—è ”©—Ç–µ –∫“Ø—à—Ç—ñ –±—ñ—Ä–∞“õ –∞“õ—à–∞–Ω—ã –∫—Ä—É–ø–Ω—ã–π –µ—Ç—ñ–ø “±—Å—Ç–∞–º–∞“ì–∞–Ω –¥“±—Ä—ã—Å –º–µ–π–ª—ñ–Ω—à–µ “±—Å–∞“õ —Ç–∏—ã–Ω–¥–∞—Ä –∫–µ—Ä–µ–∫ –µ–∫–µ–Ω –±–æ–ª–º–∞—Å–∞ –∫–∞—Å–ø–∏–¥–µ–≥—ñ –∞“õ—à–∞–º–µ–Ω –∫–µ–ª–≥–µ–Ω –¥“±—Ä—ã—Å –µ–∫–µ–Ω,positive
–•–æ—Ä–æ—à–æ –ø—Ä–æ–≤–µ–ª–∏ –≤—Ä–µ–º—è —Å –¥—Ä—É–∑—å—è–º–∏,positive
"–¥–æ—Ä–æ–≥–æ, –±–æ–ª—å—à–∏–µ –æ—á–µ—Ä–µ–¥–∏, –≤ —Å—Ä–µ–¥–Ω–µ–º –Ω–∞ –æ–¥–∏–Ω –∞—Ç—Ç—Ä–∞–∫—Ü–∏–æ–Ω —Å—Ç–æ—è–ª–∏ 1-1,5 –∏–∑-–∑–∞ —Ç–µ—Ö –ø–µ—Ä–µ—Ä—ã–≤–æ–≤ –≤ —á–∞—Å—Ç–Ω–æ—Å—Ç–∏.",negative
–£–∂–∞—Å –ø—Ä–æ—Å—Ç–æ 8000 –≤—Ö–æ–¥ —á–∞—Å–∞–º–∏ —Å—Ç–æ–∏—à—å –≤ –æ—á–µ—Ä–µ–¥–∏ —ç—Ç–æ –∫–æ—à–º–∞—Ä –Ω–∏—á–µ–≥–æ –Ω–µ –ø—Ä–æ–¥—É–º–∞–Ω–æ,negative
,neutral
,negative
,negative
,positive
,negative
"14 –∏—é–ª—è, 40 –º–∏–Ω—É—Ç —Å—Ç–æ–∏–º –≤ –æ—á–µ—Ä–µ–¥–∏ –Ω–∞ –≤—Ö–æ–¥.",negative
–ê—Ç—Ç—Ä–∞–∫—Ü–∏–æ–Ω –æ—á–µ–Ω—å —Ö–æ—Ä–æ—à–∏–π –Ω–æ –º–∏–Ω—É—Å –µ—Å—Ç—å —ç—Ç–æ –±–æ–ª—å—à–∞—è –æ—á–µ—Ä–µ–¥—å –∏ –µ—â–µ –∞—Ç—Ç—Ä–∞–∫—Ü–∏–æ–Ω—ã —Å—Ç–∞—Ä—ã–µ –∞ —Ç–∞–∫ –≤—Å–µ –∫–∞–π—Ñ,neutral
–°–ª–∏—à–∫–æ–º –¥–æ—Ä–æ–≥–æ –µ—â—ë –µ—Å–ª–∏ –ø–æ–≥–æ–¥–∞ –ø–ª–æ—Ö–æ –±—É–¥–µ—Ç –Ω–µ —Ä–∞–±–æ—Ç–∞–µ—Ç üëéüèΩüëéüèΩüëéüèΩ,negative
–¶–µ–Ω–∞ –æ—á–µ–Ω—å –≤—ã—Å–æ–∫–∞—è –¥–ª—è 7-8 –∞—Ç—Ç—Ä–∞–∫—Ü–∏–æ–Ω–æ–≤ –∏–∑ –∫–æ—Ç–æ—Ä —Å—è–¥–µ—à—å —Ç–æ–ª—å–∫–æ 3-4 –∫—Ä—É–≥–∞–º–∏. –ó—Ä—è –ø–æ—Ç—Ä–∞—Ç–∏–ª–∏ –¥–µ–Ω—å–≥–∏,negative
"–ü–∞—Ä–∫ —Ö–æ—Ä–æ—à–∏–π, —Ç–æ–ª—å–∫–æ —Ä–∞–±–æ—Ç–Ω–∏–∫–∏ –¢–ò–†–∞ –æ–±–º–∞–Ω—ã–≤–∞—é—Ç!!! –ù–µ —Ö–æ–¥–∏—Ç–µ –≤ –¢–ò–†!!!",negative
–û–±—Å–ª—É–∂–∏–≤–∞–Ω–∏–µ üëå,positive
,negative
,negative
,negative
,positive
,negative
,neutral
–ê—Ç—Ç—Ä–∞–∫—Ü–∏–æ–Ω—ã –æ—Ç–ª–∏—á–Ω—ã–µ –∫–∞—Ñ–µ –ø–ª–æ—Ö–æ–µ –Ω–µ—Ç—É –ø–æ–≤–æ—Ä–æ–≤ –Ω–∞ –∫–∞—Å—Å–µ –Ω–µ –∫–æ–≥–æ –Ω–µ—Ç—É –∏ –ø–ª–æ—Ö–æ–µ –æ–±—Å–ª—É–∂–∏–≤–∞–Ω–∏–µ,negative
–ø—Ä–æ—Å—Ç–æ —Ç–∞–∫,negative
,negative
,negative
"–∑–¥—Ä–∞–≤—Å—Ç–≤—É–π—Ç–µ, –≤—ã –Ω–∏—á–µ–≥–æ –Ω–µ –ø–µ—Ä–µ–ø—É—Ç–∞–ª–∏?
–≤—Ä–µ–º—è –ø–æ–ª–Ω–æ—á—å, —Ä–∞–±–æ—á–∞—è –Ω–µ–¥–µ–ª—è, –≤—ã –æ—Ä–µ—Ç–µ –Ω–∞ –≤–µ—Å—å —Ä–∞–π–æ–Ω!",negative
"–ö–∞–∫–æ–≥–æ —Ö—Ä–µ–Ω–∞ –≤ –±—É–¥–Ω–∏–π –¥–µ–Ω—å –Ω–æ—á—å—é –ø—Ä–æ–≤–æ–¥–∏—Ç—Å—è –º–µ—Ä–æ–ø—Ä–∏—è—Ç–∏–µ, –æ—á–µ–Ω—å –≥—Ä–æ–º–∫–æ, —Å–ª—ã—à–Ω–æ –∞–∂ –Ω–∞ –ñ–∞–º–±—ã–ª–∞.",negative
–û—á–µ–Ω—å —Ö–æ—Ä–æ—à–æ –∫–ª–∞—Å—Å–Ω–æ,positive
,negative
"–ò–¥–∏–æ—Ç–∏–∑–º , –Ω–∏—á–µ–≥–æ –Ω–æ–≤–æ–≥–æ —Ç–∞–∫ –∏ –Ω–µ –ø–æ—Å—Ç—Ä–æ–∏–ª–∏ , –∑–∞—Ç–æ —Å–¥–µ–ª–∞–ª–∏ –≤–∏–ø –±–∏–ª–µ—Ç—ã)))
–ö—Ç–æ —Ö–æ—á–µ—Ç –ø–æ–∫–∞—Ç–∞—Ç—å—Å—è –Ω–æ—Ä–º–∞–ª—å–Ω–æ, —Ç–µ–ø–µ—Ä—å –¥–æ–ª–∂–µ–Ω –≤–∑—è—Ç—å –≤–∏–ø –±–∏–ª–µ—Ç—ã ))
–ü—Ä–æ—Å—Ç–æ –î–ù–û",negative
,negative
–ø—Ä–µ–∫—Ä–∞—Å–Ω–æ–æ–æ–æ–æ,positive
–ü–µ—Ä–µ–æ—Ü–µ–Ω–µ–Ω–Ω–∞—è —Ñ–∏–≥–Ω—è,negative
,negative
,negative
,negative
–ú–∞–ª–µ–Ω—å–∫–∏—Ö –¥–µ—Ç–µ–π –≤–ø—É—Å–∫–∞—é—Ç –Ω–∞ –∞—Ç—Ç—Ä–∞–∫—Ü–∏–æ–Ω—ã! –ù–µ —Å–º–æ—Ç—Ä—è—Ç –Ω–∞ —Ä–æ—Å—Ç ! –ö–∞–∫–∞—è –±–µ–∑–æ—Ç–≤–µ—Ç—Å—Ç–≤–µ–Ω–Ω–æ—Å—Ç—å !,negative
,positive
,negative
”®—Ç–µ –Ω–∞—à–∞—Ä –¥–µ—Ç—Å–∫–∏–π –∞—Ç—Ä–∏–∞–∫—Ü–∏–æ–Ω –∞–∑ —Ç–µ–∫ “Ø–ª–∫–µ–Ω–¥–µ—Ä–≥–µ –∞—Ä–Ω–∞–ª“ì–∞–Ω 20–º—ã“£ –∞—É–∞“ì–∞ –∫–µ—Ç—Ç—ñ,negative
–ú–Ω–æ–≥–æ –ª—é–¥–µ–π,positive
–ê—Ç—Ç—Ä–∞–∫—Ü–∏–æ–Ω—ã –≤—Å–µ —Ä–∞–±–æ—Ç–∞—é—Ç. –ù–æ —Ü–µ–Ω—ã –≤—ã—Å–æ–∫–∏–µ –Ω–∞ –≤—Ö–æ–¥,positive
,neutral
–ö—Ä—É—Ç–æ –ø—Ä–∏–∫–æ–ª—å–Ω–æ 1000/10,positive
,negative
"–ü—Ä–æ—Å—Ç–æ —É–∂–∞—Å, –ø–æ—Ç–µ—Ä—è–ª–∏ –¥–µ–Ω–µ–≥(",negative
"–ñ–∞–ª–∫–æ –ø–æ—Ç—Ä–∞—á–µ–Ω–Ω—ã—Ö –¥–µ–Ω–µ–≥. –ü–µ—Ä—Å–æ–Ω–∞–ª —Ä–∞–±–æ—Ç–∞–µ—Ç –ø–ª–æ—Ö–æ, –∏–Ω—Ç–µ—Ä–µ—Å–Ω—ã—Ö –∞—Ç—Ç—Ä–∞–∫—Ü–∏–æ–Ω–æ–≤ –º–∞–ª–æ –∏ —Ç–µ –ø–æ—Å—Ç–æ—è–Ω–Ω–æ —Ç–æ –Ω–∞ –ø–µ—Ä–µ—Ä—ã–≤ —É—Ö–æ–¥—è—Ç —Ç–æ –Ω–µ —Ä–∞–±–æ—Ç–∞–µ—Ç((",neutral
,negative
–ü–µ—Ä—Å–æ–Ω–∞–ª —Ä–∞–±–æ—Ç–∞–µ—Ç –æ—á–µ–Ω—å –º–µ–¥–ª–µ–Ω–Ω–æ. –¢—è–Ω—É—Ç –≤—Ä–µ–º—è. –ü–æ—á–µ–º—É –Ω–µ—Ç –∫–æ–Ω—Ç—Ä–æ–ª—è –∫–∞—á–µ—Å—Ç–≤–∞ –æ–±—Å–ª—É–∂–∏–≤–∞–Ω–∏—è. –ö–∞–∫ –±—É–¥—Ç–æ –≥–æ—Å. –°–ª—É–∂–±–∞ –æ–±—Å–ª—É–∂–∏–≤–∞–µ—Ç,negative
,positive
,neutral
,positive
–û—á–µ–Ω—å –º–Ω–æ–≥–æ –ª—é–¥–µ–π –¥–∞–∂–µ –≤ –±—É–¥–Ω–∏–π üò≠,positive
,neutral
–ø–æ—á–µ–º—É –Ω–∞ –∞–Ω–∞–∫–æ–Ω–¥–µ —Ç–æ–ª—å–∫–æ 9 –º–µ—Å—Ç?!,negative
ü´∞–ö–ª–∞—Å—Å–Ω–æ–µ –º–µ—Å—Ç–æ.,positive
—Ö–æ—Ä–æ—à–µ–µ –º–µ—Å—Ç–æ,positive
–æ—á–µ–Ω—å –∫–ª–∞—Å—Å–Ω—ã–π –º–µ—Å—Ç–æ. –æ—Ç—Ä—ã–∫—Ü–∏–æ–Ω—ã —Ç–æ–∂–µ —ç–∫—Å—Ç—Ä–∏–º–∞–ª–Ω—ã,positive
,positive
,negative
"–ë–∞—Ä–ª—ã“ì—ã ”©—Ç–µ –∫“Ø—à—Ç—ñ , –±—ñ—Ä–∞“õ —ñ—à—Ç–µ–≥—ñ —Ç–∞“ì–∞–º–¥–∞—Ä–¥—ã“£ –±–∞“ì–∞—Å—ã‚¨ÜÔ∏è ”©—Ç–µ “õ—ã–º–±–∞—Çü´¢",neutral
,positive
,positive
"–•–æ—Ä–æ—à–∏–π –ø–∞—Ä–∫. –í—Å–µ —Ö–æ—Ä–æ—à–æ, –Ω–æ –∫—É—Ö–Ω—è –∑–¥–µ—Å—å —É–∂–∞—Å.",positive
–≤—Ö–æ–¥ –±–∏–ª–µ—Ç—ã –¥–æ—Ä–æ–≥–∏–µ –ø–æ –º–æ–µ–º—É –º–Ω–µ–Ω–∏—é ‚úãüèºüòî,negative
"–°–æ–≤—Å–µ–º –Ω–µ –ø–æ–Ω—Ä–∞–≤–∏–ª–æ—Å—å üò≠–¥–µ—Ç—è–º –≤—Ö–æ–¥ 8 —Ç—ã—Å —ç—Ç–æ —É–∂–∞—Å 10 ,9 –ª–µ—Ç –∏ —Ç–∞–º –æ—á–µ–Ω—å –æ–ø–∞—Å–Ω—ã–µ ‚ö†Ô∏è –∞—Ç—Ç—Ä–∞–∫—Ü–∏–æ–Ω—ã –Ω–µ –∫–∞–∂–¥—É—é —Å—è–¥–µ—à—å –ø—Ä–æ—Å—Ç–æ —Ö–æ–¥–∏–ª–∏ –≥—É–ª—è–ª–∏",negative
–û–ß–ï–ù–¨ –ö–†–£–¢–û!!!,positive
–ú–µ—Å—Ç–æ –∫–ª–∞—Å—Å–Ω–æ–µ –Ω–æ –∞—Ç—Ç—Ä–∞–∫—Ü–∏–æ–Ω—ã —É–∂–µ –Ω–∞–¥–æ–µ–ª–∏ –±—ã–ª–æ –±—ã –∫–ª–∞—Å—Å–Ω–æ –Ω–æ–≤—ã–µ –∞—Ç—Ç—Ä–∞–∫—Ü–∏–æ–Ω—ã,neutral
–£–¥–æ–±–Ω–æ —á—Ç–æ –ø–ª–∞—Ç–∏—à—å –æ–¥–∏–Ω —Ä–∞–∑ –∏ –∫–∞—Ç–∞–µ—à—Å—è —Å–∫–æ–ª—å–∫–æ –≤–ª–µ–∑–∏—Ç,positive
"–ë—ã–ª–æ –∞—Ç–º–æ—Å—Ñ–µ—Ä–Ω–æ ‚úÖ –µ–¥–∏–Ω—Å—Ç–≤–µ–Ω–Ω–æ–µ –¥–æ–ª–≥–æ –ø—Ä–∏—à–ª–æ—Å—å —Å—Ç–æ—è—Ç—å –≤ –æ—á–µ—Ä–µ–¥–∏, –Ω–æ —ç—Ç–æ —Ç–æ–≥–æ —Å—Ç–æ–∏—Ç üëçüèª",positive
–û—á–µ–Ω—å –∫–æ–º—Ñ–æ—Ä—Ç–Ω—ã–π –º–µ—Å—Ç–æ,positive
"–û—á–µ–Ω—å –±—ã—Å—Ç—Ä–æ–µ –æ–±—Å–ª—É–∂–∏–≤–∞–Ω–∏–µ, –∏–Ω—Ç–µ—Ä–µ—Å–Ω–æ –∏ –≤–µ—Å–µ–ª–æ, —Ü–µ–Ω–∞ –¥–ª—è —Ç–∞–∫–∏—Ö —ç–º–æ—Ü–∏–π –æ–ø—Ä–∞–≤–¥–∞–Ω–∞",positive
"—Å–æ—Ç—Ä—É–¥–Ω–∏–∫–∏ –Ω–µ –¥–æ –∫–æ–Ω—Ü–∞ —Ä–∞–±–æ—Ç–∞—é—Ç. –ø–æ —Ñ–∞–∫—Ç—É –Ω–∞–ø–∏—Å–∞–Ω–æ —á—Ç–æ —Ä–∞–±–æ—Ç–∞—é—Ç –¥–æ 9—Ç–∏ –≤–µ—á–µ—Ä–∞, –Ω–æ –Ω–∞ —Å–∞–º–æ–º –¥–µ–ª–µ –Ω–∞—Å –Ω–µ –≤–ø—É—Å—Ç–∏–ª–∏ –Ω–∞ –∫–æ–ª–µ—Å–æ –æ–±–æ–∑—Ä–µ–Ω–∏–µ —Å 8:40‚Ä¶",neutral
"–ú–æ–π –ª—é–±–∏–º—ã–π –ø–∞—Ä–∫. –•–æ—Ä–æ—à–∏–µ –∞—Ç—Ç—Ä–∞–∫—Ü–∏–æ–Ω—ã , –≤–µ–∂–ª–∏–≤—ã–π –ø–µ—Ä—Å–æ–Ω–∞–ª . –ï–¥–∞ –¥–æ—Ä–æ–≥–æ–≤–∞—Ç–æ –æ–±—Ö–æ–¥–∏—Ç—Å—è",positive
–†–∞–∑–Ω–æ–æ–±—Ä–∞–∑–∏–µ –∞—Ç–ø–∞–∫—Ü–∏–æ–Ω–æ–≤,positive
"–ú–∏—Ä —Ñ–∞–Ω—Ç–∞–∑–∏–π —Å–∞–º—ã–π –ø–æ–ø—É–ª—è—Ä–Ω—ã–π –∞—Ç—Ç—Ä–∞–∫—Ü–∏–æ–Ω –≤ –∞–ª–º–∞—Ç–µ —è —Ç–∞–º –º–Ω–æ–≥–æ —Ä–∞–∑ –ø–æ–±—ã–≤–∞–ª –º–Ω–µ –≤—Å–µ –ø–æ–Ω—Ä–∞–≤–∏–ª–æ—Å—å. –Ø –ø–æ–ª—É—á–∏–ª –±–æ–ª—å—à–æ–π –∞–¥—Ä–µ–Ω–∞–ª–∏–Ω, –≤—Å–µ —Å—É–ø–µ—Ä",positive
–ë–µ–∑—É–º–Ω–æ –ø—Ä–µ–∫—Ä–∞—Å–Ω—ã–π –ø–∞—Ä–∫,positive
–ü—Ä–æ—Å—Ç–æ —Å—É–ø–µ—Ä,positive
,negative
–ö–∞–π—Ñ 14727514,positive
"–û–≥—Ä–æ–º–Ω—ã–µ –æ—á–µ—Ä–µ–¥–∏ –¥–∞–∂–µ –≤ –±—É–¥–Ω–∏–µ –¥–Ω–∏, —Å—Ç–æ–∏—à—å –≤ –æ—á–µ—Ä–µ–¥–∏ –Ω–µ –º–µ–Ω–µ–µ —á–∞—Å–∞",negative
"–®–∏–∫–∞—Ä–Ω—ã–µ –∞—Ç—Ä–∞–∫—Ü–∏–æ–Ω—ãüòçüòçüòò
–ï—Å—Ç—å –∏ —Å—Ç—Ä–∞—à–Ω—ã–µ –∏ –æ–±—ã—á–Ω—ã–µ",positive
,positive
,neutral
–û—á–µ–Ω—å –∫–ª–∞—Å—Å–Ω—ã–µ –∞—Ç—Ç—Ä–∞–∫—Ü–∏–æ–Ω—ã —Å–æ–≤–µ—Ç—É—é,positive
–ú–∞“ì–∞–Ω “±–Ω–∞–¥—ã –∞–¥—Ä–µ–Ω–∞–ª–∏–Ω –∞–ª–¥—ã–º ”ô—Å—ñ—Ä–µ—Å–µ —Ä–æ–º–∞—à–∫ –∏ –ª–∏—Ñ—Ç —Å–æ—Å—ã–Ω –∫–∞—Ä—É—Å–µ–ª “õ–∞—Ç—Ç—ã “±–Ω–∞–¥—ã,positive
"–û—á–µ–Ω—å –∑–¥–æ—Ä–æ–≤–æ, –±—É—Ä—è —ç–º–æ—Ü–∏–∏ –≥–∞—Ä–∞–Ω—Ç–∏—Ä–æ–≤–∞–Ω–æ",positive
–ú–Ω–µ –≤—Å—ë –ø–æ–Ω—Ä–∞–≤–∏–ª–æ—Å—å,positive
–û—á–µ—Ä–µ–¥–∏ —Ç—Ä–µ—à,neutral
"–ö—Ç–æ —Ç–æ –≤—ã—Ä–≤–∞–ª –Ω–∞ —Ç–∞—Ä–∞–Ω—Ç—É–ª–µ –∏ –º–æ—è –¥–µ–≤—É—à–∫–∞ —Å–µ–ª–∞ –Ω–∞ —Ä–≤–æ—Ç—É, –ø–æ–∂–∞–ª—É–π—Å—Ç–∞ –ª—É—á—à–µ —Å–º–æ—Ç—Ä–∏—Ç–µ –Ω–∞ —Å–∏–¥–µ–Ω–∏—è –∫–æ–≥–¥–∞ —Å–∞–¥–∏—Ç–µ—Å—å –Ω–∞ –∞—Ç—Ä–∞–∫—Ü–∏–æ–Ω—ã",negative
"–¢–∞–±–∏“ì–∞—Ç—ã –∫–µ—Ä–µ–º–µ—Ç,–∞—É–∞—Å—ã –∫“Ø—à—Ç—ñ –¥–µ–º–∞–ª“ì–∞–Ω“ì–∞ ”©—Ç–µ –∂–∞“õ—Å—ã.–î–æ—Å—Ç–∞—Ä—ã–º–º–µ–Ω –∫”©–ø –±–∞—Ä–∞–º—ã–Ω –∂”ô–Ω–µ —Å“Ø–π—ñ–∫—Ç—ñ –∂–µ—Ä–ª–µ—Ä—ñ–º–Ω—ñ“£ –±—ñ—Ä—ñ.–ë–∞—Ä—É“ì–∞ –∫–µ“£–µ—Å –±–µ—Ä–µ–º—ñ–Ω,”©–∫—ñ–Ω–±–µ–π—Å—ñ–∑–¥–µ—Ä",positive
"–õ—é–¥–µ–π –º–Ω–æ–≥–æ, –∑–∞—à—ë–ª, –≤—ã—à–µ–ª —á–µ—Ä–µ–∑ 10 –º–∏–Ω—É—Ç –ø–æ—Ç–æ–º—É —á—Ç–æ —Ç–∞–º –Ω–µ –¥–ª—è –º–æ–ª–æ–¥—ë–∂–∏ –∞ –¥–ª—è –¥–µ—Ç–µ–π , –Ω–µ—á—ë –∏–Ω—Ç–µ—Ä–µ—Å–Ω–æ–µ",negative
–ö“Ø—à—Ç—ñ “±–Ω–∞–¥—ã,positive
,negative
"–ë–æ–ª—å—à–æ–µ –∫–æ–ª–∏—á–µ—Å—Ç–≤–æ –ø–µ—Ä–µ—Ä—ã–≤–æ–≤ —É —Å–æ—Ç—Ä—É–¥–Ω–∏–∫–æ–≤, –ø–æ—á–µ–º—É –±—ã –Ω–µ —Å–¥–µ–ª–∞—Ç—å –æ–¥–∏–Ω –±–æ–ª—å—à–æ–π?",neutral
—à–µ–π–∫–µ—Ä —Ç–æ–ø,positive
–ö–ª–∞—Å—Å–Ω–æ–µ –º–µ—Å—Ç–æ. –û—á–µ–Ω—å –ø–æ–Ω—Ä–∞–≤–∏–ª–æ—Å—å.,positive
”®—Ç–µ —Ç–∞–º–∞—à–∞,positive
,positive
–£–∂–∞—Å–Ω–∞—è –æ—á–µ—Ä–µ–¥—å –∏ –∞—Ç—Ç—Ä–∞–∫—Ü–∏–æ–Ω—ã —á–∞—Å—Ç–æ –∑–∞–∫—Ä—ã–≤–∞—é—Ç—Å—è –Ω–∞ –ø–µ—Ä–µ—Ä—ã–≤,negative
,negative
—Ö–æ—Ä–æ—à–∏–π –ø–∞—Ä–∫ –º–Ω–æ–≥–æ –∫–ª–∞—Å—Å–Ω—ã—Ö –∞—Ç—Ç—Ä–∞–∫—Ü–∏–æ–Ω–æ–≤,positive
"–° –µ–¥–æ–π –ø—Ä–æ–±–ª–µ–º—ã —Ç—É—Ç —Ñ–∞—Å —Ñ—É–¥ —á—Ç–æ –∑–∞ —Ñ–∞–∫
–ù–æ—Ä–º–∞–ª—å–Ω—ã–π –µ–¥—ã –Ω–µ—Ç –≤–æ–æ–±—â–µ",neutral
,positive
"–ö–∞—Å—Å–∏—Ä —Å–∏–¥–∏—Ç —Å –Ω–µ–¥–æ–≤–æ–ª—å–Ω—ã–º –ª–∏—Ü–æ–º, –æ–≥—Ä—ã–∑–∞–µ—Ç—Å—è",negative
–æ—á–µ–Ω—å –æ—Ç–ª–∏—á–Ω–æ–µ –º–µ—Å—Ç–æ,positive
–•–æ—Ä–æ—à–æ–µ –º–µ—Å—Ç–æ,positive
–¢–æ—à–Ω–∏—Ç –Ω–µ –≤–æ–∑–º–æ–∂–Ω–æ,positive
–ì–ª–∞–≤–Ω–æ–µ –≤–Ω—É–∫–∏ –±—ã–ª–∏ –≤ –≤–æ—Å—Ç–æ—Ä–≥–µ,positive
"–æ—á–µ–Ω—å –ø–æ–Ω—Ä–∞–≤–∏–ª–æ—Å—å, –±—ã–ª–æ –≤–µ—Å–µ–ª–æ –ø—Ä–æ–≤–µ—Å—Ç–∏ —Ç–∞–º –≤—Ä–µ–º—è!",positive
"–õ–µ—Ç–æ–º –≤—Å–µ–≥–¥–∞ –ø—Ä–∏—Ö–æ–∂—É, –º–Ω–µ –Ω—Ä–∞–≤–∏—Ç—Å—è",positive
–ö–∞–ø–µ–µ—Ü –∫–∞–π—Ñ –≤—Å–µ–≥–¥–∞ –ª–µ—Ç–æ–º –ø—Ä–∏—Ö–æ–∂—É,positive
–¶–µ–Ω—ã —É–∂–∞—Å–Ω—ã–µ–µ–µ–µ!!!!,negative
"–î–æ—Ä–æ–≥–æ! –í–∑—Ä–æ—Å–ª—ã–º –∑–∞—á–µ–º —Ç–∞–∫ –ø–ª–∞—Ç–∏—Ç—å, –≤—Å–µ —Ä–∞–≤–Ω–æ –Ω–µ –ø–æ–ª—å–∑—É—é—Ç—Å—è",negative
–ö—É–¥–∞ —É–∂–µ –¥–æ—Ä–æ–∂–µ? –ö–∞–∂–¥—ã–π –≥–æ–¥ —Ü–µ–Ω—ã —Ä–∞—Å—Ç—É—Ç,negative
–û—á–µ–Ω—å –∫–ª–∞—Å—Å–Ω–æ –ø—Ä–æ–≤–µ–ª–∏ –≤—Ä–µ–º—è –≤–º–µ—Å—Ç–æ —Å —Å–µ–º—å—ë–π,positive
—á–∏—Å—Ç–æ –∑–∞ —Ü–µ–Ω—É –≤ –≤—Ö–æ–¥,negative
–±–∞“ì–∞–ª–∞—Ä—ã —Ç—ã–º “õ—ã–º–±–∞—Ç ü§ïü§ï,negative
"–ö–ª–∞—Å—Å–Ω–æ–µ –º–µ—Å—Ç–æ,–ø–ª–∞—Ç–∏—à—å –æ–¥–∏–Ω —Ä–∞–∑ –∏ –∫–∞—Ç–∞–µ—à—å—Å—è.–ú–Ω–µ –æ—á–µ–Ω—å –ø–æ–Ω—Ä–∞–≤–∏–ª–æ—Å—å",positive
"–ê—Ç—Ä–∞–∫—Ü–∏–æ–Ω –†–æ–º–∞—à–∫–∞ —Å–∞–º–∞—è –ª—É—á—à–∞—è, –Ω–æ —Ü–µ–Ω–∞ —Å–ª–∏—à–∫–æ–º –∑–∞–≤—ã—à–µ–Ω–Ω–∞—è —Å—Ç–∞–ª–∞",positive
–í –ø—Ä–æ—à–ª–æ–º –≥–æ–¥—É –±—ã–ª–æ 5–∫ –≤ —ç—Ç–æ–º —Å—Ç–∞–ª–æ –∞–∂ 8–∫ —Ö–æ—Ç—è –Ω–∏—á–µ–≥–æ –∏ –Ω–µ –∏–∑–º–µ–Ω–∏–ª–æ—Å—å –≤ —Å–∞–º–æ–º –ø–∞—Ä–∫–µ,neutral
"–ë—ã–ª–æ –≤–µ—Å–µ–ª–æ, —Å–æ–≤–µ—Ç—É—é",positive
–¢—á–µ–Ω —Ö–æ—Ä—à–∞—è –ø—Ä–∏–ª–æ–∂–µ–Ω–∏—è,positive
–û—á–µ–Ω—å –¥–æ—Ä–æ–≥–æ —Å—Ç–∞–ª–æ,neutral
"–ö“Ø—à—Ç—ñ, —ñ—à—ñ–Ω–¥–µ–≥—ñ —ç–º–æ—Ü–∏—è–Ω–Ω—ã–Ω –±–∞—Ä–ª—ã–≥—ã–Ω —à—ã–≥–∞—Ä—ã–ø –∞–ª–∞—Å—ã–Ω.",positive
–Ø –≤—á–µ—Ä–∞ –ø–æ–±—ã–≤–∞–ª–∞ —Ç–∞–º.–ë—ã–ª–æ –æ—á–∫–Ω—å –∏–Ω—Ç–µ—Ä–µ—Å–Ω–æ.–í—Å–µ–º —Å–æ–≤–µ—Ç—É—é,positive
"Always huge queue, and no advantage for children age 14, takes full cost, a bit disappointed.",neutral
"–ø–æ–π–¥–µ—Ç, –Ω–æ –æ—á–µ—Ä–µ–¥–∏ –∏ —Ü–µ–Ω–∞ –∂–µ—Å—Ç—å",neutral
–í—Å–µ —Ö–æ—Ä–æ—à–æ –Ω–æ –æ–≥—Ä–æ–º–Ω—ã–µ –æ—á–µ—Ä–µ–¥–∏ –∏ –≤—ã—Å–æ–∫–∏–µ —Ü–µ–Ω—ã,positive
"–û—á–µ–Ω—å –ø–æ–Ω—Ä–∞–≤–∏–ª–æ—Å—å, –Ω–æ –µ—Å—Ç—å –æ–¥–Ω–æ –ù–û ..—Ü–µ–Ω—ã –Ω–∞ –º–æ—Ä–æ–∂–µ–Ω–æ–µ –∏ –Ω–∞–ø–∏—Ç–∫–∏ –≤ –ø–∞—Ä–∫–µ –Ω–µ –ø—Ä–∏–µ–º–ª–µ–º—ã–µ, —Å–æ–≤–µ—Å—Ç—å –∏–º–µ–π—Ç–µ.",positive
"–ö—Ä—É—Ç—Ç—Ç—Ç—Ç–æ–æ–æ–æ, —Ö–æ–¥–∏–ª–∞ 10 —Ä–∞–∑ –Ω–∞ –±—É–º–µ—Ä–∞–Ω–≥ –∏ –Ω–∞ —Ä–æ–º–∞—à–∫—É üòàü§ôüèª",positive
–û—á–µ–Ω—å –∫—Ä–∞—Å–∏–≤–æ,positive
–ö–∞–π—Ñ –∏–º–±–∞ –±–æ–º–±–∞,positive
"–ñ–º–æ—Ç—ã, –≤ –±—É–¥–Ω–∏ –¥–Ω–∏ 7 —Ç—ã—Å —Å —Ä–µ–±–µ–Ω–∫–∞,–∞ –≤—ã –≤—ã—Ö–æ–¥–Ω—ã–µ 8 —Ç—ã—Å!!! –í–æ–¥–∞ 0,5 —Å—Ç–æ–∏—Ç –æ—Ç 700 –¥–æ 800 —Ç–µ–Ω–≥–µ, —Å–æ–≤—Å–µ–º —Å–æ–≤–µ—Å—Ç–∏ –Ω–µ—Ç —É —Ç–æ—Ä–≥–∞—à–µ–π! –ë–µ—Å—Å–æ–≤–µ—Å—Ç–Ω—ã–µ –Ω–µ –ª—é–¥–∏!!!",negative
”®—Ç–µ –∫–µ—Ä–µ–º–µ—Ç –∂–µ—Ä üòä,positive
–Ø —É–º–µ—Ä –Ω–µ —Ö–æ–¥–∏—Ç–µ –Ω–∞ –ª–∏—Ñ—Ç,negative
"–ê—Ç—Ç—Ä–∞–∫—Ü–∏–æ–Ω—ã –∫–ª–∞—Å—Å–Ω—ã–µ, –ø–æ–ª—É—á–∏–ª–∏ –∞–¥—Ä–µ–Ω–∞–ª–∏–Ω,—Ä–æ–º–∞—à–∫–∞ –∏ –ª–∏—Ñ—Ç —Ç–æ–øüî•üî•üî•",positive
–û—á–µ–Ω—å –∫–ª–∞—Å—Å–Ω–æ!,positive
"–ö—Ä—É—Ç–∞,–∫–∞–π—Ñüòç",positive
–Ø –¥—É–º–∞—é —á—Ç–æ –º–∏—Ä —Ñ–∞–Ω—Ç–∞–∑–∏—è —ç—Ç–æ —Å–∞–º–æ–µ —É–≤–ª–µ–∫–∞—Ç–µ–ª—å–Ω–æ–µ –º–µ—Å—Ç–æ —Ç–∞–º –æ—á–µ–Ω—å –∫—Ä—É—Ç–æ –∏ –≤–µ—Å–µ–ª–æ –ø—Ä–æ–≤–µ—Å—Ç–∏ –≤—Ä–µ–º—è,positive
–ö–ª–∞—Å—Å–Ω—ã–µ –∞—Ç—Ç—Ä–∞–∫—Ü–∏–æ–Ω—ã,positive
,negative
,positive
–°–ª–∏—à–∫–æ–º —Å—Ç—Ä–∞—à–Ω–æ,positive
,negative
–û—á–µ–Ω—å –∫—Ä—É—Ç–æ –±—ã–ª–æ,positive
"–í—Å—ë –∫—Ä—É—Ç–æ, –¥–ª—è —Ç–µ—Ö –∫—Ç–æ –ª—é–±–∏—Ç—å –∞–¥—Ä–∏–Ω–∞–ª–∏–Ω",positive
,negative
,positive
"#31 –∞—Ç—Ç—Ä–∞–∫—Ü–∏–æ–Ω ¬´–ê–Ω–∞–∫–æ–Ω–¥–∞¬ª —Å—Ç–æ—è—â–∏–π —á–µ–ª–æ–≤–µ–∫ –ø–æ—Å—Ç–æ—è–Ω–Ω–æ —É—Ö–æ–¥–∏—Ç –Ω–∞ –ø–µ—Ä–µ—Ä—ã–≤, –Ω–µ –ø–æ —Ä–∞—Å–ø–∏—Å–∞–Ω–∏—é ‚ùóÔ∏èüò° –ò—Ç–∞–∫ –Ω–∞—Ä–æ–¥—É –º–Ω–æ–≥–æ, –≤—Å–µ –∂–¥—É—Ç",negative
,negative
"–Ω–µ —Ä–∞–±–æ—Ç–∞–µ—Ç –º–µ–¥–ø—É–Ω–∫—Ç, —É–¥–∞—Ä–∏–ª—Å—è –ø–∏—Ä—Å–∏–Ω–≥–æ–º —É—Ö–∞, –∏–∑-–∑–∞ –ø–ª–æ—Ö–æ–≥–æ –∫—Ä–µ–ø–ª–µ–Ω–∏—è —Å—Ç—Ä–∞—Ö–æ–≤–æ—á–Ω–æ–π —Å–∏—Å—Ç–µ–º—ã. –Ω–µ–∫–æ—Ç–æ—Ä—ã–µ —Ä–∞–±–æ—Ç–Ω–∏–∫–∏ –∏–≥–Ω–æ—Ä–∏—Ä—É—é—Ç –ø—Ä–æ—Å—å–±—ã",negative
"–ö–ª–∞—Å—Å–Ω–æ –ø—Ä–æ–≤–µ–ª–∏ –≤—Ä–µ–º—è, —Ç–æ–ª—å–∫–æ –≤–æ—Ç –æ—á–µ—Ä–µ–¥–∏ –∫–∞–ø–µ—Ü –∫–∞–∫ –æ–≥–æ–≥–æ–æ–æ...",positive
,positive
"–ò–¥–µ–∞–ª—å–Ω—ã–π –ø–∞—Ä–∫,–æ—á–µ–Ω—å –∏–Ω—Ç–µ—Ä–µ—Å–Ω–æ –≤–µ–∑–¥–µ —á–∏—Å—Ç–æ –∏ –ø—Ä–∏—è—Ç–Ω—ã–µ —Å–æ—Ç—Ä—É–¥–Ω–∏–∫–∏ü´∂üèº",positive
"–û—á–µ–Ω—å —Ö–æ—Ä–æ—à–∏–π –ø–∞—Ä–∫,–ª—É—á—à–∏–µ –∞—Ç—Ç—Ä–∞–∫—Ü–∏–æ–Ω—ã –∞–ª–º–∞—Ç—ã",positive
"—Ü–µ–Ω–∞ –Ω–µ–Ω–æ—Ä–º–∞–ª—å–Ω–∞, –ª—é–¥–µ–π –¥–æ—Ö—É",negative
–¢–∞–∫ —Å–µ–±–µ üòï,negative
,negative
–ù–µ —Å—Ç–æ–∏—Ç —Å–≤–æ–∏—Ö –¥–µ–Ω–µ–≥.,negative
"—Å–Ω–∏–∂–∞–π—Ç–µ –ø–æ–∂–∞–ª—É–π—Å—Ç–∞ —Å–≤–æ–∏ —Ü–µ–Ω—ã,–±–æ–º–±–∞ —Ä–æ–∂–æ–∫ 1000—Ç–≥ —Å—Ç–æ–∏—Ç –≤—ã –≥–æ–Ω–∏—Ç–µ?",negative
"–ù–∞—Ä–æ–¥—É –º–Ω–æ–≥–æ, —Ü–µ–Ω—ã –∑–∞–≤—ã—à–µ–Ω—ã –∏ –∫–∞—á–µ—Å—Ç–≤–æ –ø–∞–¥–∞–µ—Ç",neutral
"–¶–µ–Ω—ã –ø–æ–≤—ã—à–∞—é—Ç—Å—è –∫–∞–∂–¥—ã–π –≥–æ–¥, –∞ –∫–∞—á–µ—Å—Ç–≤–æ –ø–∞–¥–∞–µ—Ç",neutral
,negative
–ù–∞ –∫–∞—Å—Å–µ –∂–µ–Ω—â–∏–Ω–∞ –ø–æ–ø—Ä–æ—Å–∏–ª–∞ –æ–ø–ª–∞—Ç–∏—Ç—å –ø–æ–ª —Å—É–º–º—ã –∑–∞ —á–µ—Ç–≤–µ—Ä—ã—Ö –Ω–∞–ª–∏—á–∫–æ–π. –õ–µ–≤–∞—á–∞—Ç.,negative
,negative
–í—Å–µ –ø–ª–æ—Ö–æ –æ—á–µ–Ω—å –¥–∞–∂–µ –ø–µ—á–∞–ª—å–Ω–æ,negative
,neutral
,neutral
–û—á–µ–Ω—å –∫—Ä—É—Ç–æ–π –∏ –ø—Ä–∏–∫–æ–ª—å–Ω—ã–π –ø–∞—Ä–∫ —Ä–∞–∑–≤–ª–Ω—á–µ–Ω—ã–π —Å–∞–º –±—ã–ª –Ω–∞ —Å–∞–º—ã—Ö —Å—Ç—Ä–∞—à–Ω—ã—Ö –∞—Ç—Ä–∞–∫—Ü–∏–æ–Ω–∞—Ö,positive
"–û–±—Å–ª—É–∂–∏–≤–∞–Ω–∏–µ —É–∂–∞—Å–Ω–æ–µ ,–∫–æ–Ω—Ç—Ä–æ–ª–µ—Ä—ã –≤—Å–µ —Ç–∞–∫–∏–µ –≥—Ä—É–±—ã–µ ,–∑–∞—á–µ–º –±—Ä–∞—Ç—å —Å—Ç—É–¥–µ–Ω—Ç–æ–≤ –µ—Å–ª–∏ –æ–Ω–∏ –Ω–µ —Ö–æ—Ç—è—Ç —Å—Ç–æ—è—Ç—å –Ω–∞ –∂–∞—Ä–µ –∏ —Ä–∞–±–æ—Ç–∞—Ç—å
–ë–æ–ª—å—à–µ –Ω–∏ –Ω–æ–≥–æ–π –∫ –≤–∞–º",negative
,positive
,negative
"–ü—Ä–æ–≤–µ—Å—Ç–∏ –≤—Ä–µ–º—è –≤ —ç—Ç–æ–º –ø–∞—Ä–∫–µ, —ç—Ç–æ –ø–ª–æ—Ö–∞—è –∏–¥–µ—è! –ù–µ —Å—Ç–æ–∏—Ç —Ç–µ—Ä—è—Ç—å —Å–≤–æ–µ –≤—Ä–µ–º—è. –û—á–µ—Ä–µ–¥–∏ –±–∞—à–µ–Ω–Ω—ã–µ.",negative
–í–æ–æ–±—â–µ –Ω–µ —Å–æ–≤–µ—Ç—É—é!!! –°–ª–∏—à–∫–æ–º –¥–æ—Ä–æ–≥–æ –µ–¥–∞ –∏ –º–∏–ª–ª–∏–æ–Ω –æ—á–µ—Ä–µ–¥—å –ø–µ—Ä—Å–æ–Ω–∞–ª—ã –æ—Ö—Ä–∞–Ω–Ω–∏–∫–∏ –≥—Ä—É–±—ã–µ,negative
,positive
,negative
,negative
–í—Å–µ –±—ã–ª–æ –æ—á–µ–Ω—å –∫–ª–∞—Å—Å–Ω–æ –ø–æ–Ω—Ä–∞–≤–∏–ª–æ—Å—å,positive
"–û–±–æ–∂–∞—é —ç—Ç–æ—Ç –ø–∞—Ä–∫,–≥–æ—Ç–æ–≤–∞ —Ç—É–¥–∞ —Ö–æ–¥–∏—Ç—å –∫–∞–∂–¥—ã–π –¥–µ–Ω—å‚ù§Ô∏è‚ù§Ô∏è‚ù§Ô∏è",positive
,negative
,negative
"–ï–¥–∏–Ω—Å—Ç–≤–µ–Ω–Ω—ã–π –º–∏–Ω—É—Å, –¥–ª—è –≤–∑—Ä–æ—Å–ª—ã—Ö –º–∞–ª–æ –∞—Ç—Ç—Ä–∞–∫—Ü–∏–æ–Ω–æ–≤.",positive
–±—ã–ª–æ –≤–µ—Å–µ–ª–æ,positive
"–û—á–µ–Ω—å –≥—Ä—è–∑–Ω–æ –≤ –∂–µ–Ω—Å–∫–æ–º —Ç—É–∞–ª–µ—Ç–µ, –∑–∞–±–∏—Ç–∞—è —Ä–∞–∫–æ–≤–∏–Ω–∞",negative
,negative
"–°–æ—Ç—Ä—É–¥–Ω–∏–∫ –≥—Ä—É–±—ã–π, –∫–æ–º–∞–Ω–¥—É–µ—Ç –≤—Å–µ –Ω–∞—Å—Ç—Ä–æ–µ–Ω–∏–µ –∏—Å–ø–æ—Ä—Ç–∏–ª–∏",negative
,positive
"–° –∫–∞–∂–¥—ã–º –≥–æ–¥–æ–º —Ü–µ–Ω—ã –≤—Å–µ –≤—ã—à–µ –∏ –≤—ã—à–µ, –∞ –æ—á–µ—Ä–µ–¥–∏ –≤—Å–µ –±–æ–ª—å—à–µ –∏ –±–æ–ª—å—à–µ)",negative
,negative
"–ø–æ—Ç–µ—Ä—è–ª –ø–æ—Ä—Ç–º–æ–Ω–µ —á–µ—Ä–Ω—ã–π,–∫—Ç–æ –Ω–∞—à–µ–ª —Å–æ–æ–±—â–∏—Ç–µ,–≤–∑–∞–º–µ–Ω –ø–æ–ª—É—á–∏—Ç–µ –ø–æ–¥–∞—Ä–æ–∫
09.06.2024",positive
"–ö–ª–∞—Å—Å–Ω—ã–π –∞—Ç—Ç—Ä–∞–∫—Ü–∏–æ–Ω,–º–æ–∂–Ω–æ –∏ –¥–µ—Ç—è–º –∏ –≤–∑—Ä–æ—Å–ª—ã–º –∫–∞—Ç–∞—Ç—å—Å—è .–ú–∏–Ω—É—Å —Ç–æ–ª—å–∫–æ –≤–æ—Ç –µ–¥–∞ –∏ —Å—É—à–Ω—è–∫ –¥–æ—Ä–æ–≥–∏–µ",positive
,negative
"–ë—ã–ª–æ –∫–ª–∞—Å—Å, –∞–¥—Ä–µ–Ω–∞–ª–∏–Ω –æ—Ç –æ–¥–Ω–æ–≥–æ –≤–∏–¥–∞ –Ω–µ–∫–æ—Ç–æ—Ä—ã—Ö –∞—Ç—Ç—Ä–∞–∫—Ü–∏–æ–Ω–æ–≤ –º–æ–∂–Ω–æ —Å–ª–æ–≤–∏—Ç—å",positive
,negative
,negative
–û–±–æ–∂–∞—é –ø–∞—É–∫–∞ –∏ –±–æ–ª—å—à–æ–π –º–æ–ª–æ—Ç‚ù§Ô∏è‚ù§Ô∏è‚ù§Ô∏è‚ù§Ô∏è‚ù§Ô∏è‚ù§Ô∏è‚ù§Ô∏è‚ù§Ô∏è‚ù§Ô∏è‚ù§Ô∏è‚ù§Ô∏è‚ù§Ô∏è‚ù§Ô∏è‚ù§Ô∏è‚ù§Ô∏è‚ù§Ô∏è‚ù§Ô∏è‚ù§Ô∏è‚ù§Ô∏è‚ù§Ô∏è‚ù§Ô∏è‚ù§Ô∏è‚ù§Ô∏è‚ù§Ô∏è‚ù§Ô∏è‚ù§Ô∏è‚ù§Ô∏è‚ù§Ô∏è‚ù§Ô∏è‚ù§Ô∏è‚ù§Ô∏è‚ù§Ô∏è‚ù§Ô∏è‚ù§Ô∏è‚ù§Ô∏è‚ù§Ô∏è‚ù§Ô∏è‚ù§Ô∏è‚ù§Ô∏è‚ù§Ô∏è‚ù§Ô∏è‚ù§Ô∏è‚ù§Ô∏è‚ù§Ô∏è‚ù§Ô∏è‚ù§Ô∏è‚ù§Ô∏è‚ù§Ô∏è‚ù§Ô∏è‚ù§Ô∏è‚ù§Ô∏è‚ù§Ô∏è‚ù§Ô∏è‚ù§Ô∏è‚ù§Ô∏è‚ù§Ô∏è‚ù§Ô∏è‚ù§Ô∏è‚ù§Ô∏è,positive
–§–∏–≥–Ω—è –µ—â–µ –Ω–µ—Ç—É –Ω–æ—á–Ω–æ–≥–æ —Å–µ–∞–Ω—Å–∞,negative
"–°–∞–º—ã–π –ª—É—á—à–∏–π –ø–∞—Ä–∫ –≤ –ê–ª–º–∞—Ç—ã!
–û—Ç–ª–∏—á–Ω—ã–µ –∞—Ç—Ç—Ä–∞–∫—Ü–∏–æ–Ω—ã, –¥–ª—è –≤—Å–µ—Ö, –∏ –¥–ª—è –¥–µ—Ç–µ–π –∏ –¥–ª—è –≤–∑—Ä–æ—Å–ª—ã—Ö.
–ü—Ä–∞–≤–¥–∞ –Ω–µ —Ä–∞–¥—É–µ—Ç —á—Ç–æ —á—Ç–æ –æ—á–µ—Ä–µ–¥–∏, –∞ —Ç–∞–∫ –æ—Ç–ª–∏—á–Ω–æ!",positive
–æ—á–µ–Ω—å –∫—Ä—É—Ç–æ –¥–∞—É–ª–µ—Ç –Ω–µ –±–æ–π—Å—èüëç,positive
"–û—á–µ—Ä–µ–¥–∏ –±–µ—à–µ–Ω–Ω—ã–µ, –Ω–æ—Ä–º –∞—Ç—Ç—Ä–∞–∫—Ü–∏–æ–Ω–æ–≤ 1-2 –∏ –≤—Å–µ. –ó–∞ 7–∫ –Ω–µ —Ç–∞–∫ —É–∂ –∏ –≤–µ—Å–µ–ª–æ. –û–ø–µ—Ä–∞—Ç–æ—Ä—ã –≥—Ä—É–±—ã–µ, –¥–∞ –∏ –ø–µ—Ä–µ—Ä—ã–≤—ã —ç—Ç–∏.",negative
"–ù–µ —Å—Ç–æ–∏—Ç 7 —Ç—ã—Å—è—á, –±–æ–ª—å—à–µ –≤ –æ—á–µ—Ä–µ–¥–∏ —Å—Ç–æ–∏—à—å
–í—Å–µ –¥–µ—Ç—Å–∫–∏–µ –∫–∞—Ä—É—Å–µ–ª–∏ –≤ –æ–±—â–µ–º –Ω–µ –ø–æ–Ω—Ä–∞–≤–∏–ª—Å—è –Ω–µ —Ç—Ä–∞—Ç—å—Ç—Ç–µ –¥–µ–Ω—å–≥–∏, —Å–æ—Ç—Ä—É–¥–Ω–∏–∫–∞–º –≤–∞–º –Ω–∞–ø–ª–µ–≤–∞—Ç—å",negative
–î–µ—Ç—Å–∫–∏–π –±–∏–ª–µ—Ç —Å—Ç–æ–∏—Ç –∫–∞–∫ –≤–∑—Ä–æ—Å–ª—ã–π –∞—Ç—Ç—Ä–∞–∫—Ü–∏–æ–Ω—ã –≤ –æ—Å–Ω–æ–≤–Ω–æ–º –¥–ª—è –ø–æ–¥—Ä–æ—Å—Ç–∫–æ–≤ —É–∂–∞—Å–Ω–æ–µ –º–µ—Å—Ç–æ –±–æ–ª—å—à–µ –Ω–∏ –Ω–æ–≥–æ–π,negative
"–û—á–µ—Ä–µ–¥–∏ –æ–≥—Ä–æ–º–Ω—ã–µ, –∞ —Ç–∞–∫ –≤—Å–µ –∫–ª–∞—Å—Å–Ω–æ",positive
,negative
,negative
,negative
–Ø —Ç–∞–º –±—ã–ª–∞ –æ—á–µ–Ω—å –∫—Ä—É—Ç–æ –ø—Ä–æ–≤–µ–ª–∞ –≤—Ä–µ–º—è. –≤—Å–µ –∞—Ç—Ä–∞–∫—Ü–∏–æ–Ω—ã –ø—Ä–æ—Å—Ç–æ –±–æ–º–±–∞ —Ö–æ–¥–∏–ª–∏ –¥–æ –∑–∞–∫—Ä—ã—Ç–∏–µ –æ—Å–æ–±–µ–Ω–Ω–æ —Ä–æ–º–∞—à–∫–∞ –ø–æ–Ω—Ä–∞–≤–∏–ª–∞—Å—å —Å–æ–≤–µ—Ç—É—é—éüòç,positive
–¢–∞–∫ —Ä—É–∫–æ–≤–æ–¥—Å—Ç–≤–æ –µ—Å–ª–∏ –≤—ã –±–µ—Ä–µ—Ç–µ –¥–µ–Ω—å–≥–∏ –∑–∞ VIP. –¢–æ —Å–¥–µ–ª–∞–π—Ç–µ –Ω–æ—Ä–º–∞–ª—å–Ω–æ –≤—Ö–æ–¥ –∏ –≤—ã—Ö–æ–¥—ã —á—Ç–æ –±—ã –±–µ–∑ –æ—á–µ—Ä–µ–¥–∏. –ö–æ–Ω—Ç—Ä–æ–ª–∏—Ä—É—é—â–∏—Ö –ª—é–¥–µ–π –¥–æ–ø–æ–ª–Ω–∏—Ç–µ–ª—å–Ω–æ –ø–æ—Å—Ç–∞–≤—å—Ç–µ.,neutral
–ê—Ç—Ä–∞–∫—Ü–∏–æ–Ω—ã –ª—É—á—à–∏–µ –ø—Ä—è–º –≤—ã–±—Ä–æ—Å–∏–ª–∏ –∞–¥—Ä–µ–Ω–æ–ª–∏–Ω,positive
–ö–ª–∞—Å—Å–Ω–æ –≤–∞—â–µ,positive
–û—á–µ–Ω—å –≤–µ—Å–µ–ª–æ –æ—Ç–¥–æ—Ö–Ω—É–ª–∏ —Å –¥—Ä—É–∑—å—è–º–∏ 10/10ü§©,positive
–µ—â–∫–µ—Ä–µ —Å–∞–º–æ–µ –ª—É—á—à–µ–µ –º–µ—Å—Ç–æ –¥–ª—è –≤–µ—Å–µ–ª—å—è,positive
"–ö—Ä—É—Ç–æ, —Å–æ–≤–µ—Ç—É—é –≤—Å–µ–º –ø–æ—Å–µ—Ç–∏—Ç—å –∞—Ç—Ä–∞–∫—Ü–∏–æ–Ω",positive
"–ê—Ç—Ç—Ä–∞–∫—Ü–∏–æ–Ω—ã –Ω–æ—Ä–º–∞–ª—å–Ω—ã–µ , –Ω–æ —Å—Ç–æ–ª–æ–≤–∞—è —É –≤—Ö–æ–¥–∞ —É–∂–∞—Å–Ω–∞—è , –∂–¥–∞–ª–∏ 50 –º–∏–Ω—É—Ç –∏ –∑–∞–∫–∞–∑ –Ω–µ –≤—ã–¥–∞–ª–∏",negative
,positive
,neutral
,positive
"–ú–Ω–µ –∫–∞–∂–µ—Ç—Å—è,–≤—Ö–æ–¥ 8—Ç—ã—Å –¥–æ—Ä–æ–≥–æ–≤–∞—Ç–æ ,—É—á–∏—Ç—ã–≤–∞—è —Ç–æ ,—á—Ç–æ –±—ã–ª–æ 5—Ç—ã—Å –∏ —Ä–∞–±–æ—Ç–∞–ª–∏ –≤—Å–µ –∞—Ç—Ç—Ä–∞–∫—Ü–∏–æ–Ω—ã. –ê –∫–∞–∫ —Ü–µ–Ω—É –ø–æ–º–µ–Ω—è–ª–∏ –ø–æ–ª–æ–≤–∏–Ω–∞ –∞—Ç—Ç—Ä–∞–∫—Ü–∏–æ–Ω–æ–≤ –Ω–µ —Ä–∞–±–æ—Ç–∞—é—Çü´°",negative
,positive
–ó–∞ —Å–≤–æ—é —Ü–µ–Ω—É üëçüëçüëçüëç,positive
–æ—Ç–ª–∏—á–Ω—ã–π –ø–∞—Ä–∫ –¥–ª—è –æ—Ç–¥—ã—Ö–∞,positive
–û—Ç–ª–∏—á–Ω—ã–π –ø–∞—Ä–∫. –ù–æ —Ü–µ–Ω–∞ –∑–∞ –≤—Ö–æ–¥ –¥–æ—Ä–æ–≥–æ–≤–∞—Ç–æ –µ—Å–ª–∏ —É —Ç–µ–±—è 4 —Ä–µ–±–µ–Ω–∫–∞,positive
–ê—Ç—Ç—Ä–∞–∫—Ü–∏–æ–Ω—ã –æ—á–µ–Ω—å —Ö–æ—Ä–æ—à–∏–µ.,neutral
–í—Å–µ –±–µ–∑—É–º–Ω–æ –ø–æ–Ω—Ä–∞–≤–∏–ª–æ—Å—å üî•,positive
"–ú–Ω–µ –æ—á–µ–Ω—å –ø–æ–Ω—Ä–∞–≤–∏–ª–æ—Å—å, —Å–æ–≤–µ—Ç—É—é –≤–∞–º –ª—É—á—à–∏–π –ø–∞—Ä–∫üòçüòç",positive
–ü—Ä—è–º —Ç“Ø–Ω–¥–µ –∫“Ø—à—Ç—ñ—ñüòçüòç,positive
–ü—Ä–µ–∫—Ä–∞—Å–Ω—ã–π –ø–∞—Ä–∫,positive
–ö–ª–∞—Å—Å–Ω—ã–µ –∞—Ç—Ç—Ä–∞–∫—Ü–∏–æ–Ω—ãüî•,positive
–∞—Ç—Ç—Ä–∞–∫—Ü–∏–æ–Ω—ã –∫–ª–∞—Å—Å–Ω—ã–µ –Ω–æ –±–æ–ª—å—à–∏–µ –æ—á–µ—Ä–µ–¥–∏ –∫ –æ–±–µ–¥—É,positive
–û—á–µ–Ω—å –∫–ª–∞—Å—Å–Ω—ã–µ –∞—Ç—Ç—Ä–∞–∫—Ü–∏–æ–Ω—ã ü§óü§ó,positive
–ú–µ–¥–ø—É–Ω–∫—Ç –Ω–µ —Ä–∞–±–æ—Ç–∞–µ—Ç üëç,negative
–ö“Ø—à—Ç—ñ –±–æ–ª–¥—ã 14;00 –¥–µ –∫—ñ—Ä–¥—ñ–∫ –∫–µ—à–∫–µ –¥–µ–π—ñ–Ω –∂“Ø—Ä–¥—ñ–∫ . –ö–µ–Ω–≥—Ä—É “±–Ω–∞–¥—ã . –û—á–µ—Ä–¥—å –∫”©–ø –±–æ–ª–¥—ã —Å–æ–Ω–¥–∞ –¥–∞ –∫“Ø—à—Ç—ñ –±–æ–ª–¥—ã üëçüèª,positive
–ê—Ç—Ç—Ä–∞–∫—Ü–∏–æ–Ω –ø—Ä–æ—Å—Ç–æ –≤–∞—É –∑–∞ 5000 –Ω–∞ –≤–µ—Å—å –¥–µ–Ω—å —ç—Ç–æ —Å—Ç–æ–∏—Ç —Ç–æ–≥–æ,positive
–û—á–µ–Ω—å —Ö–æ—Ä–æ—à–∏–µ –∞—Ç—Ç—Ä–∞–∫—Ü–∏–æ–Ω—ã üëç,positive
"–•–æ—Ä–æ—à–∏–π –ø–∞—Ä–∫, –∫—Ä–∞—Å–∏–≤—ã–π, —Ö–æ—Ä–æ—à–æ –≤ –Ω–µ–º",positive
–û—Ç–ª–∏—á–Ω–æ–µ –º–µ—Å—Ç–æ –¥–ª—è –≤—Å—Ç—Ä–µ—á–∏ —Å –¥—Ä—É–∑—å—è–º–∏,positive
–û—Ç–ª–∏—á–Ω–æ –º–µ—Å—Ç–æ –¥–ª—è –æ—Ç–¥—ã—Ö–∞ –≤–µ—Å–µ–ª–æ –∏ –∑–∞—Ö–≤–∞—Ç—ã–≤–∞—é—â–∏–µ,positive
"—è —Ç–∞–º –±—ã–ª–∞, –æ—á–µ–Ω—å –∫–ª–∞—Å—Å–Ω–æ, –≤—Å–µ–º —Å–æ–≤–µ—Ç—É—é, –®–ï–ô–• –≤–æ–æ–±—â–µ —Å—É—Ä–µ—Ä",positive
–û—á–µ–Ω—å –≤–µ—Å–µ–ª–æ –±—ã–ª–æ —è —Ö–æ–¥–∏–ª —Å –¥—Ä—É–∑—å—è–º–∏,positive
,negative
"–ó–∞ —á—Ç–æ –ø–ª–∞—Ç–∏—Ç—å, –Ω–µ–æ–±–æ—Å–Ω–æ–≤–∞–Ω–Ω–æ —Å–¥–µ–ª–∞–ª–∏ –ø–∞—Ä–∫ –ø–ª–∞—Ç–Ω—ã–º, –º–Ω–æ–≥–æ —á—Ç–æ –Ω–µ —Ä–∞–±–æ—Ç–∞–µ—Ç, –ø–∞—Ä–∫ –º–∞–ª–µ–Ω—å–∫–∏–π, –æ–æ–æ—á–µ–Ω—å –ø–æ–∂–∞–ª–µ–ª —á—Ç–æ —Ö–æ–¥–∏–ª —Ç—É–¥–∞,
–ü–∞—Ä–∫ –ì–æ—Ä—å–∫–æ–≥–æ –æ–≥–æ–Ω—å",negative
–í–æ–ø—Ä–æ—Å: –∫–∞–∂–¥–æ–º—É —á–µ–ª–æ–≤–µ–∫—É –Ω—É–∂–Ω–æ –ø–ª–∞—Ç–∏—Ç—å –æ—Ç–¥–µ–ª—å–Ω–æ –∑–∞ –≤—Ö–æ–¥ 7-8—Ç—ã—Å ?,positive
–í—Å–µ–π —Å–µ–º—å—ë–π –≥—É–ª—è–µ–º –∑–¥–µ—Å—å,positive
"–û—Ç–ª–∏—á–Ω–æ–µ –º–µ—Å—Ç–æ –¥–ª—è —Ä–∞–∑–≤–ª–µ—á–µ–Ω–∏–π, –æ—Å–æ–±–µ–Ω–Ω–æ —Å –¥–µ—Ç—å–º–∏! –ò —Ü–µ–Ω–∞ –¥–æ—Å—Ç—É–ø–Ω–∞—è. 7000 —Ç–µ–Ω–≥–µ –∏ –ø–æ–ª–Ω—ã–π –±–µ–∑–ª–∏–º–∏—Ç –Ω–∞ –≤–µ—Å—å –¥–µ–Ω—å! –ö–∞—Ç–∞–π—Å—è, —Ö–æ—Ç—å —É–∫–∞—Ç–∞–π—Å—è!",positive
,positive
,negative
,negative
–ê –º–Ω–æ–≥–æ–¥–µ—Ç–Ω—ã–º —Å–µ–º—å—è–º –µ—Å—Ç—å —Å–∫–∏–¥–∫–∞ ??,negative
"üëåüèª–ö—Ä—É—Ç–æ–æ ,,,,,,,,,,,,,, –º–º–º",positive
"–°–æ–±–æ–π –µ–¥—É –∏ –≤–æ–¥–æ–π –ø—Ä–∏–Ω–æ—Å–∏—Ç–µ, –æ—á–µ–Ω—å –¥–æ—Ä–æ–≥–æ 800—Ç–≥ –∑–∞ –Ω–∞–ø–∏—Ç–æ–∫ 0.5",negative
"–ù–æ—Ä–º–∞–ª—å–Ω–æ –≤—Å–µ –¥–µ—à–µ–≤–æ, –Ω–æ –µ–¥—É –±—Ä–∞—Ç—å –Ω–∞–¥–æ —Å–æ–±–æ–π —Ç–∞–º –¥–æ—Ä–æ–≥–æ",positive
"–û—á–µ–Ω—å –∫–ª–∞—Å—Å–Ω–æ –±—ã–ª–æ , –∂–µ–Ω—â–∏–Ω–∞ –Ω–∞ –∫–∞—Å—Å–µ –≤–æ–æ–±—â–µ –∫–¥–∞—Å—Å–Ω–∞—è",positive
,negative
"–ª—É—á—à–∏–µ –∞—Ç—Ç—Ä–∞–∫—Ü–∏–æ–Ω—ã üòç –æ—Å–æ–±–µ–Ω–Ω–æ —Ç–∞—Ä–∞–Ω—Ç—É–ª–∞ –∏ –∞–º–µ—Ä–∏–∫–∞–Ω—Å–∫–∏–µ –≥–æ—Ä–∫–∏ü§Øüî•—Å—Ö–æ–¥–∏—Ç–µ —Ç–∞–º –æ—á–µ–Ω—å –∫—Ä—É—Ç–æ –∏ –≤–µ—Å–µ–ª–æ,–≤—Å–µ–µ–µ–º —Å–æ–≤–µ—Ç—É—é—é—é!!!",positive
"–í–µ—Å–µ–ª–æ, –∫—Ä–∞—Å–æ—á–Ω–æ –∏ –¥–æ—Ä–æ–≥–æ! 0,5 —Ñ—é—Å —á–∞–π 750 —Ç–≥??? –ß—Ç–æ –∑–∞ –∫–æ—à–º–∞—Ä–Ω—ã–µ —Ü–µ–Ω—ã –¥–∞–∂–µ –ª–∏—Ç—Ä –≤ –º–∞–≥–∞–∑–∏–Ω–∞—Ö —Ç–∞–∫ –Ω–µ —Å—Ç–æ–∏—Ç",neutral
"–ë—ã–ª–æ –æ—á–µ–Ω—å –≤–µ—Å–µ–ª–æ –∏ –∫–ª–∞—Å—Å–Ω–æ, –æ—Ç–ª–∏—á–Ω–æ –ø—Ä–æ–≤–µ–ª–∏ –≤—Ä–µ–º—è –≤ –¥–∞–Ω–Ω–æ–º –ø–∞—Ä–∫–µü§≠",positive
,negative
"”®—Ç–µ –∫“Ø—à—Ç—ñ –∂–µ—Ä –∫”©“£—ñ–ª –∫”©—Ç–µ—Ä—É–≥–µ, –∞–¥—Ä–µ–Ω–∞–ª–∏–Ω –∞–ª—É“ì–∞, –º–∞“ì–∞–Ω “±–Ω–∞–¥—ã‚ù§Ô∏è",positive
–°–ø–∞—Å–∏–±–æ –∑–∞ —Ç–æ —á—Ç–æ –≤–µ—Ä–Ω—É–ª–∏ –º–µ–Ω—è –æ–±—Ä–∞—Ç–Ω–æ –≤ –¥–µ—Ç—Å—Ç–≤–æ ü•∞) —Å–∞–º—ã–π –ª—é–±–∏–º—ã–π –ø–∞—Ä–∫ –≤—Å–µ–≥–¥–∞,positive
"–°–¥–µ–ª–∞–π—Ç–µ —É–∂–µ –≤—Ä–µ–º—è –¥–æ 22:00-23:00, —ç—Ç–æ –∂–µ –Ω–µ –Ω–æ—Ä–º–∞–ª—å–Ω–æ –¥–µ–ª–∞—Ç—å –¥–æ 9, –¥—É–º–∞—é –º–æ–ª–æ–¥–µ–∂–∏ –±—ã–ª–æ –±—ã –æ—á–µ–Ω—å —É–¥–æ–±–Ω–æ –ø–æ—Å–µ—â–∞—Ç—å –ø–∞—Ä–∫ –≤ —Ç–∞–∫–æ–µ –≤—Ä–µ–º—è.",negative
–ó–¥—Ä–∞–≤—Å—Ç–≤—É–π—Ç–µ! –í—ã –≤ –¥–æ–∂–¥–ª–∏–≤—ã–µ –¥–Ω–∏ —Ä–∞–±–æ—Ç–∞–µ—Ç–µ?,positive
,negative
"–û—á–µ—Ä–µ–¥—å –æ–≥—Ä–æ–º–Ω–∞—è, –∂–¥–µ—à—å –ø–æ —á–∞—Å—É —á—Ç–æ–±—ã –ø—Ä–æ–∫–∞—Ç–∞—Ç—å—Å—è –Ω–∞ –æ–¥–Ω–æ–º –∞—Ç—Ç—Ä–∞–∫—Ü–∏–æ–Ω–µ",neutral
–¶–µ–Ω–∞ –∑–∞–æ–±–ª–∞—á–Ω–∞—è,neutral
,negative
,negative
–∫–ª–∞—Å—Å–Ω–æ –ø—Ä–æ–≤–µ–ª–∏ –≤—Ä–µ–º—è ‚ù§Ô∏è,positive
"–ú—ã“õ—Ç—ã ,–º—ã“õ—Ç—ã –¥–∏–º",positive
–ë—ã–ª–æ –∫–ª–∞—Å—Å–Ω–æ –∫—Ä–æ–º–µ —Ç–∞—Ä–∞–Ω—Ç—É–ª—ã,positive
–õ–µ—Ç —á–µ—Ä–µ–∑ 10 –ø–æ—Å–µ—Ç–∏–ª üòÖ –≤—Å–µ —Ç–∞–∫–∂–µ. –î–∏–≤–∞–Ω –ø–æ—á–µ–º—É —Ç–æ —É–±—Ä–∞–ª–∏ ü§∑‚Äç‚ôÇÔ∏è,positive
"–ë–∞–ª–∞–ª—ã“õ —à–∞“õ—Ç—ã –µ—Å–∫–µ –∞–ª—ã–ø, –∞–¥—Ä–µ–Ω–∞–ª–∏–Ω –º–µ–Ω —ç–º–æ—Ü–∏—è –∞–ª—ã–ø “õ–∞–π—Ç—Ç—ã–ºü•∞",positive
–ö—Ä—É—Ç–æ ‚ù§Ô∏è‚ù§Ô∏èüî•üî•,positive
–∞—Ç—Ç—Ä–∞–∫—Ü–∏–æ–Ω–¥–∞—Ä –∫—É—à—Ç–∏ –Ω–æ –Ω–æ–≤–∏–Ω–∫–∞–ª–∞—Ä –∫–æ—Å—É –∫–µ—Ä–µ–∫,positive
,neutral
,negative
,positive
,negative
,positive
,neutral
,negative
,negative
,negative
,positive
,positive
,positive
,negative
,negative
,negative
,negative
,negative
,negative
,positive
,negative
,negative
,neutral
,negative
,negative
,negative
,negative
,positive
,negative
,positive
,negative
,negative
,negative
,negative
,neutral
,neutral
,positive
,negative
,negative
,positive
,negative
,neutral
,neutral
,positive
,positive
,negative
,negative
,negative
,negative
,negative
,negative
,neutral
,negative
,negative
,negative
,negative
,positive
,negative
,negative
,negative
,positive
,neutral
,positive
,negative
,positive
,negative
,negative
,positive
,negative
,neutral
,positive
,negative
,neutral
,negative
,negative
,positive
,negative
,positive
,negative
,positive
,positive
,positive
,positive
,positive
,positive
,positive
,negative
,positive
,negative
,positive
,positive
,positive
,neutral
,positive
,positive
,positive
,positive
,positive
,negative
,positive
,positive
,positive
,positive
,positive
,negative
,positive
,positive
,positive
,positive
,positive
,positive
,positive
,negative
,positive
,positive
,neutral
,neutral
,positive
,neutral
,positive
,positive
,positive
,positive
,positive
,positive
,neutral
,positive
,positive
,positive
,positive
,positive
,negative
,positive
,neutral
,positive
,positive
,positive
,positive
,neutral
,positive
,positive
,negative
,positive
,negative
,neutral
,positive
,positive
,negative
,positive
,positive
,positive
,positive
,negative
,positive
,positive
,positive
,neutral
,positive
,positive
,positive
,positive
,positive
,negative
,negative
,positive
,negative
,positive
,negative
,positive
,positive
,negative
,neutral
,negative
,neutral
,positive
,negative
,negative
,positive
,neutral
,negative
,negative
,positive
,positive
,negative
,negative
,negative
,positive
,positive
,neutral
,positive
,negative
,negative
,positive
,negative
,negative
,positive
,positive
,positive
,positive
,positive
,positive
,negative
,negative
,positive
,negative
,negative
,negative
,negative
,negative
,negative
,positive
,negative
,negative
,positive
,negative
,positive
,negative
,positive
,negative
,negative
,negative
,negative
,negative
,positive
,negative
,negative
,positive
,negative
,neutral
,negative
,negative
,negative
,negative
,positive
,negative
,negative
,negative
,positive
,positive
,positive
,negative
,positive
,positive
,positive
,negative
,positive
,positive
,negative
,positive
,negative
,positive
,negative
,negative
,negative
,neutral
,negative
,negative
,negative
,positive
,positive
,negative
,neutral
,negative
,negative
,negative
,neutral
,neutral
,positive
,positive
,positive
,negative
,negative
,negative
,negative
,negative
,positive
,positive
,negative
,negative
,negative
,positive
,negative
,negative
,negative
,negative
,negative
,negative
,positive
,negative
,negative
,positive
,negative
,negative
,negative
,positive
,negative
,negative
,positive
,neutral
,positive
,neutral
,positive
,negative
,positive
,negative
,negative
,negative
,positive
,positive
,positive
,negative
,negative
,negative
,negative
,positive
,negative
,negative
,positive
,negative
,neutral
,positive
,negative
,negative
,positive
,negative
,neutral
,negative
,negative
,positive
,negative
,negative
,negative
,negative
,positive
,negative
,negative
,positive
,negative
,positive
,negative
,negative
,negative
,negative
,positive
,negative
,positive
,positive
,negative
,negative
,negative
,negative
,negative
,negative
,negative
,neutral
,positive
,negative
,positive
,positive
,negative
,neutral
,negative
,negative
,negative
,negative
,positive
,positive
,negative
,negative
,negative
,negative
,positive
,negative
,positive
,positive
,negative
,negative
,positive
,negative
,negative
,positive
,negative
,positive
,positive
,neutral
,neutral
,negative
,neutral
,negative
,neutral
,negative
,positive
,negative
,positive
,positive
,negative
,neutral
,positive
,positive
,neutral
,positive
,neutral
,negative
,negative
,negative
,negative
,negative
,negative
,positive
,negative
,negative
,negative
,neutral
,positive
,negative
,negative
,negative
,positive
,positive
,positive
,negative
,negative
,negative
,neutral
,negative
,negative
,positive
,positive
,neutral
,negative
,negative
,positive
,positive
,positive
,negative
,neutral
,negative
,negative
,negative
,negative
,negative
,negative
,negative
,positive
,positive
,positive
,positive
,positive
,positive
,positive
,positive
,negative
,neutral
,positive
,positive
,neutral
,positive
,negative
,positive
,positive
,positive
,negative
,positive
,positive
,positive
,positive
,positive
,positive
,positive
,positive
,negative
,positive
,positive
,neutral
,negative
,negative
,positive
,positive
,positive
,positive
,positive
,positive
,positive
,positive
,positive
,positive
,positive
,positive
,negative
,negative
,positive
,positive
,positive
,negative
,positive
,neutral
,positive
,positive
,positive
,positive
,positive
,positive
,positive
,positive
,positive
,positive
,positive
,positive
,positive
,negative
,positive
,positive
,negative
,positive
,positive
,neutral
,positive
,neutral
,positive
,positive
,positive
,neutral
,positive
,positive
,positive
,positive
,negative
,neutral
,positive
,negative
,positive
,positive
,positive
,positive
,positive
,positive
,negative
,positive
,positive
,negative
,positive
,negative
,negative
,negative
,neutral
,positive
,negative
,negative
,negative
,negative
,positive
,negative
,positive
,positive
,negative
,negative
,negative
,positive
,positive
,positive
,positive
,negative
,negative
,neutral
,neutral
,positive
,negative
,negative
,negative
,negative
,negative
,negative
,positive
,negative
,negative
,negative
,positive
,neutral
,neutral
,negative
,negative
,positive
,positive
,negative
,negative
,negative
,positive
,negative
,negative
,negative
,negative
,negative
,positive
,negative
,neutral
,negative
,negative
,negative
,positive
,positive
,positive
,negative
,negative
,positive
,negative
,neutral
,positive
,negative
,positive
,neutral
,positive
,positive
,neutral
,positive
,negative
,negative
,negative
,negative
,negative
,positive
,positive
,positive
,positive
,negative
,positive
,positive
,positive
,positive
,positive
,negative
,negative
,negative
,positive
,positive
,positive
,positive
,positive
,negative
,positive
,negative
,neutral
,negative
,negative
,positive
,negative
,positive
,positive
,positive
,negative
,negative
,neutral
,positive
,positive
,positive
,negative
,neutral
,neutral
,positive
,positive
,neutral
,negative
,positive
,positive
,negative
,neutral
,negative
,negative
,negative
,negative
,positive
,neutral
,positive
,positive
,negative
,negative
,positive
,positive
,positive
,positive
,neutral
,negative
,positive
,positive
,positive
,neutral
,positive
,negative
,negative
,negative
,neutral
,neutral
,negative
,negative
,negative
,positive
,positive
,positive
,negative
,negative
,positive
,negative
,positive
,neutral
,positive
,positive
,neutral
,negative
,positive
,positive
,positive
,negative
,negative
,positive
,positive
,neutral
,neutral
,negative
,negative
,negative
,negative
,positive
,positive
,negative
,positive
,neutral
,negative
,positive
,negative
,positive
,negative
,negative
,negative
,positive
,positive
,positive
,positive
,negative
,negative
,negative
,positive
,negative
,negative
,positive
,positive
,positive
,positive
,negative
,negative
,positive
,positive
,positive
,positive
,negative
,positive
,positive
,positive
,negative
,negative
,negative
,positive
,neutral
,negative
,negative
,positive
,negative
,positive
,negative
,negative
,positive
,positive
,positive
,positive
,negative
,negative
,negative
,negative
,negative
,positive
,negative
,negative
,negative
,negative
,negative
,negative
,negative
,negative
,negative
,negative
,negative
,negative
,positive
,neutral
,negative
,positive
,negative
,positive
,positive
,neutral
,positive
,positive
,negative
,negative
,positive
,positive
,positive
,neutral
,negative
,positive
,positive
,neutral
,positive
,positive
,positive
,positive
,positive
,neutral
,positive
,positive
,positive
,positive
,positive
,positive
,positive
,negative
,positive
,positive
,negative
,positive
,positive
,positive
,negative
,neutral
,neutral
,positive
,positive
,positive
,negative
,negative
,neutral
,negative
,negative
,negative
,negative
,negative
,negative
,positive
,positive
,negative
,positive
,negative
,neutral
,neutral
,negative
,negative
,neutral
,positive
,negative
,negative
,positive
,positive
,negative
,negative
,negative
,negative
,negative
,negative
,positive
,positive
,negative
,negative
,negative
,negative
,positive
,positive
,negative
,negative
,negative
,neutral
,positive
,negative
,positive
,negative
,neutral
,positive
,positive
,negative
,positive
,negative
,negative
,positive
,negative
,negative
,negative
,negative
,neutral
,negative
,negative
,negative
,negative
,negative
,negative
,negative
,negative
,negative
,negative
,positive
,neutral
,negative
,negative
,positive
,negative
,positive
,negative
,negative
,neutral
,negative
,positive
,positive
,negative
,negative
,positive
,negative
,negative
,negative
,positive
,negative
,negative
,negative
,negative
,negative
,negative
,negative
,positive
,negative
,neutral
,neutral
,neutral
,negative
,negative
,positive
,negative
,negative
,negative
,positive
,positive
,positive
,negative
,positive
,positive
,negative
,positive
,positive
,negative
,negative
,positive
,positive
,positive
,positive
,positive
,positive
,positive
,positive
,positive
,neutral
,positive
,negative
,negative
,positive
,positive
,negative
,negative
,positive
,neutral
,positive
,positive
,positive
,positive
,positive
,positive
,positive
,positive
,positive
,positive
,positive
,positive
,positive
,positive
,neutral
,positive
,positive
,negative
,positive
,positive
,positive
,neutral
,positive
,positive
,positive
,positive
,positive
,positive
,positive
,positive
,positive
,positive
,positive
,positive
,positive
,positive
,positive
,negative
,positive
,positive
,positive
,negative
,negative
,negative
,negative
,positive
,neutral
,positive
,neutral
,negative
,positive
,positive
,positive
,positive
,positive
,neutral
,positive
,negative
,negative
,positive
,negative
,negative
,positive
,positive
,neutral
,positive
,negative
,positive
,positive
,positive
,positive
,positive
,negative
,positive
,positive
,positive
,positive
,positive
,neutral
,positive
,neutral
,positive
,positive
,positive
,negative
,neutral
,positive
,positive
,positive
,positive
,positive
,positive
,neutral
,positive
,positive
,positive
,positive
,positive
,positive
,negative
,neutral
,negative
,positive
,positive
,negative
,negative
,positive
,positive
,positive
,negative
,positive
,positive
,positive
,negative
,negative
,negative
,positive
,negative
,positive
,positive
,positive
,negative
,positive
,negative
,negative
,positive
,positive
,positive
,negative
,positive
,positive
,negative
,negative
,positive
,negative
,positive
,positive
,negative
,positive
,positive
,positive
,positive
,positive
,positive
,positive
,positive
,positive
,positive
,positive
,negative
,positive
,positive
,positive
,positive
,positive
,positive
,neutral
,positive
,positive
,positive
,neutral
,negative
,negative
–°—É–ø–µ—Ä –º—ã —Ç–∞–º 3 —Ä–∞–∑ –±—É–¥–µ–º —Å–∞–≤–µ—Ç—É—é –∫–ª–∞–∞–∞–∞—Å—Å,positive
"–∫–ª–∞—Å—Å–Ω–æ, —Ö–æ—á—É —Ç—É–¥–∞. –±–∏–ª–µ—Ç —Å–∫–æ–ª—å–∫–æ —Å—Ç–æ–∏—Ç ?",positive
"–û—á–µ–Ω—å –∫—Ä—É—Ç–æ–µ –º–µ—Å—Ç–æ, –Ω–æ –ø–æ-–º–æ–µ–º—É —Å–ª–∏—à–∫–æ–º –¥–æ—Ä–æ–≥–æ–π –±–∏–ª–µ—Ç —á—Ç–æ –ª–∏?",positive
–°—É–ø–µ–µ–µ–µ—Äüôåüèªüôåüèªüôåüèªüôåüèªüôåüèªüôåüèªüôåüèªüôåüèª,positive
–ª—é–±–∏–º—ã–π –ø–∞—Ä–∫! –∂–∞–ª—å —á—Ç–æ –æ—á–µ—Ä–µ–¥–∏.,positive
