,Review,
0,"–ß–∞—Å—Ç—ã–µ –≥–æ—Å—Ç–∏, –≤ –≤—ã—Ö–æ–¥–Ω—ã–µ —á–∞—Å—Ç–æ –ø–æ—Å–µ—â–∞–µ–º!",positive
1,"–ù–µ—Ä–µ–∞–ª—å–Ω–æ –≤–∫—É—Å–Ω–æ–µ –º—è—Å–æ —Ç—É—Ç –ø–æ–¥–∞—é—Ç, —Ç–µ–ø–µ—Ä—å –±—É–¥–µ–º —Ç–æ–ª—å–∫–æ –∫ –≤–∞–º –ø—Ä–∏—Ö–æ–¥–∏—Ç—å",positive
2,–í–∫—É—Å–Ω–æ –∏ –æ–±—Å–ª—É–∂–∏–≤–∞–Ω–∏–µ —Ö–æ—Ä–æ—à–µ–µ. –°—Ç–µ–π–∫. –í–∫—É—Å–Ω—ã–µ –∏ –∫–æ–º–ø–ª–∏–º–µ–Ω—Ç –¥–∞—é—Ç –æ—Ç –∑–∞–≤–µ–¥–µ–Ω–∏—è. –¶–∏–≤–∏–ª—å–Ω–æ–µ –º–µ—Å—Ç–æ.,positive
3,—Å—É–ø–µ—Ä –º–µ—Å—Ç–æ,positive
4,–û—á–µ–Ω—å –≤–∫—É—Å–Ω–æ. –û–±—Å–ª—É–∂–∏–≤–∞–Ω–∏–µ –æ—Ç–ª–∏—á–Ω–æ–µ. –†–µ–∫–æ–º–µ–Ω–¥—É—é.,positive
5,–í–∫—É—Å–Ω—ã–µ –æ–±–µ–¥—ã —Ç—É—Ç,positive
6,–û—á–µ–Ω—å –≤–∫—É—Å–Ω–æ,positive
7,–ú—è—Å–æ —Ç–æ —á—Ç–æ –Ω–∞–¥–æüî• —Å—ã—Ç–Ω–æ,positive
8,"–û—á–µ–Ω—å —É—é—Ç–Ω–æ–µ , –∫—Ä–∞—Å–∏–≤–æ–µ –∑–∞–≤–µ–¥–µ–Ω–∏–µ. –í—á–µ—Ä–∞ —É–∂–∏–Ω–∞–ª–∏, —Å—Ç–µ–π–∫–∏ —Ö–æ—Ä–æ—à–∏–µ, –ø—Ä–∞–≤–∏–ª—å–Ω–∞—è –ø—Ä–æ–∂–∞—Ä–∫–∞ , —Å–æ—á–Ω—ã–µüëçüèª –õ–∏–º–æ–Ω–∞–¥ –æ–±–ª–µ–ø–∏—Ö–æ–≤—ã–π —Å—É–ø–µ—Ä. –û–±—Å–ª—É–∂–∏–≤–∞–Ω–∏–µ –Ω–∞ –≤—ã—Å—à–µ–º —É—Ä–æ–≤–Ω–µ.",positive
9,"–û—á–µ–Ω—å —É—é—Ç–Ω–æ–µ –º–µ—Å—Ç–æ, –≤—Å—Ç—Ä–µ—Ç–∏–ª–∏—Å—å –∑–¥–µ—Å—å —Å –¥—Ä—É–∑—å—è–º–∏, –Ω–∞ –∫–æ–º–ø–∞–Ω–∏—é –∏–∑ 7-8 —á–µ–ª–æ–≤–µ–∫, —á–µ–∫ –º–∏–Ω–∏–º–∞–ª—å–Ω—ã–π, –±–ª—é–¥–∞ –≤–∫—É—Å–Ω—ã–µ. –í –∑–∞–≤–µ–¥–µ–Ω–∏–∏ —á–∏—Å—Ç–æ –∏ —Ç–∏—Ö–æ, –±—ã–ª–∏ –æ—á–µ–Ω—å –¥–æ–≤–æ–ª—å–Ω—ã —Å–µ—Ä–≤–∏—Å–æ–º)",positive
10,"–û–±—Å–ª—É–∂–∏–≤–∞–Ω–∏–µ –Ω–∞ –≤—ã—Å–æ—Ç–µ, –∞ –º—è—Å–æ –≤–æ–æ–±—â–µüî•",positive
11,–ó–∞–≤–µ–¥–µ–Ω–∏–µ –ø–æ–Ω—Ä–∞–≤–∏–ª–æ—Å—å. –£—é—Ç–Ω–æ–µ. –ö–æ–º—Ñ–æ—Ä—Ç–Ω–æ–µ. –ü–æ–∫–∞ –ø—Ä–∏—Ö–æ–¥–∏–º –Ω–∞ –∑–∞–≤—Ç—Ä–∞–∫–∏. –û—á–µ–Ω—å –Ω—Ä–∞–≤—è—Ç—Å—è. –¢–µ–ø–µ—Ä—å –Ω–∞–¥–æ –ø–æ–ø—Ä–æ–±–æ–≤–∞—Ç—å –º—è—Å–æ üòÑ,positive
12,"–í—Å–µ –±—ã–ª–æ –∑–∞–º–µ—á–∞—Ç–µ–ª—å–Ω–æ, –≤–∫—É—Å–Ω–∞—è –∫—É—Ö–Ω—è, –æ—Ç–ª–∏—á–Ω–æ–µ –æ–±—Å–ª—É–∂–∏–≤–∞–Ω–∏–µ, –î–∏–º–∞ - –ª—É—á—à–∏–π! –°–ø–∞—Å–∏–±–æ –∑–∞ –≤–µ—á–µ—Ä!",positive
13,"–ö–∞–∫ –ø–æ–ª–æ–∂–µ–Ω–æ –≤—Å—Ç—Ä–µ—Ç–∏–ª–∞ —Ö–æ—Å—Ç–µ—Å, –¥—Ä—É–∂–µ–ª—é–±–Ω–æ –ø–æ–ø—Ä–∏–≤–µ—Ç—Å—Ç–≤–æ–≤–∞–ª –ø–µ—Ä—Å–æ–Ω–∞–ª, –≤–Ω—É—Ç—Ä–∏ —Ö–æ—Ä–æ—à–∏–π –∏–Ω—Ç–µ—Ä—å–µ—Ä. –ü—Ä–∏–Ω–µ—Å–ª–∏ –±–ª—é–¥–∞, –∫—Ä–∞—Å–∏–≤–∞—è –ø–æ–¥–∞—á–∞, –Ω–æ –ø–æ—Å–ª–µ –Ω–∞—Å—Ç—É–ø–∏–ª–æ —Ä–∞–∑–æ—á–∞—Ä–æ–≤–∞–Ω–∏–µ. –°—Ç–µ–π–∫ –±—ã–ª —Å—Ç—Ä–∞–Ω–Ω–æ–π —Ç–µ–∫—Å—Ç—É—Ä—ã –∏ –ª–µ–≥–∫–æ —Ä–∞–∑—Ä–µ–∑–∞–ª—Å—è –≤–∏–ª–∫–æ–π (–¥–∞–∂–µ –±–µ–∑ –Ω–æ–∂–∞), –∞ —É –º–µ–¥–∞–ª—å–æ–Ω–æ–≤ –Ω–µ–ø—Ä–∏—è—Ç–Ω—ã–π –∑–∞–ø–∞—Ö –∏ –≤–∫—É—Å. –ü–æ–¥–∞—á–∞ –∫—Ä–∞—Å–∏–≤–∞—è, –Ω–æ –º—è—Å–æ –Ω–µ –∏—Ö –∫–æ–Ω—ë–∫. –ù–∞ –≤–∫—É—Å –∏ —Ü–≤–µ—Ç ü§∑üèª‚Äç‚ôÄÔ∏è",negative
14,"–ü–æ–∂–∞–ª—É–π, –ª—É—á—à–∏–µ —Å—Ç–µ–π–∫–∏ –∑–¥–µ—Å—å!! 100% —Ä–µ–∫–æ–º–µ–Ω–¥—É—é!!!",positive
15,"–ú–æ—è –æ—Ü–µ–Ω–∫–∞: ‚≠ê‚≠ê‚≠ê‚≠ê‚≠ê (5/5)–û—Ç–ª–∏—á–Ω–æ–µ –∫–∞—á–µ—Å—Ç–≤–æ –µ–¥—ã, –ø—Ä–∏—è—Ç–Ω–∞—è –∞—Ç–º–æ—Å—Ñ–µ—Ä–∞ –∏ —Ö–æ—Ä–æ—à–∏–π —Å–µ—Ä–≤–∏—Å. üëçüëçüëç",positive
16,"–ü–æ—Å–µ—Ç–∏–ª —ç—Ç–æ—Ç —Ä–µ—Å—Ç–æ—Ä–∞–Ω, –∏ —É –º–µ–Ω—è –æ—Å—Ç–∞–ª–∏—Å—å –ø—Ä–∏—è—Ç–Ω—ã–µ –≤–ø–µ—á–∞—Ç–ª–µ–Ω–∏—è. –£—é—Ç–Ω–∞—è –∞—Ç–º–æ—Å—Ñ–µ—Ä–∞, —Å—Ç–∏–ª—å–Ω—ã–π –∏–Ω—Ç–µ—Ä—å–µ—Ä –∏ –ø—Ä–∏—è—Ç–Ω–∞—è –º—É–∑—ã–∫–∞ —Å–æ–∑–¥–∞—é—Ç –∫–æ–º—Ñ–æ—Ä—Ç–Ω–æ–µ –ø—Ä–æ—Å—Ç—Ä–∞–Ω—Å—Ç–≤–æ –¥–ª—è –æ—Ç–¥—ã—Ö–∞. –ü–µ—Ä—Å–æ–Ω–∞–ª –≤–µ–∂–ª–∏–≤—ã–π –∏ –≤–Ω–∏–º–∞—Ç–µ–ª—å–Ω—ã–π, –æ—Ñ–∏—Ü–∏–∞–Ω—Ç—ã —Ä–∞–±–æ—Ç–∞—é—Ç –±—ã—Å—Ç—Ä–æ –∏ —Å —É–ª—ã–±–∫–æ–π",positive
17,"–û—Ç–ª–∏—á–Ω–æ–µ –º–µ—Å—Ç–æ –¥–ª—è –ª—é–±–∏—Ç–µ–ª–µ–π –º—è—Å–∞! –°—Ç–µ–π–∫–∏ —Å–æ—á–Ω—ã–µ, –ø—Ä–æ–∂–∞—Ä–∫–∞ —Ç–æ—á–Ω–∞—è, –æ–±—Å–ª—É–∂–∏–≤–∞–Ω–∏–µ –Ω–∞ –≤—ã—Å—à–µ–º —É—Ä–æ–≤–Ω–µ. –ê—Ç–º–æ—Å—Ñ–µ—Ä–∞ —É—é—Ç–Ω–∞—è, –æ—Å–æ–±–µ–Ω–Ω–æ –ø–æ–Ω—Ä–∞–≤–∏–ª–∞—Å—å –∂–∏–≤–∞—è –º—É–∑—ã–∫–∞.",positive
18,"–û—á–µ–Ω—å –∫–ª–∞—Å—Å–Ω—ã–π —Ä–µ—Å—Ç–æ—Ä–∞–Ωüëç –ú—è—Å–æ –≤–∫—É—Å–Ω–æ–µ, –æ—Å–æ–±–µ–Ω–Ω–æ —Å—Ç–µ–π–∫. –û—Ñ–∏—Ü–∏–∞–Ω—Ç—ã –≤–µ–∂–ª–∏–≤—ã–µüëç –æ–±—è–∑–∞—Ç–µ–ª—å–Ω–æ –µ—â—ë —Ä–∞–∑ –≤–µ—Ä–Ω–µ–º—Å—è. –ü—Ä–∏–≤–µ—Ç –∏–∑ –ê—Å—Ç–∞–Ω—ãüôå",positive
19,"–ü–æ–Ω—Ä–∞–≤–∏–ª–æ—Å—å –æ–±—Å–ª—É–∂–∏–≤–∞–Ω–∏–µ, –æ—Ñ–∏—Ü–∏–∞–Ω—Ç—ã –æ—á–µ–Ω—å –≤–Ω–∏–º–∞—Ç–µ–ª—å–Ω—ã, –ø—Ä–æ—Ñ–µ—Å—Å–∏–æ–Ω–∞–ª—ã —Å–≤–æ–µ–≥–æ –¥–µ–ª–∞. –ö—É—Ö–Ω—è –ø—Ä–æ—Å—Ç–æ —à–∏–∫–∞—Ä–Ω–∞—è, –ø—Ä–æ–±–æ–≤–∞–ª–∏ —Å—Ç–µ–π–∫–∏ –∏ –±—É—Ä–≥–µ—Ä—ã, –º—è—Å–æ –Ω–µ–∂–Ω–æ–µ —Å–æ—á–Ω–æ–µ! –ë—É—Ä–≥–µ—Ä –±—ã–ª —Å–æ—á–Ω—ã–º –∏ –Ω–∞–ø–æ–ª–Ω–µ–Ω–Ω—ã–º. –°–ø–∞—Å–∏–±–æ —ç—Ç–æ–º—É –∑–∞–≤–µ–¥–µ–Ω–∏—é –∑–∞ —Ö–æ—Ä–æ—à–∏–π –≤–µ—á–µ—Ä!!!!",positive
20,"–æ—á–µ–Ω—å –≤–∫—É—Å–Ω–∞—è –µ–¥–∞,–ø–æ–¥–∞—á–∞, –±–ª—é–¥–∞ –æ—á–µ–Ω—å –≤–∫—É—Å–Ω—ã–µ üëç",positive
21,"–ó–∞–∫–∞–∑–∞–ª —Å—Ç–µ–π–∫, –º—è—Å–æ –∂–µ—Å—Ç–∫–æ–µ , –Ω–µ –≤–∫—É—Å–Ω–æ–µ , –≤ —Å–ª–µ–¥—É—é—â–∏–π —Ä–∞–∑ —Ç–æ—á–Ω–æ –Ω–µ –ø—Ä–∏–¥—É",negative
22,–û—á–µ–Ω—å —Ö–æ—Ä–æ—à–∏–µ –±–ª—é–¥–∞ –Ω–∞ –≥—Ä–∏–ª–µ,positive
23,"–û—Ç—Å—Ç–æ–π . –¶–µ–Ω—ã –∫–æ—Å–º–æ—Å , –æ–∂–∏–¥–∞–Ω–∏–µ –∏ —Ä–µ–∞–ª—å–Ω–æ—Å—Ç—å –Ω–µ —Å—Ç–æ–∏—Ç —Ç–æ–≥–æ.",negative
24,"–ë—ã–ª–∏ —Å –¥—Ä—É–∑—å—è–º–∏ –≤ —ç—Ç–æ–º –∑–∞–≤–µ–¥–µ–Ω–∏–∏, –ø—Ä–∏—è—Ç–Ω—ã–π –ø–µ—Ä—Å–æ–Ω–∞–ª, –≤—Å—Ç—Ä–µ—Ç–∏–ª–∏ –ø—Ä–æ–≤–æ–¥–∏–ª–∏ –¥–æ –Ω–∞—à–µ–≥–æ —Å—Ç–æ–ª–∏–∫–∞, –≤–µ–∂–ª–∏–≤–æ –≤–∑—è–ª–∏ –Ω–∞—à–∏ –∫—É—Ä—Ç–∫–∏ - –ø–æ–ª–æ–∂–∏–ª–∏ –≤ —à–∫–∞—Ñ—á–∏–∫ü•π–ò–Ω—Ç–µ—Ä—å–µ—Ä –Ω–µ–æ–±—ã—á–Ω—ã–π ‚ú®–∑–∞–∫–∞–∑—ã–≤–∞–ª–∏ —Å—Ç–µ–π–∫–∏, –æ—á–µ–Ω—å –∫—Ä–∞—Å–∏–≤–æ —ç—Ç–æ –≤—Å–µ –±—ã–ª–æ –ø–æ–¥–∞–Ω–æ, –∏ –≤–∫—É—Å–Ω–æ –±—ã–ª–æ)",positive
25,–£—é—Ç–Ω–æ –∏ –≤–∫—É—Å–Ω–æ —Å–ø–∞—Å–∏–±–æ –≤—Å–µ–º –ø—Ä—è–º –¥—Ä—É–∂–Ω–æ –≤—Å—Ç—Ä–µ—Ç–∏–ª–∏ —è –ø—Ä—è–º —Ä–∞–¥–∞ —á—Ç–æ —Å–µ–≥–æ–¥–Ω—è –±—ã–ª–∏ –∑–¥–µ—Å—å —Ç–æ–ø‚ù§Ô∏è‚ù§Ô∏è‚ù§Ô∏è‚ù§Ô∏è,positive
26,"–û—Ç–ª–∏—á–Ω–æ–µ –º–µ—Å—Ç–æ, —á—Ç–æ–±—ã –ø–æ–µ—Å—Ç—å –≤–∫—É—Å–Ω–æ–µ –º—è—Å–æ. –ó–∞—Ä–∏–Ω–µ –æ—Ç–¥–µ–ª—å–Ω–æ–µ —Å–ø–∞—Å–∏–±–æ",positive
27,"–•–æ—Ä–æ—à–∏–µ —à–∞—à–ª—ã–∫–∏, —Å—Ç–µ–π–∫–∏ –∏ –ø–∏–≤–æ!",positive
28,–ï—Å–ª–∏ –±—É–¥–µ—Ç–µ –∑–∞–∫–∞–∑—ã–≤–∞—Ç—å –Ω–∞ –≤—ã–Ω–æ—Å —Ç–æ –ø–æ–¥—É–º–∞–π—Ç–µ —Å—Ç–æ —Ä–∞–∞–∑! –°–∫–∞–∑–∞–ª–∏ —á—Ç–æ –∑–∞–±–µ—Ä–µ–º –≤ 13:30 –Ω–∞ 40 –º–∏–Ω—É—Ç –æ–ø–æ–∑–¥–∞–ª–∏ —Å–∏–¥–µ–ª–∏ –∏ –∂–¥–∞–ª–∏. –ü–µ—Ä—Å–æ–Ω–∞–ª –∫–æ—Å–æ —Å–º–æ—Ç—Ä–µ–ª –Ω–∞ –Ω–∞—Å —Ö–æ—Ç—è —Ä–µ—Å—Ç–æ—Ä–∞–Ω –±—ã–ª –ø—É—Å—Ç–æ–π –∫—Ä–æ–º–µ –Ω–∞—Å –±—ã–ª–æ –≤—Å–µ–≥–æ 2 —Å—Ç–æ–ª–∞ —Å 11:30 –Ω–µ —Å–º–æ–≥–ª–∏ –ø—Ä–∏–≥–æ—Ç–æ–≤–∏—Ç—å –∑–∞–∫–∞–∑ –≤–æ –≤—Ä–µ–º—è? ü´†ü´†ü´†ü´†,negative
29,"–£—é—Ç–Ω—ã–π —Ä–µ—Å—Ç–æ—Ä–∞–Ω, —à–∏–∫–∞—Ä–Ω—ã–π –∏–Ω—Ç–µ—Ä—å–µ—Ä!",positive
30,"–°–∞–º–∞—è –≤–∫—É—Å–Ω–∞—è –∫—É—Ö–Ω—è –∏ –≤–µ–∂–ª–∏–≤—ã–π –ø–µ—Ä—Å–æ–Ω–∞–ª. –ß–∞—Å—Ç–æ –ø–æ—Å–µ—â–∞–µ–º —ç—Ç–æ –∑–∞–≤–µ–¥–µ–Ω–∏–µ, –≤—Å–µ —Ç–∞–º —á–∏—Å—Ç–µ–Ω—å–∫–æ‚ù§Ô∏è –∏ –±–æ–ª—å—à–∞—è —Å–≤–æ—è –ø–∞—Ä–∫–æ–≤–∫–∞ –∏ –Ω–∞–º–∞–∑—Ö–∞–Ω–∞üíô–ï—Å—Ç—å –≤—Å–µ –¥–ª—è –∫–æ–º—Ñ–æ—Ä—Ç–Ω–æ–≥–æ –≤—Ä–µ–º—è–ø—Ä–æ–≤–æ–∂–¥–µ–Ω–∏—è ‚ù§Ô∏è",positive
31,–û—á–µ–Ω—å –≤–∫—É—Å–Ω–æü•πü•πü•π –°–µ—Ä–≤–∏—Å üëçüèª –ù–µ–æ–±—ã—á–Ω—ã–µ –±–ª—é–¥–∞üòç,positive
32,"–û—á–µ–Ω—å –ø—Ä–∏—è—Ç–Ω–æ –±—ã–ª–æ –Ω–∞—Ö–æ–¥–∏—Ç—å—Å—è —É –≤–∞—Å, –∫—É—Ö–Ω—è –∑–∞–º–µ—á–∞—Ç–µ–ª—å–Ω–∞—è, –ø–µ—Ä—Å–æ–Ω–∞–ª –æ—Ç–ª–∏—á–Ω—ã–π, —Å—Ç–µ–π–∫ —Å–µ–º–≥–∏ –≤—ã—à–µ –≤—Å—è–∫–∏—Ö –ø–æ—Ö–≤–∞–ª ü´∂üèª",positive
33,"–û–±—Å—Ç–∞–Ω–æ–≤–∫–∞ —É—é—Ç–Ω–∞—è. –ì–æ—Ç–æ–≤—è—Ç –Ω–µ–ø–ª–æ—Ö–æ, —Ö–æ—Ç—è –µ—Å—Ç –Ω—é–∞–Ω—Å—ã. –ù–æ –≤ —Ü–µ–ª–æ–º –æ—Å—Ç–∞–ª–∏—Å—å –¥–æ–≤–æ–ª—å–Ω—ã",neutral
34,–û—á–µ–Ω—å –±—ã–ª–æ –≤–∫—É—Å–Ω–æ. –û—á–µ–Ω—å –∫—Ä–∞—Å–∏–≤–æ–µ –∏ –ø—Ä–∏—è—Ç–Ω–æ–µ –º–µ—Å—Ç–æ. –ü–µ—Ä—Å–æ–Ω–∞–ª –º–æ–ª–æ–¥—Ü—ã.,positive
35,–û—Ç–ª–∏—á–Ω–æ–µ –º—è—Å–æ) –≤–æ–∑—å–º–∏—Ç–µ —Å—Ç–µ–π–∫–∏!,positive
36,"–û—á–µ–Ω—å –∫—Ä–∞—Å–∏–≤–æ–µ –º–µ—Å—Ç–æ, –¥–µ–≤—É—à–∫–∞ –Ω–∞ –≤—Ö–æ–¥–µ –º–∞–∫—Å–∏–º–∞–ª—å–Ω–æ –ø—Ä–∏—è—Ç–Ω–∞—è. –ù–∞ —ç—Ç–æ–º –≤—Å—ë. –°—É–¥—è –ø–æ —Ä–µ–π—Ç–∏–Ω–≥—É –∏ –æ—Ç–∑—ã–≤–∞–º –æ—Ñ–∏—Ü–∏–∞–Ω—Ç –î–º–∏—Ç—Ä–∏–π —Å–∞–º —Å–µ–±–µ –∫–æ–º–º–µ–Ω—Ç–∞—Ä–∏–∏ –ø–∏—à–µ—ÇüòÖ –ó–∞–∫–∞–∑–∞–ª–∏ —Å–µ—Ç –∏–∑ —à–∞—à–ª—ã–∫–æ–≤, –º–æ—Ä—Å –∏ —á–∞–π. –ù–∞–ø–∏—Ç–∫–∏ –ø—Ä–∏–Ω–µ—Å–ª–∏ —Å—Ä–∞–∑—É, —á–∞–π —Ç–æ–∂–µ, –æ –≤—Ä–µ–º–µ–Ω–∏ –ø–æ–¥–∞—á–∏ –Ω–µ —É—Ç–æ—á–Ω–∏–ª–∏. –ú—è—Å–æ –∂–¥–∞–ª–∏ 1 —á–∞—Å 15 –º–∏–Ω—É—Ç, –≤–º–µ—Å—Ç–æ –∑–∞—è–≤–ª–µ–Ω–Ω—ã—Ö 20 –º–∏–Ω—É—Ç. –ù–∏ –∏–∑–≤–∏–Ω–∏—Ç–µ, –Ω–∏ –ø—Ä–æ—Å—Ç–∏—Ç–µ, –î–º–∏—Ç—Ä–∏–π —Å–∫–∞–∑–∞–ª ¬´—Å –ø—ã–ª—É —Å –∂–∞—Ä—É¬ª, –ø–æ –≤—Å–µ–π –≤–∏–¥–∏–º–æ—Å—Ç–∏ —ç—Ç–æ —Å–∞—Ä–∫–∞–∑–º, —Ç–∞–∫ –∫–∞–∫ –≥–æ—Ä—è—á–∞—è –±—ã–ª–∞ –ª–∏—à—å —á–∞—Å—Ç—å –±–ª—é–¥–∞.",negative
37,"–û—á–µ–Ω—å –¥–æ–ª–≥–æ, –æ–¥–Ω–æ –±–ª—é–¥–æ –≥–æ—Ç–æ–≤–∏—Ç—Å—è —á–∞—Å, –∏ –≤ –∏—Ç–æ–≥–µ –µ–¥–∞ —á—É—Ç—å —Ç–µ–ø–ª–∞—è.",negative
38,"–¢–≤–µ—Ä–¥–∞—è –ø—è—Ç–µ—Ä–∫–∞. –ö–∞—á–µ—Å—Ç–≤–µ–Ω–Ω–æ–µ –æ–±—Å–ª—É–∂–∏–≤–∞–Ω–∏–µ, –≤–∫—É—Å–Ω–∞—è –∫—É—Ö–Ω—è, –ø–µ—Ä—Å–æ–Ω–∞–ª –æ—á–µ–Ω—å –æ—Ç–∑—ã–≤—á–∏–≤—ã–π. –û—Ñ–∏—Ü–∏–∞–Ω—Ç –î–º–∏—Ç—Ä–∏–π –∏ –∞–¥–º–∏–Ω–∏—Å—Ç—Ä–∞—Ç–æ—Ä –ê–π–≥—É–ª—å - –≤–∞–º –æ—Ç–¥–µ–ª—å–Ω–æ–µ —Å–ø–∞—Å–∏–±–æ. –ü—Ä–∏—à–ª–∏ —Å —Ä–µ–±–µ–Ω–∫–æ–º, –æ–Ω–∏ –∏–≥—Ä–∞–ª–∏ —Å –Ω–∏–º –≤ –ø—Ä—è—Ç–∫–∏ –∏ —Ç–¥, –¥–∞–≤ –Ω–∞–º –≤–æ–∑–º–æ–∂–Ω–æ—Å—Ç—å –Ω–µ–º–Ω–æ–≥–æ —Å–ø–æ–∫–æ–π–Ω–æ –ø–æ–∫—É—à–∞—Ç—å üòÄ–ù–∞ —Ä–µ—Å–µ–ø—à–µ–Ω–µ –¥–µ–≤—É—à–∫–∞ —Ç–æ–∂–µ –æ—á–µ–Ω—å –ø—Ä–∏–≤–µ—Ç–ª–∏–≤–∞—è.–í–æ–æ–±—â–µ–º —Ä–µ–∫–æ–º–µ–Ω–¥—É—é, –µ—â–µ –ø—Ä–∏–¥–µ–º –æ–±—è–∑–∞—Ç–µ–ª—å–Ω–æ.P.S –µ–¥—É —Ñ–æ—Ç–æ–≥—Ä–∞—Ñ–∏—Ä–æ–≤–∞—Ç—å –Ω–µ —É–º–µ—é, –Ω–æ —Ä—É–ª—å–∫–∞ –±–æ–º–±–æ–≤–∞—è.",positive
39,"–û—Ç–º–µ—Ç–∏–ª–∏ –¥–µ–Ω—å —Ä–æ–∂–¥–µ–Ω–∏—è –≤ —ç—Ç–æ–º –∑–∞–≤–µ–¥–µ–Ω–∏–∏, —Å–∫–∞–∑–∞—Ç—å —á—Ç–æ –º—ã –≤ –≤–æ—Å—Ç–æ—Ä–≥–µ –Ω–∏—á–µ–≥–æ –Ω–µ —Å–∫–∞–∑–∞—Ç—å! –°–µ—Ä–≤–∏—Å –Ω–∞ –≤—ã—Å–æ—Ç–µ, –∞–¥–º–∏–Ω–∏—Å—Ç—Ä–∞—Ü–∏—è, –æ—Ñ–∏—Ü–∏–∞–Ω—Ç –ù–∞—Ç–∞–ª—å—è –∑–∞ –±–µ—Å—Ç‚ô•Ô∏è –∞ –∫—É—Ö–Ω—è!!ü§åüèª –ø—Ä–æ—Å—Ç–æ –ø–∞–ª—å—á–∏–∫–∏ –æ–±–ª–∏–∂–µ—à—å! –ú—è—Å–æ –Ω–∞–∏—Å–æ—á–Ω–µ–π—à–µ–µ, –≤–∫—É—Å–Ω–æ–µ! –ü–æ—Ä—Ü–∏–∏ —Ä–∞–∑–º–µ—Ä —Ö–æ—Ä–æ—à–∏–π, –≤—Å–µ –æ—á–µ–Ω—å –≤–∫—É—Å–Ω–æ –∏ –¥–æ—Å—Ç–æ–π–Ω–æ! –ü–æ–ø–∞–ª–∏ –Ω–∞ —Ñ—É—Ä—à–µ—Ç, –≥–¥–µ —à–µ—Ñ-–ø–æ–≤–∞—Ä —É–≥–æ—Å—Ç–∏–ª –≤—Å–µ—Ö –≥–æ—Å—Ç–µ–π 3—Ö –º–µ—Ç—Ä–æ–≤—ã–º –ª—é–ª—è, –¥–ª—è –Ω–∞—Å —ç—Ç–æ –±—ã–ª–æ –≤ –∫–∞—á–µ—Å—Ç–≤–µ –æ–ø–µ—Ä–µ—Ç–∏–≤–∞.–í—Å–µ —á–∏—Å—Ç–æ –∞–∫–∫—É—Ä–∞—Ç–Ω–æ, –æ–¥–Ω–æ–∑–Ω–∞—á–Ω–æ –≤–µ—Ä–Ω–µ–º—Å—è –≤ —ç—Ç–æ –∑–∞–≤–µ–¥–µ–Ω–∏–µ! –ï—â–µ –Ω–∞–º –¥–∞–ª–∏ —Å–∫–∏–¥–∫—É -15% –≤ —á–µ—Å—Ç—å –¥–Ω—è —Ä–æ–∂–¥–µ–Ω–∏—è –∏ –ø–æ–¥–∞—Ä–∏–ª–∏ –º–µ—Ç—Ä –ª—é–ª—è! –ù—É –Ω–µ –ø—Ä–µ–ª–µ—Å—Ç—å –ª–∏?)üòç",positive
40,–û—Ç–ª–∏—á–Ω—ã–π —Ä–µ—Å—Ç–æ—Ä–∞–Ω. –í–∫—É—Å–Ω–æ–µ –º—è—Å–æ. –ê—Å—Å–æ—Ä—Ç–∏–º–µ–Ω—Ç –ø–∏–≤–∞ –±—ã —É–≤–µ–ª–∏—á–∏—Ç—å. –û–±—Å–ª—É–∂–∏–≤–∞–Ω–∏–µ –æ—Ç–ª–∏—á–Ω–æ–µ,positive
41,–í–∫—É—Å–Ω–æ –∏ –ø—Ä–∏—è—Ç–Ω–∞—è –∞—Ç–º–æ—Å—Ñ–µ—Ä–∞ –≤–Ω—É—Ç—Ä–∏.,positive
42,–°–∞–º–æ–µ –≤–∫—É—Å–Ω–æ–µ –º—è—Å–æüíì,positive
43,–û—á–µ–Ω—å —à–∏–∫–∞—Ä–Ω—ã–π —Ä–µ—Å—Ç–æ—Ä–∞–Ω ! –í—Å–µ–º —Ä–µ–∫–æ–º–µ–Ω–¥—É—é !,positive
44,"–ù–∞ –º–æ–π –≤–∑–≥–ª—è–¥ –æ—á–µ–Ω—å –ø–µ—Ä–µ–æ—Ü–µ–Ω–µ–Ω–Ω–æ–µ –º–µ—Å—Ç–æ. –û–±—Å—Ç–∞–Ω–æ–≤–∫–∞ –∏ –æ–±—Å–ª—É–∂–∏–≤–∞–Ω–∏–µ –¥–æ—Å—Ç–æ–π–Ω—ã–µ, –Ω–æ –∫—É—Ö–Ω—è –ø–æ—Å—Ä–µ–¥—Å—Ç–≤–µ–Ω–Ω–∞—è. –ú—è—Å–æ –Ω–µ –ø–æ–Ω—Ä–∞–≤–∏–ª–æ—Å—å. –ë—ã–ª–æ –Ω–∞–º–Ω–æ–≥–æ –≤–∫—É—Å–Ω–µ–µ –≤–æ –º–Ω–æ–≥–∏—Ö –º–µ—Å—Ç–∞—Ö –ê–ª–º–∞—Ç—ã. –ê —Å–∞–ª–∞—Ç—ã - —ç—Ç–æ –ø—Ä–æ—Å—Ç–æ –∑–∞–∫—É—Å–∫–∞ –¥–ª—è –º–∞–ª–µ–Ω—å–∫–æ–≥–æ —Ä–æ—Ç–∏–∫–∞. –ü–æ—Ä—Ü–∏–∏ —Å–∫—É–¥–Ω—ã–µ. –ù–µ –ø–æ–π–¥—É —Å—é–¥–∞ –±–æ–ª—å—à–µ.",negative
45,"–†—É—Å–ª–∞–Ω –ø—Ä–∏–≥–æ—Ç–æ–≤–∏–ª –∑–∞–º–µ—á–∞—Ç–µ–ª—å–Ω—ã–π —É–∂–∏–Ω, –≤—Å–µ –ø–æ–Ω—Ä–∞–≤–∏–ª–æ—Å—å, –ø—Ä–æ–∏–∑–≤–µ–¥–µ–Ω–∏–µ –∏—Å–∫—É—Å—Å—Ç–≤–∞ , –≤–∏–¥–Ω–æ —á—Ç–æ –≥–æ—Ç–æ–≤–∏—Ç —Å –¥—É—à–æ–π , —è –≤–æ—Å—Ö–∏—â–µ–Ω. üëè",positive
46,"–ü—Ä–µ–∫—Ä–∞—Å–Ω–æ–µ –º–µ—Å—Ç–æ, –æ—Ç–ª–∏—á–Ω–∞—è –∫–∞—á–µ—Å—Ç–≤–µ–Ω–Ω–∞—è –∫—É—Ö–Ω—è. –•–æ—Ä–æ—à–µ–µ –º—è—Å–æ, –≥–æ—Ç–æ–≤—è—Ç –∏–º–µ–Ω–Ω–æ —Ç–∞–∫, –∫–∞–∫ –∑–∞–∫–∞–∑—ã–≤–∞–µ—Ç–µ. –í—ã—Å–æ–∫–∏–π —É—Ä–æ–≤–µ–Ω—å —Å–µ—Ä–≤–∏—Å–∞. –û—Å–æ–±–µ–Ω–Ω–æ –ø—Ä–∏—è—Ç–Ω–æ –±—ã–ª–æ –∑–∞–±–æ—Ç–ª–∏–≤–æ–µ –≤–Ω–∏–º–∞–Ω–∏–µ —Å–æ —Å—Ç–æ—Ä–æ–Ω—ã –ê–∑–∏–º–æ–≤–∞ –î–º–∏—Ç—Ä–∏—è.–ü—Ä–∏–¥–µ–º –µ—â–µ!",positive
47,–í–∫—É—Å–Ω–µ–Ω—å–∫–æ!!!!,positive
48,"–û—á–µ–Ω—å –ø–æ–Ω—Ä–∞–≤–∏–ª–æ—Å—å, –∞—Ç–º–æ—Å—Ñ–µ—Ä–∞, –∫—É—Ö–Ω—è, –æ–±—Å–ª—É–∂–∏–≤–∞–Ω–∏–µ, —Å–∫–∏–¥–∫–∞ –≤ 30% –æ—á–µ–Ω—å –ø–æ—Ä–∞–¥–æ–≤–∞–ª–∞",positive
49,–í—Å–µ –æ—á–µ–Ω—å –≤–∫—É—Å–Ω–æ. –°–ø–∞—Å–∏–±–æ –±–æ–ª—å—à–æ–µ –∑–∞–≤–µ–¥–µ–Ω–∏—é,positive
50,–•–æ—á—É –æ—Å—Ç–∞–≤–∏—Ç—å —á–µ—Å—Ç–Ω—ã–π –æ—Ç–∑—ã–≤ . –†–µ—Å—Ç–æ—Ä–∞–Ω –Ω–∞ –≤—Å–µ —Å—Ç–æ. –¢–∞–º –Ω–∞—á–∏–Ω–∞—è –æ—Ç –∞–¥–º–∏–Ω–∏—Å—Ç—Ä–∞—Ç–æ—Ä–∞ –¥–µ–≤—É—à–∫–∏ –¥–æ –ø–æ–≤–∞—Ä–æ–≤ –≤—Å–µ –∏–¥–µ–∞–ª—å–Ω–æ. –ß–∏—Å—Ç–æ —Å–ø–æ–∫–æ–π–Ω–æ –≤–∫—É—Å–Ω–æ –∫—Ä–∞—Å–∏–≤–æ —Å–µ—Ä–≤–∏—Å –ø—Ä–æ—Å—Ç–æ –Ω–µ—Ç —Å–ª–æ–≤. –Ø –±—ã–ª–∞ —Å —Å–µ–º—å–µ–π –º—ã –≤—Å–µ –æ—á–µ–Ω—å –¥–æ–≤–æ–ª—å–Ω—ã –æ—Å—Ç–∞–ª–∏—Å—å . –ê–ª–µ–∫—Å–∞–Ω–¥—Ä –∏ –î–º–∏—Ç—Ä–∏–π –æ—Ñ–∏—Ü–∏–∞–Ω—Ç—ã –æ–Ω–∏ –ø—Ä–æ—Å—Ç–æ —á—É–¥–æ–æ–æ–æ —è –ø–æ–∫–∞ –Ω–∞—Å–ª–∞–∂–¥–∞–ª–∞—Å—å –µ–¥–æ–π –æ–Ω–∏ –ø—Ä–∏—Å–º–∞—Ç—Ä–∏–≤–∞–ª–∏ –∑–∞ –º–æ–µ–π –¥–æ—á–∫–æ–π —ç—Ç–æ –æ—á–µ–Ω—å –º–∏–∏–∏–∏–ª–æ –∏ –ø—Ä–∏—è—Ç–Ω–æ. –û–≥—Ä–æ–º–Ω–æ–µ –≤–∞–º —Å–ø–∞—Å–∏–±–æ . –ú—ã –æ–±—è–∑–∞—Ç–µ–ª—å–Ω–æ –±—É–¥–µ–º –≤–æ–∑–≤—Ä–∞—â–∞—Ç—å—Å—è .,positive
51,"–û—Ç–ª–∏—á–Ω—ã–π –∏–Ω—Ç–µ—Ä—å–µ—Ä, —É—é—Ç–Ω–∞—è –æ–±—Å—Ç–∞–Ω–æ–≤–∫–∞! –°–∞–º–æ–µ –≥–ª–∞–≤–Ω–æ–µ, —ç—Ç–æ –º—è—Å–æ! –ê –º—è—Å–æ —Ç—É—Ç –ø—Ä–æ—Å—Ç–æ –æ–±–∞–ª–¥–µ–Ω–Ω–æ–µ! –†–µ–∫–æ–º–µ–Ω–¥—É—é –≤–∞–º –ø–æ—Å–µ—Ç–∏—Ç—å –∏ –ø–æ–ø—Ä–æ–±–æ–≤–∞—Ç—å —Å—Ç–µ–π–∫ ""–¢–æ–º–∞–≥–∞–≤–∫""",positive
52,–í–∫—É—Å–Ω–æ –∞—Ç–º–æ—Å—Ñ–µ—Ä–Ω–æ ‚ù§Ô∏è,positive
53,–ê—Å–∞–¥–æ –æ—Ç —à–µ—Ñ–∞ - –æ–≥–æ–Ω—å !,positive
54,"–°–ø–∞—Å–∏–±–æ —à–∏–∫–∞—Ä–Ω–∞—è –∫—É—Ö–Ω—è. –ê–ª–µ–∫—Å–∞–Ω–¥—Ä, –î–º–∏—Ç—Ä–∏–π –±—ã–ª–∏ –Ω–∞ –≤—ã—Å–æ—Ç–µ. –ú—É–∑—ã–∫–∞ –∏ –æ–±—Å—Ç–∞–Ω–æ–≤–∫–∞ —Ä–∞—Å–ø–æ–ª–∞–≥–∞–µ—Ç.",positive
55,–î–∏–º–∞ –∏ –ê–ª–µ–∫—Å–∞–Ω–¥—Ä üëçüëç,neutral
56,"–ë–µ–∑—É–º–Ω–æ –≤–∫—É—Å–Ω–æ, —à–∏–∫–∞—Ä–Ω–æ–µ –æ–±—Å–ª—É–∂–∏–≤–∞–Ω–∏–µ! –°–ø–∞—Å–∏–±–æ!",positive
57,–ú—è—Å–æ –æ—á–µ–Ω—å –æ—á–µ–Ω—å –≤–∫—É—Å–Ω–æ,positive
58,"“ö–∞–∑–∞“õ —Ç—ñ–ª—ñ–Ω–¥–µ –º”ô–∑—ñ—Ä –∂—ñ–±–µ—Ä–≥–µ–Ω –∂–æ“õ, –Ω–∞—à–∞—Ä‚ÄºÔ∏è",negative
59,"–û—á–µ–Ω—å –≤–∫—É—Å–Ω–æ,, —Ö–æ—Ä–æ—à–∏–π –∏–Ω—Ç–µ—Ä—å–µ—Ä, –≤–µ–∂–ª–∏–≤—ã–π –ø–µ—Ä—Å–æ–Ω–∞–ª üòç –µ—â–µ –≤–æ–∑–ª–µ –¥–æ–º–∞!!!",positive
60,–í—Å–µ –æ—á–µ–Ω—å –≤–∫—É—Å–Ω–æ–°–ø–∞—Å–∏–±–æ –±–æ–ª—å—à–æ–µ –∑–∞ —Å–µ—Ä–≤–∏—Å–û—Å–æ–±–µ–Ω–Ω–æ –∑–∞ –æ–±—Å–ª—É–∂–∏–≤–∞–Ω–∏–µ–ê–∑–∏–º–æ–≤—É –î–º–∏—Ç—Ä–∏—é–ü–æ –µ–≥–æ —Ä–µ–∫–æ–º–µ–Ω–¥–∞—Ü–∏–∏ –±–ª—é–¥–∞ –æ—Ç–º–µ–Ω–Ω—ã–µ–í—Å–µ —Ç–æ —á—Ç–æ –Ω–∞–º –±—ã–ª–æ –Ω—É–∂–Ω–æ üòãüòãüòãüòãüòã–ë–ª–∞–≥–æ–¥–∞—Ä—é ‚ò∫Ô∏è‚ô•Ô∏è,positive
61,"–û—á–µ–Ω—å –ø–æ–Ω—Ä–∞–≤–∏–ª–æ—Å—å –∑–∞–≤–µ–¥–µ–Ω–∏–µ.–û—Å–æ–±–µ–Ω–Ω–æ —Ç–æ–º–∞–≥–∞–≤–∫, –ª—é–±–ª—é —Ç–∞–∫–∏–µ –∫–ª–∞—Å–Ω—ã–µ —Å—Ç–µ–π–∫–∏.–í —Å–ª–µ–¥—É—â–∏–π —Ä–∞–∑ –ø—Ä–∏–¥—É –≤–º–µ—Å—Ç–µ —Å –¥—Ä—É–∑—å—è–º–∏!",positive
62,"–î–∏–º–∞ —Ç–æ–ø–æ–≤—ã–π! –¢–∞–º–æ–≥–∞–≤–∫ —Ç–æ–∂–µ, –Ω–æ –Ω–µ –Ω–∞—Å—Ç–æ–ª—å–∫–æ –∫–∞–∫ –î–∏–º–∞.",neutral
63,"–•–æ—Ä–æ—à–µ–µ –∑–∞–≤–µ–¥–µ–Ω–∏–µ, –≤—Å–µ –ø–æ–Ω—Ä–∞–≤–∏–ª–æ—Å—å, –î–º–∏—Ç—Ä–∏–π –ª—É—á—à–∏–π",positive
64,"–û–±—ã—á–Ω–æ —Ç—É—Ç –±—É—Ä–≥–µ—Ä—ã –≤–∫—É—Å–Ω—ã–µ, –Ω–æ –≤—á–µ—Ä–∞ –ø–æ–¥–∞–ª–∏ –±—É–≥—Ä–µ—Ä —Å –≥–æ–≤—è–¥–∏–Ω–æ–π, –∂—ë—Å—Ç–∫–æ–π, —á—Ç–æ –∂–µ–≤–∞—Ç—å —Ç—Ä—É–¥–Ω–æ –±—ã–ª–æ",negative
65,–•–æ—Ä–æ—à–æ üëçüëçüëç,positive
66,–í—Å–µ –±—ã–ª–æ –æ—á–µ–Ω—å –≤–∫—É—Å–Ω–æ —Å–ø–∞—Å–∏–±–æ –±–æ–ª—å—à–æ–µ! –û–±—Å–ª—É–∂–∏–≤–∞–Ω–∏–µ –Ω–∞ –≤—ã—Å—à–µ–º —É—Ä–æ–≤–Ω–µ!,positive
67,"–ë—ã–ª–∏ –≤ —Ä–µ—Å—Ç–æ—Ä–∞–Ω–µ 3–∏–π —Ä–∞–∑.–ü–µ—Ä–≤—ã–π –≤–∏–∑–∏—Ç –æ–±—Å–ª—É–∂–∏–≤–∞–ª –î–º–∏—Ç—Ä–∏–π, —Ç–æ–≥–¥–∞ –±—ã–ª–æ 10/10, –æ–Ω —É–º–µ–µ—Ç —Å–ª—É—à–∞—Ç—å –∏ —Å–ª—ã—à–∞—Ç—å. –≠—Ç–æ –±—ã–ª–æ —É–¥–æ–≤–æ–ª—å—Å—Ç–≤–∏–µ üíØ–í—Ç–æ—Ä–æ–π –≤–∏–∑–∏—Ç –æ–±—Å–ª—É–∂–∏–≤–∞–ª –¥—Ä—É–≥–æ–π —Å–æ—Ç—Ä—É–¥–Ω–∏–∫+–¥–µ–≤—É—à–∫–∏(–≤—Ä–æ–¥–µ –∫–∞–∫ –∞–¥–º–∏–Ω–∏—Å—Ç—Ä–∞—Ç–æ—Ä) —Å–∞–º–æ–µ –Ω–µ –ø—Ä–∏—è—Ç–Ω–æ–µ –≤–ø–µ—á–∞—Ç–ª–µ–Ω–∏–µ –æ—Å—Ç–∞–ª–æ—Å—å –∏–º–µ–Ω–Ω–æ –æ—Ç —Ä–∞—Å—á–µ—Ç–∞, –Ω–æ –∫—É—Ö–Ω—è –±—ã–ª–∞ 10/10–ò –≤ 3–∏–π —Ä–∞–∑ –∑–∞—Ä–∞–Ω–µ–µ –∑–≤–æ–Ω–∏–ª–∏ –±—Ä–æ–Ω–∏—Ä–æ–≤–∞–ª–∏. –ü—Ä–∏—à–ª–∏ —Ç–æ–ª—å–∫–æ –∏–∑-–∑–∞ —Ç–æ–≥–æ —á—Ç–æ –±—ã–ª –î–º–∏—Ç—Ä–∏–πüöÄ–í —Å–ª–µ–¥.—Ä–∞–∑ –≤–µ—Ä–Ω–µ–º—Å—è —Ç–∞–∫–∂–µ –≤ –µ–≥–æ —Å–º–µ–Ω—É –∏ –∫ –Ω–µ–º—É.–ú–æ–∏ –º—É–∂—á–∏–Ω—ã –±—ã–ª–∏ –¥–æ–≤–æ–ª—å–Ω—ã, –º—è—Å–æ ü•©üëå–°–∞–ª–∞—Ç —Å –∫—Ä–µ–≤–µ—Ç–∫–∞–º–∏ —Ñ–∞–≤–æ—Ä–∏—Ç, –æ—á–µ–Ω—å –≤–∫—É—Å–Ω–∞—è –ø–∞—Å—Ç–∞, –º–µ–¥–∞–ª—å–æ–Ω—ã –æ—Ç–ª–∏—á–Ω—ã–µ, –Ω–æ –ø–æ—Ä—Ü–∏–∏ –∫–∞–∫ –±—É–¥—Ç–æ —Å—Ç–∞–ª–∏ –º–µ–Ω—å—à–µ. –°—Ç–µ–π–∫–∏ —Ç–µ —á—Ç–æ 600 –≥—Ä —ç—Ç–æ üöÄüëå–î–º–∏—Ç—Ä–∏–π –±–ª–∞–≥–æ–¥–∞—Ä—é –∑–∞ —Å–µ—Ä–≤–∏—Å, –≤—ã—à–µ –≤—Å–µ—Ö –ø–æ—Ö–≤–∞–ª, —Å –í–∞–º–∏ –æ—á–µ–Ω—å –ø—Ä–∏—è—Ç–Ω–æ –Ω–∞—Ö–æ–¥–∏—Ç—å—Å—è –≤ –¥–∞–Ω–Ω–æ–º –∑–∞–≤–µ–¥–µ–Ω–∏–π, –µ—Å—Ç—å –≤—ã, –∑–Ω–∞—á–∏—Ç –≤–∏–∑–∏—Ç —É–¥–∞—Å—Ç—Å—è –Ω–∞ –≤—Å–µ üíØ",positive
68,–ö—Ä–µ–≤–µ—Ç–∫–∏ –ø—Ä–æ—Å—Ç–æ –æ–≥–æ–Ω—å!,positive
69,"–ü—Ä–æ–≤–µ–ª–∏ –∑–∞–º–µ—á–∞—Ç–µ–ª—å–Ω–æ –≤—Ä–µ–º—è —Å –≤–∫—É—Å–Ω—ã–º–∏ —Å—Ç–µ–π–∫–∞–º–∏, –∑–∞–º–µ—á–∞—Ç–µ–ª—å–Ω—ã–º –∏ –≤–Ω–∏–º–∞—Ç–µ–ª—å–Ω—ã–º –æ–±—Å–ª—É–∂–∏–≤–∞–Ω–∏–µ–º. –ë—ã–ª–æ –≤—Å–µ –æ—á–µ–Ω—å –≤–∫—É—Å–Ω–æ –∏ –¥—É—à–µ–≤–Ω–æ. –ë–ª–∞–≥–æ–¥–∞—Ä–∏–º –∑–∞ –æ—Ç–ª–∏—á–Ω—É—é –∞—Ç–º–æ—Å—Ñ–µ—Ä—É –∏ –Ω–∞—Å—Ç—Ä–æ–µ–Ω–∏–µ.",positive
70,"–°–∞–ª–∞—Ç—ã –ø—Ä–µ–∫—Ä–∞—Å–Ω—ã. –°—Ç–µ–π–∫ new york, –º—è—Å–Ω—ã–µ –∫–æ–ª–±–∞—Å–∫–∏ –∏ —à–∞—à–ª—ã–∫–∏ –æ—á–µ–Ω—å —Ö–æ—Ä–æ—à–∏. –†—ã–±–∞, —É–≤—ã, –Ω–µ —Ç–∞–∫ —Ö–æ—Ä–æ—à–∞. –í–∫—É—Å–Ω—ã–µ —á–∞–∏. –ß—É–≤—Å—Ç–≤—É–µ—Ç—Å—è, —á—Ç–æ –∑–∞–≤–µ–¥–µ–Ω–∏–µ —Å—Ç–∞—Ä–∞–µ—Ç—Å—è –ø–æ–¥–¥–µ—Ä–∂–∏–≤–∞—Ç—å —Ö–æ—Ä–æ—à–∏–π —É—Ä–æ–≤–µ–Ω—å.",positive
71,"–í —Ä–µ—Å—Ç–æ—Ä–∞–Ω–µ ""–ú—è—Å–æ–µ–¥"" —É–∂–∏–Ω–∞–ª–∏ 15.12.2024 –≥–æ–¥–∞ . –°—Ç–µ–π–∫–∏ –æ—á–µ–Ω—å –≤–∫—É—Å–Ω—ã–µ, –ø—Ä–æ–∂–∞—Ä–∫–∞ –æ—Ç–ª–∏—á–Ω–∞—è –∏–º–µ–Ω–Ω–æ —Ç–∞, —á—Ç–æ –ø–æ —Ç—Ä–µ–±–æ–≤–∞–Ω–∏—é! –°—Ç–µ–ø–µ–Ω—å –ø—Ä–æ–∂–∞—Ä–∫–∏ –ø—Ä–æ–≤–µ—Ä—è–µ—Ç—Å—è —Å—Ä–∞–∑—É –ø–æ –ø–æ–¥–∞—á–∏ –±–ª—é–¥–∞. –û—Å—Ç–∞–ª—å–Ω—ã–µ –±–ª—é–¥–∞ —Ç–æ–∂–µ –æ—á–µ–Ω—å –≤–∫—É—Å–Ω—ã–µ. –ö—Ä–∞—Å–∏–≤–æ –≤—Å–µ –æ—Ñ–æ—Ä–º–ª–µ–Ω–æ! –ü–æ–≤–∞—Ä–∞ –æ—Ç–ª–∏—á–Ω—ã–µ –∑–Ω–∞—Ç–æ–∫–∏ –ø–æ –ø—Ä–∏–≥–æ—Ç–æ–≤–ª–µ–Ω–∏—é –º—è—Å–∞! –û–±—Å–ª—É–∂–∏–≤–∞–Ω–∏–µ —Ö–æ—Ä–æ—à–µ–µ, –≤–Ω–∏–º–∞—Ç–µ–ª—å–Ω—ã–µ –∞–∫–∫—É—Ä–∞—Ç–Ω—ã–µ –æ—Ñ–∏—Ü–∏–∞–Ω—Ç—ã. –†–µ–∫–æ–º–µ–Ω–¥—É—é –∫–∞–∫ –º–µ—Å—Ç–æ –¥–ª—è –æ—Ç–ª–∏—á–Ω–æ–≥–æ –ø—Ä–æ–≤–µ–¥–µ–Ω–∏—è –≤—Ä–µ–º–µ–Ω–∏ –∏ –Ω–∞—Å–ª–∞–∂–¥–µ–Ω–∏—è –≤–∫—É—Å–Ω—ã–º–∏ –±–ª—é–¥–∞–º–∏!",positive
72,–•–æ—Ä–æ—à–∏–π —Ä–µ—Å—Ç–æ—Ä–∞–Ω. –í—Å—Ç—Ä–µ—Ç–∏–ª–∞ —É–ª—ã–±—á–∏–≤–∞—è –¥–µ–≤—É—à–∫–∞ –ø–æ–º–æ–≥–ª–∞ —Å –≤—ã–±–æ—Ä–æ–º —Å—Ç–æ–ª–∞ –ø—Ä–µ–¥–ª–æ–∂–∏–ª–∞ –≤–∑—è—Ç—å –∫—É—Ä—Ç–∫–∏ —á—Ç–æ –æ—á–µ–Ω—å –æ–±—Ä–∞–¥–æ–≤–∞–ª–æ. –ö—É—Ö–Ω—è —Ö–æ—Ä–æ—à–∞—è —Å—Ç–µ–π–∫–∏ –≤–∫—É—Å–Ω—ã–µ. –ë—É–¥–µ–º –µ—â–µ –ø—Ä–∏—Ö–æ–¥–∏—Ç—å,positive
73,"–ï—Ç—ñ ”©—Ç–µ –∂“±–º—Å–∞“õ, –¥”ô–º–¥—ñ –µ–∫–µ–Ωüëç–æ—Ñ–∏—Ü–∏–∞–Ω—Ç –î–∏–º–∞“ì–∞ –∫”©–ø —Ä–∞—Ö–º–µ—Ç! –ë”ô—Ä—ñ–º—ñ–∑–¥—ñ“£ –∫”©“£—ñ–ª—ñ–º—ñ–∑–¥—ñ —Ç–∞—É—ã–ø, –∫—É–ø–æ–Ω –±–µ—Ä–¥—ñüòÅ–∫—É—Ö–Ω—è, –æ–±—Å–ª—É–∂–∏–≤–∞–Ω–∏–µüíØ–ö“Ø—à—Ç—ñ –∂–µ—Ä –µ–∫–µ–Ωüòé",positive
74,–°–ø–∞—Å–∏–±–æ –æ—á–µ–Ω—å –≤–∫—É—Å–Ω–æ!,positive
75,–•–æ—Ä–æ—à–∏–π —Ä–µ—Å—Ç–∏–∫ –∞–¥–º–∏–Ω–∏—Å—Ç—Ä–∞—Ç–æ—Ä—à–∞ –∫—Ä–∞—Å–∏–≤–∞—è,positive
76,"–°—É–ø–µ—Ä –≤–∫—É—Å–Ω–æ–µ –º–µ—Å—Ç–æ. –í—Å–µ –±–ª—é–¥–∞ –≤–∫—É—Å–Ω—ã–µ –∏ —Å–∞–º–æ–µ –≥–ª–∞–≤–Ω–æ–µ –≤ –∑–∞–≤–µ–¥–µ–Ω–∏–∏ -—ç—Ç–æ –æ–±—Å–ª—É–∂–∏–≤–∞–Ω–∏–µ, —á—Ç–æ –î–º–∏—Ç—Ä–∏–π —Å–¥–µ–ª–∞–ª –Ω–∞ –≤—Å–µ 100%. –û—á–µ–Ω—å —á—É—Ç–∫–∏–π –∏ –ø—Ä–∏—è—Ç–Ω—ã–π –æ—Ñ–∏—Ü–∏–∞–Ω—Ç, –æ—Ç–º–µ—Ç–∏–ª–∏ –¥–µ–Ω—å —Ä–æ–∂–¥–µ–Ω–∏—è –º—É–∂–∞ –Ω–∞ —É—Ä–∞ üôèüèº",positive
77,–î–º–∏—Ç—Ä–∏–π —Ç–æ–øüî•,neutral
78,"–°—É–¥—è –ø–æ –≤—Å–µ–º—É –æ—á–µ–Ω—å —Ä–∞–∑—Ä–µ–∫–ª–∞–º–∏—Ä–æ–≤–∞–Ω–Ω–æ–µ –º–µ—Å—Ç–æ, –Ω–∞ –ø–µ—Ä–≤—ã–π –≤–∑–≥–ª—è–¥ –≤—Å–µ –æ—á–µ–Ω—å —Ö–æ—Ä–æ—à–æ, –¥–∏–∑–∞–π–Ω –∑–∞–≤–µ–¥–µ–Ω–∏—è —Å–æ–≤—Ä–µ–º–µ–Ω–Ω—ã–π –∏ –ø—Ä–∏—è—Ç–Ω—ã–π, –Ω–∞ —ç—Ç–æ–º –ø–ª—é—Å—ã –≤ —Ü–µ–ª–æ–º –∑–∞–∫–∞–Ω—á–∏–≤–∞—é—Ç—Å—è. –ù–∞ –≤—Ö–æ–¥–µ –Ω–∞—Å –Ω–µ –≤—Å—Ç—Ä–µ—Ç–∏–ª–∏ –∑–∞–±—Ä–∞–ª–∏ –∫—É—Ä—Ç–∫–∏ —É–∂–µ –Ω–∞ –º–µ—Å—Ç–µ, –¥–æ—Å—Ç–∞—Ç–æ—á–Ω–æ —Å—Ç—Ä–∞–Ω–Ω–æ –ø–æ–∫–∞–∑–∞–ª–æ—Å—å. –í –∑–∞–≤–µ–¥–µ–Ω–∏–∏ –±—ã–ª–æ –º–µ—Ä–æ–ø—Ä–∏—è—Ç–∏–µ, –¥–æ—Å—Ç–∞—Ç–æ—á–Ω–æ –≥—Ä–æ–º–∫–æ, —Ç–∞–∫ —á—Ç–æ –Ω–∏—á–µ–≥–æ –Ω–µ –±—ã–ª–æ —Å–ª—ã—à–Ω–æ, —Ö–æ—Ç—è –º—ã —Å–∏–¥–µ–ª–∏ –∑–∞ –º–∞–ª–µ–Ω—å–∫–∏–º —Å—Ç–æ–ª–∏–∫–æ–º, —è –¥–∞–∂–µ –¥—É–º–∞–ª–∞ —É–π—Ç–∏, –Ω–æ –ø—Ä–µ–¥–≤–∫—É—à–∞–ª–∞ –ø–æ–µ—Å—Ç—å –≤–∫—É—Å–Ω–æ–≥–æ –º—è—Å–∞. –Ø —Ö–æ—Ç–µ–ª–∞ –∫–æ–Ω—Å–∫–∏–µ —Ä–µ–±—Ä–∞, –∫–æ—Ç–æ—Ä—ã—Ö –Ω–µ –æ–∫–∞–∑–∞–ª–æ—Å—å –≤ –Ω–∞–ª–∏—á–∏–µ, –æ—Ñ–∏—Ü–∏–∞–Ω—Ç –ø—Ä–µ–¥–ª–æ–∂–∏–ª —Ä–µ–±—Ä–∞ –ø–æ-—Ç–µ—Ö–∞—Å—Å–∫–∏, —è —Å–∫–∞–∑–∞–ª–∞ —á—Ç–æ –Ω–µ –æ—á–µ–Ω—å —Ö–æ—á—É –∫–æ–ø—á–µ–Ω–Ω–æ–≥–æ, —Ç–æ–≥–¥–∞ –æ–Ω –ø—Ä–µ–¥–ª–æ–∂–∏–ª –±—Ä–∏—Å–∫–µ—Ç, —Å–∫–∞–∑–∞–ª —á—Ç–æ –æ—á–µ–Ω—å –≤–∫—É—Å–Ω–æ–µ, –≤ –∏—Ç–æ–≥–µ –º—É–∂ –≤–∑—è–ª —Ä–µ–±—Ä–∞ –ø–æ-—Ç–µ—Ö–∞—Å—Å–∫–∏, –∫–æ—Ç–æ—Ä—ã–µ –≤ –∏—Ç–æ–≥–µ –æ–∫–∞–∑–∞–ª–∏—Å—å –º–µ–Ω–µ–µ –∫–æ–ø—á–µ–Ω–Ω—ã–º–∏ (–º–æ–π –±—Ä–∏—Å–∫–µ –æ–∫–∞–∑–∞–ª—Å—è –Ω–∞ –ø–æ—Ä—è–¥–æ–∫ –±–æ–ª–µ–µ –∫–æ–ø—á–µ–Ω–Ω—ã–º). –°–æ—É—Å –∫ –±—Ä–∏—Å–∫–µ—Ç—É —É –æ–∫–∞–∑–∞–ª—Å—è —É–∂–∞—Å–Ω–æ —Å–æ–ª–µ–Ω—ã–º, –≤–∫—É—Å–∞ –º—è—Å–∞ –≤ –∏—Ç–æ–≥–µ —Ç–∞–º –Ω–µ –±—ã–ª–æ. –ü–æ –Ω–∞—á–∞–ª—É –ø–æ–∫–∞ –º—è—Å–æ –±—ã–ª–æ –≥–æ—Ä—è—á–∏–º –æ–Ω–æ –±—ã–ª–æ –Ω–µ–∂–Ω—ã–º, –∫–æ–≥–¥–∞ –Ω–∞—á–∞–ª–æ –æ—Å—Ç—ã–≤–∞—Ç—å, —Ç–æ —Å—Ç–∞–ª–æ —Ç—Ä—É–¥–Ω–æ –∂—É—é—â–∏–º—Å—è –∏ —Ä–µ–∂—É—â–∏–º—Å—è (—ç—Ç–æ –æ–Ω —Å—Ç—Ä–∞–Ω–Ω–æ, –≤–µ–¥—å —ç—Ç–æ –Ω–µ —Å—Ç–µ–π–∫, –∫–æ—Ç–æ—Ä—ã–π –æ—á–µ–Ω—å –±—ã—Å—Ç—Ä–æ –≥–æ—Ç–æ–≤–∏—Ç—Å—è –∏ –æ—Å—Ç–∞–µ—Ç—Å—è –Ω–µ–∂–Ω—ã–º –ø–æ–∫–∞ –≥–æ—Ä—è—á–∏–π, —ç—Ç–æ –≤—Å–µ —Ç–∞–∫–∏ –ø–æ–ª–Ω–æ—Å—Ç—å—é –≥–æ—Ç–æ–≤–æ–µ –º—è—Å–æ, –Ω–∞ —Å–∞–º–æ–º –º–µ—Ä–æ–ø—Ä–∏—è—Ç–∏–µ –≤–µ–¥—É—â–∏–π —Å–∫–∞–∑–∞–ª, —á—Ç–æ —ç—Ç–æ—Ç —Å–∞–º—ã–π –±—Ä–∏—Å–∫–µ—Ç –∫–æ–ø—Ç–∏—Ç—Å—è 12 —á–∞—Å–æ–≤, —Ç–∞–∫ –ø–æ—á–µ–º—É –æ–Ω —Ç–∞–∫ –±—ã—Å—Ç—Ä–æ —Å—Ç–∞–ª –∂–µ—Å—Ç–∫–∏–º?!) –±–∏—Ç—ã–π –æ–≥—É—Ä—Ü—ã –æ–∫–∞–∑–∞–ª–∏—Å—å —Å–∞–º—ã–º–∏ –æ–±—ã—á–Ω—ã–º–∏ –º–∞–ª–æ—Å–æ–ª—å–Ω—ã–º–∏ –æ–≥—É—Ä—Ü–∞–º–∏ –±–µ–∑ —á–µ–≥–æ-–ª–∏–±–æ –µ—â–µ, —Ç–æ–ª—å–∫–æ —Å–æ–ª—å. –ú–æ–ª–æ–¥–æ–π –∫–∞—Ä—Ç–æ—Ñ–µ–ª—å —Ç–æ–∂–µ –±—ã–ª —Å–æ–≤–µ—Ä—à–µ–Ω–Ω–æ –Ω–µ –∏–Ω—Ç–µ—Ä–µ—Å–Ω—ã–º. –ó–∞–∫–∞–∑–∞–ª–∏ –∏–º–±–∏—Ä–Ω—ã–π —á–∞–π, –ø–æ–ø—Ä–æ—Å–∏–ª–∏ –±–µ–∑ –º–µ–¥–∞, —Ç–∞–∫ –∫–∞–∫ –Ω–µ –ø—å–µ–º —Å–ª–∞–¥–∫–∏–µ —á–∞–∏, –º—É–∂ –ø–æ–º–∏–º–æ –ø—Ä–æ—á–µ–≥–æ –≤–∑—è–ª –ø–∏–≤–æ –∏ –≤–∏–¥–∏–º–æ –∏–∑-–∑–∞ —ç—Ç–æ–≥–æ –ø—Ä–∏–Ω–µ—Å–ª–∏ —Ç–æ–ª—å–∫–æ –æ–¥–Ω—É —á–∞–π–Ω—É—é –ø–∞—Ä—É, –≤–∏–¥–∏–º–æ —ç—Ç–æ –Ω–æ—Ä–º–∞–ª—å–Ω–æ –ª–∏—Ç—Ä —á–∞—è –≤ –æ–¥–Ω–æ–≥–æ –ø–∏—Ç—å, –ø—Ä–∏—à–ª–æ—Å—å –ø–æ–ø—Ä–æ—Å–∏—Ç—å –¥–æ–ø–æ–ª–Ω–∏—Ç–µ–ª—å–Ω—É—é —á–∞–π–Ω—É—é –ø–∞—Ä—É ( —É –º–µ–Ω—è —Ç–∞–∫–æ–µ –≤–ø–µ—Ä–≤—ã–µ –≤–æ–æ–±—â–µ, –æ–±—ã—á–Ω–æ –ª–∏–±–æ –∞–≤—Ç–æ–º–∞—Ç–∏—á–µ—Å–∫–∏ –ø—Ä–∏–Ω–æ—Å—è—Ç —Å—Ç–æ–ª—å–∫–æ —á–∞–π–Ω—ã—Ö –ø–∞—Ä —Å–∫–æ–ª—å–∫–æ –ª—é–¥–µ–π, –ª–∏–±–æ —Å–ø—Ä–∞—à–∏–≤–∞—é—Ç). –Ø –∑–∞–∫–∞–∑–∞–ª–∞ –µ—â–µ –æ–≤–æ—â–∏ –≥—Ä–∏–ª—å, –∫–æ—Ç–æ—Ä—ã–µ —Ç–æ–∂–µ –æ–∫–∞–∑–∞–ª–∏—Å—å –±–µ–∑ –∫–∞–∫–æ–≥–æ –ª–∏–±–æ –º–∞—Ä–∏–Ω–∞–¥–∞, –æ—á–µ–Ω—å –±—ã—Å—Ç—Ä–æ –ø—Ä–∏–≥–æ—Ç–æ–≤–ª–µ–Ω–Ω—ã–µ, –æ–±—ã—á–Ω–æ –≤—Å–µ–≥–¥–∞ –æ–≤–æ—â–∏ —Å–ª–µ–≥–∫–∞ –ø—Ä–∏–≥–æ—Ç–æ–≤–ª–µ–Ω–Ω—ã–µ, –∞ —Ç—É—Ç –æ–Ω–∏ –∞–±—Å–æ–ª—é—Ç–Ω–æ —Å—ã—Ä—ã–µ, –Ω–æ –ø–æ–¥–∂–∞—Ä–µ–Ω–Ω—ã–µ, –≤–∫—É—Å –ø—Ä–æ—Å—Ç–æ —É–≥–ª—è. –û—Å—Ç–∞–≤–∏–ª–∏ 27 —Ç—ã—Å—è—á —Ç–µ–Ω–≥–µ, —É–¥–æ–≤–æ–ª—å—Å—Ç–≤–∏—è - 0. –ï—â–µ –Ω–∞–ø–∏—Å–∞–ª–∞ –±—ã, –Ω–æ –±–æ–ª—å—à–µ 2000 —Å–∏–º–≤–æ–ª–æ–≤ –Ω–µ–ª—å–∑—è.",negative
79,"–ë—ã–ª–∏ –Ω–∞ –≥–∞—Å—Ç—Ä–æ—É–∂–∏–Ω–µ, –ø–µ—Ä–µ–ø—Ä–æ–±–æ–≤–∞–ª–∏ –≤—Å—ë –º—è—Å–æ. –û—á–µ–Ω—å –≤–∫—É—Å–Ω–æ. –°–∫–∞–∑–∞–ª–∏ –≤ –∫–∞–∫–∏–µ-—Ç–æ –¥–Ω–∏ –µ—Å—Ç—å 3-—Ö –º–µ—Ç—Ä–æ–≤—ã–π –ª—é–ª—è. –í–µ—Ä–Ω—ë–º—Å—è) –°–ø–∞—Å–∏–±–æ —à–µ—Ñ –ø–æ–≤–∞—Ä—É –°–µ—Ä–≥–µ—é –ê–ª–µ–∫—Å–∞–Ω–¥—Ä–æ–≤–∏—á—Éü´∂",positive
80,"–û—á–µ–Ω—å –≤–∫—É—Å–Ω–∞—è –∫—É—Ö–Ω—è! –ú—è—Å–æ –ø—Ä–æ—Å—Ç–æ –ø–∞–ª—å—á–∏–∫–∏ –æ–±–ª–∏–∂–µ—à—å. –†–µ–∫–æ–º–µ–Ω–¥—É—é –ø–æ—Å–µ—Ç–∏—Ç—å —Ö–æ—Ç—è –±—ã –æ–¥–∏–Ω —Ä–∞–∑, –Ω–æ –±—É–¥—å—Ç–µ –≥–æ—Ç–æ–≤—ã –±—Ä–æ–Ω–∏—Ä–æ–≤–∞—Ç—å —Å—Ç–æ–ª–∏–∫ —É–∂–µ –Ω–∞ —Å–ª–µ–¥—É—é—â–∏–π —Ä–∞–∑)",positive
81,–í–∫—É—Å–Ω–æ–µ –Ω–µ–∂–Ω–æ–µ –º—è—Å–æ. –†–µ–∫–æ–º–µ–Ω–¥—É—é,positive
82,"–ù–µ–ø–ª–æ—Ö–æ–µ –º—è—Å–æ.–ü–µ—Ä—Å–æ–Ω–∞–ª –Ω–∞ –≤—Ö–æ–¥–µ –Ω–µ —Å–æ–≤—Å–µ–º –ø—Ä–∏–≤–µ—Ç–ª–∏–≤—ã–π. –ù–µ —Å—Ç—Ä–µ–º—è—Ç—Å—è —Ä–∞–∑–º–µ—Å—Ç–∏—Ç—å –≥–æ—Å—Ç—è —É–∂–µ –Ω–∞ –≤—Ö–æ–¥–µ. –ù—É–∂–Ω–æ –ø–æ–¥—Ö–æ–¥–∏—Ç—å –∏ –≥–æ–≤–æ—Ä–∏—Ç—å —á—Ç–æ —Ç—ã –±—Ä–æ–Ω–∏—Ä–æ–≤–∞–ª —Å—Ç–æ–ª. –ù–µ –ø—Ä–µ–¥–ª–∞–≥–∞—é—Ç —Å–Ω—è—Ç—å –≤–µ—Ä—Ö–Ω—é—é –æ–¥–µ–∂–¥—É, –ø—Ä–æ—Å–∏—à—å —Å–∞–º. –ö–æ—Ä–æ—á–µ –≥–æ–≤–æ—Ä—è, –ø–æ–∫–∞ –Ω–µ –ø–æ–ø—Ä–æ—Å–∏—à—å —Å–∞–º, —Ç–µ–±–µ –Ω–∏—á–µ–≥–æ –Ω–µ –ø—Ä–µ–¥–ª–æ–∂–∞—Ç –¥–ª—è –∫–æ–º—Ñ–æ—Ä—Ç–∞",negative
83,"1. –ù–µ–≤–µ—Ä–æ—è—Ç–Ω–∞—è –∞—Ç–º–æ—Å—Ñ–µ—Ä–∞ –∏ –æ–±—Å–ª—É–∂–∏–≤–∞–Ω–∏–µ:–ü–æ—Å–µ—Ç–∏–ª —ç—Ç–æ—Ç —Ä–µ—Å—Ç–æ—Ä–∞–Ω —Å —Å–µ–º—å–µ–π, –∏ –º—ã –æ—Å—Ç–∞–ª–∏—Å—å –≤ –≤–æ—Å—Ç–æ—Ä–≥–µ! –ò–Ω—Ç–µ—Ä—å–µ—Ä –ø—Ä–æ–¥—É–º–∞–Ω –¥–æ –º–µ–ª–æ—á–µ–π, —Å–æ–∑–¥–∞–≤–∞—è —É—é—Ç–Ω—É—é –∏ —Å—Ç–∏–ª—å–Ω—É—é –æ–±—Å—Ç–∞–Ω–æ–≤–∫—É. –û—Ñ–∏—Ü–∏–∞–Ω—Ç—ã –±—ã–ª–∏ –≤–Ω–∏–º–∞—Ç–µ–ª—å–Ω—ã–º–∏, –Ω–æ –Ω–µ –Ω–∞–∑–æ–π–ª–∏–≤—ã–º–∏, —á—Ç–æ –≤—Å–µ–≥–¥–∞ –ø—Ä–∏—è—Ç–Ω–æ. –ï–¥–∞ –≤–æ—Å—Ö–∏—Ç–∏—Ç–µ–ª—å–Ω–∞—è, –æ—Å–æ–±–µ–Ω–Ω–æ –ø–∞—Å—Ç–∞ —Å –º–æ—Ä–µ–ø—Ä–æ–¥—É–∫—Ç–∞–º–∏. –û–±—è–∑–∞—Ç–µ–ª—å–Ω–æ –≤–µ—Ä–Ω–µ–º—Å—è!",positive
84,"–û—Ç–ª–∏—á–Ω–æ–µ –º–µ—Å—Ç–æ –¥–ª—è –ª—é–±–∏—Ç–µ–ª–µ–π –º—è—Å–∞! –ë–æ–ª—å—à–∏–µ –ø–æ—Ä—Ü–∏–∏, —Å–æ—á–Ω—ã–µ —Å—Ç–µ–π–∫–∏, –≥—Ä–∞–º–æ—Ç–Ω–∞—è –ø—Ä–æ–∂–∞—Ä–∫–∞. –ü—Ä–∏—è—Ç–Ω–∞—è –∞—Ç–º–æ—Å—Ñ–µ—Ä–∞, –¥—Ä—É–∂–µ–ª—é–±–Ω—ã–π –ø–µ—Ä—Å–æ–Ω–∞–ª. –°—Ç–æ–∏—Ç –ø–æ—Å–µ—Ç–∏—Ç—å!",positive
85,"–ù–µ –º–æ–≥—É –ø–æ—Å—Ç–∞–≤–∏—Ç—å –±–æ–ª—å—à–µ –∑–≤–µ–∑–¥ –¥–∞–Ω–Ω–æ–º—É –∑–∞–≤–µ–¥–µ–Ω–∏—é. –Ø —Ç–∞–∫ –¥–æ–ª–≥–æ –≤—ã–±–∏—Ä–∞–ª–∞ –∫—É–¥–∞ —Å—Ö–æ–¥–∏—Ç—å –ø–æ—É–∂–∏–Ω–∞—Ç—å –∏ –ø–æ—á–∏—Ç–∞–≤ –æ—Ç–∑—ã–≤—ã —Ä–µ—à–∏–ª–∞ –ø–æ–π—Ç–∏ —Å—é–¥–∞.–í—Å—Ç—Ä–µ—Ç–∏–ª–∞ –¥–µ–≤—É—à–∫–∞, —É–ª—ã–±—á–∏–≤–∞—è, –≤–µ–∂–ª–∏–≤–∞—è. –û—Ñ–∏—Ü–∏–∞–Ω—Ç –î–º–∏—Ç—Ä–∏–π —Ç–æ–∂–µ —Ö–æ—Ä–æ—à–æ –æ–±—Å–ª—É–∂–∏–ª, –ø—Ä–æ—Ñ–µ—Å—Å–∏–æ–Ω–∞–ª—å–Ω–æ, –∞—Ç–º–æ—Å—Ñ–µ—Ä–∞ —Ö–æ—Ä–æ—à–∞—è. –°–∞–ª–∞—Ç—ã –±—ã–ª–∏ –æ—á–µ–Ω—å –¥–∞–∂–µ –Ω–∏—á–µ–≥–æ, –ù–û —è —à–ª–∞ –ø–æ–µ—Å—Ç—å ¬´–æ—Ñ–∏–≥–µ–Ω–Ω–æ¬ª –≤–∫—É—Å–Ω–æ–µ –º—è—Å–æ. –ú—ã –∑–∞–∫–∞–∑–∞–ª–∏ —Å–µ—Ç, –ø–µ—á–µ–Ω—å –±—ã–ª–∞ –Ω–µ –ø—Ä–æ–∂–∞—Ä–µ–Ω–Ω–∞—è, —É—Ç–∫–∞ –Ω–µ —Å–∞–º–æ–π –ø–µ—Ä–≤–æ–π —Å–≤–µ–∂–µ—Å—Ç–∏. –ï–¥–∏–Ω—Å—Ç–≤–µ–Ω–Ω–æ–µ –∏–∑ –≤—Å–µ–≥–æ —ç—Ç–æ–≥–æ, –±—ã–ª–∞ –±–æ–ª–µ–µ –º–µ–Ω–µ–µ —Ç–æ–ª—å–∫–æ –ª—é–ª—è. –û—Ç–¥–∞–ª–∏ –Ω–µ –º–∞–ª—ã–µ –¥–µ–Ω—å–≥–∏, –∞ —Ä–∞–∑–æ—á–∞—Ä–æ–≤–∞–Ω–∏–µ –ø–æ–ª–Ω–µ–π—à–µ–µ. –ù–µ –¥—É–º–∞—é —á—Ç–æ –µ—â–µ —Ä–∞–∑ –ø—Ä–∏–¥—É —Å—é–¥–∞.",neutral
86,"–í—á–µ—Ä–∞ –ø—Ä–æ–≤–µ–ª–∏ —Å —Å—É–ø—Ä—É–≥–æ–π –≤–µ—á–µ—Ä –≤ —ç—Ç–æ–º –ø—Ä–µ–∫—Ä–∞—Å–Ω–æ–º —Ä–µ—Å—Ç–æ—Ä–∞–Ω–µ, —á–µ—Å—Ç–Ω–æ –≥–æ–≤–æ—Ä—è –æ—á–µ–Ω—å –ø–æ–Ω—Ä–∞–≤–∏–ª–æ—Å—å –º–µ—Å—Ç–æ, –ø–µ—Ä—Å–æ–Ω–∞–ª –∏ –≥—Ä—É–ø–ø–∞ –∫–æ—Ç–æ—Ä–∞—è –≤—ã—Å—Ç—É–ø–∞–ª–∞ –≤ —ç—Ç–æ—Ç –≤–µ—á–µ—Ä.–ù–∞ —Ñ–æ—Ç–æ–≥—Ä–∞—Ñ–∏–∏ —à–µ—Ñ –ø–æ–≤–∞—Ä, –∫–æ—Ç–æ—Ä—ã–π –Ω–µ–æ–∂–∏–¥–∞–Ω–Ω–æ –≤ —Å–µ—Ä–µ–¥–∏–Ω–µ –≤–µ—á–µ—Ä–∞ —É–≥–æ—Å—Ç–∏–ª –≤—Å–µ—Ö –≥–æ—Å—Ç–µ–π –≤–∫—É—Å–Ω—ã–º –ª—é–ª—è —Å –æ–≤–æ—â–∞–º–∏ –≥—Ä–∏–ª—å ) —è –ª–∏—á–Ω–æ —Ö–æ—Ç—å –∏ —Å—ä–µ–ª –¥–æ —ç—Ç–æ–≥–æ –æ—Ç–ª–∏—á–Ω—ã–π –Ω—å—é-–π–æ—Ä–∫ —Å—Ç–µ–π–∫, —Å —É–¥–æ–≤–æ–ª—å—Å—Ç–≤–∏–µ–º –ø–æ–ø—Ä–æ–±–æ–≤–∞–ª –∏ —É–≥–æ—â–µ–Ω–∏–µ –æ—Ç —à–µ—Ñ–∞.–ê–¥–º–∏–Ω–∏—Å—Ç—Ä–∞—Ç–æ—Ä –∏ –Ω–∞—à –æ—Ñ–∏—Ü–∏–∞–Ω—Ç –º–æ–ª–æ–¥—Ü—ã, –ø—Ä–∏–≤–µ—Ç–ª–∏–≤—ã–µ –∏ –≤–Ω–∏–º–∞—Ç–µ–ª—å–Ω—ã–µ –∫ –ø—Ä–æ—Å—å–±–∞–º –∫–ª–∏–µ–Ω—Ç–æ–≤. –ù–∞–º –Ω–µ –æ—á–µ–Ω—å –ø–æ–Ω—Ä–∞–≤–∏–ª–æ—Å—å —Ä–∞—Å–ø–æ–ª–æ–∂–µ–Ω–∏–µ –Ω–∞—à–µ–≥–æ —Å—Ç–æ–ª–∏–∫–∞ –∏ –Ω–∞—Å –ø–µ—Ä–µ—Å–∞–¥–∏–ª–∏ –∫–∞–∫ —Ç–æ–ª—å–∫–æ –ø–æ—è–≤–∏–ª–∞—Å—å –≤–æ–∑–º–æ–∂–Ω–æ—Å—Ç—å.–ï—Å–ª–∏ —Ä–∞–∑–ª–æ–∂–∏—Ç—å –Ω–∞ –ø–ª—é—Å—ã –∏ –º–∏–Ω—É—Å—ã, —Ç–æ –∏–∑ –ø–ª—é—Å–æ–≤ –º–æ–∂–Ω–æ –≤—ã–¥–µ–ª–∏—Ç—å:- –∏–Ω—Ç–µ—Ä—å–µ—Ä –∏ —Ç–µ–ø–ª–∞—è –∞—Ç–º–æ—Å—Ñ–µ—Ä–∞;- –≤–µ–∂–ª–∏–≤—ã–π –∏ –ø—Ä–∏–≤–µ—Ç–ª–∏–≤—ã–π –ø–µ—Ä—Å–æ–Ω–∞–ª;- —Ö–æ—Ä–æ—à–∞—è –∫—É—Ö–Ω—è;- –Ω–µ –Ω–∞–≤—è–∑—á–∏–≤–∞—è –∂–∏–≤–∞—è –º—É–∑—ã–∫–∞, –Ω–µ —Å–ª–∏—à–∫–æ–º –≥—Ä–æ–º–∫–æ, –Ω–µ —Å–ª–∏—à–∫–æ–º –¥–æ–ª–≥–æ, –æ—Ç–ª–∏—á–Ω—ã–π —Ä–µ–ø–µ—Ä—Ç—É–∞—Ä;- –Ω–∞–ª–∏—á–∏–µ –≥–∞—Ä–¥–µ—Ä–æ–±–∞;- –∫–æ–Ω—Ç–∏–Ω–≥–µ–Ω—Ç –ø–æ—Å–µ—Ç–∏—Ç–µ–ª–µ–π;- —É–¥–æ–±–Ω–∞—è –ª–æ–∫–∞—Ü–∏—è.–ù—É –∏ —Ä–∞–∑ —É–∂ –æ—Ü–µ–Ω–∫–∞ –¥–æ–ª–∂–Ω–∞ –±—ã—Ç—å —Å–ø—Ä–∞–≤–µ–¥–ª–∏–≤–æ–π, —Ç–æ —Å—Ç–æ–∏—Ç –∏ –æ—Ç–º–µ—Ç–∏—Ç—å –º–∏–Ω—É—Å—ã:- —Ç–µ—Å–Ω—ã–π —Ç—É–∞–ª–µ—Ç (—Ö–æ—Ç—è —á—Ç–æ –≤–∞–∂–Ω–æ —á–∏—Å—Ç—ã–π);- –Ω–µ–º–Ω–æ–≥–æ –ø–∞—Ä–∫–æ–≤–æ—á–Ω—ã—Ö –º–µ—Å—Ç (–Ω–æ —á—Ç–æ –æ–Ω–∏ –µ—Å—Ç—å –æ—Ç–¥–µ–ª—å–Ω–æ —É —Ä–µ—Å—Ç–æ—Ä–∞–Ω–∞ —É–∂–µ —Ö–æ—Ä–æ—à–æ);- –Ω–µ—Ç –æ—Ç–¥–µ–ª—å–Ω–æ–≥–æ –º–µ—Å—Ç–∞ –¥–ª—è –∫—É—Ä–µ–Ω–∏—è, –Ω—É–∂–Ω–æ –≤—ã—Ö–æ–¥–∏—Ç—å –Ω–∞ —É–ª–∏—Ü—É, –Ω–æ –∏ —Ç–∞–º –Ω–µ—Ç –ø–µ–ø–µ–ª—å–Ω–∏—Ü—ã.–ö –ø–æ—Å–µ—â–µ–Ω–∏—é —Ä–µ–∫–æ–º–µ–Ω–¥—É—é!",positive
87,"”®—Ç–µ –∫–µ—Ä–µ–º–µ—Ç —Ä–µ—Å—Ç–∞—Ä–∞–Ω, –º–∞“ì–∞–Ω —Ç–∞–º–∞“õ—Ç–∞—Ä—ã “±–Ω–∞–¥—ã, –µ“£ –±–∞—Å—Ç—ã—Å—ã —Ö–∞–ª–∞–ª –∞—Å—Ö–∞–Ω–∞—Å—ã, –Ω–∞–º–∞–∑—Ö–∞–Ω–∞—Å—ã –±–∞—Ä, –µ—à —É–∞–π—ã–º—Å—ã–∑ –Ω–∞–º–∞–∑ —É–∞“õ—ã—Ç—ã —à—ã“ì—ã–ø –∫–µ—Ç–ø–µ–π–¥—ñ –¥–µ–ø “õ–æ—Ä—ã“õ–ø–∞–π—Å—ã“£. –ê—Å—Ö–∞–Ω–∞—Å—ã ”©—Ç–µ –∫–µ—Ä–µ–º–µ—Ç, —Ç–∞“ì–∞–º–¥–∞—Ä—ã –º–∞“ì–∞–Ω ”©—Ç–µ “õ–∞—Ç—Ç—ã “±–Ω–∞–¥—ã. –ê–ª–ª–∞ —Ä–∞–∑—ã –±–æ–ª—Å—ã–Ω! –ö–µ—Ä–µ–º–µ—Ç —Ä–µ—Å—Ç–æ—Ä–∞–Ω!!!",positive
88,"–û–¥–∏–Ω –∏–∑ –ª—É—á—à–∏—Ö —Ä–µ—Å—Ç–æ—Ä–∞–Ω–æ–≤, –∫–æ—Ç–æ—Ä—ã–π —è –ø–æ—Å–µ—Ç–∏–ª–∞ –∑–∞ –ø–æ—Å–ª–µ–¥–Ω–∏–µ –ø–∞—Ä—É –ª–µ—Ç! –ï–¥–∞ –ø–æ—Ç—Ä—è—Å–∞—é—â–∞—è, –∑–∞–∫–∞–∑—ã–≤–∞–ª–∏ —Ä–∞–∑–Ω—ã–µ –±–ª—é–¥–∞, –º—ã —Å –¥—Ä—É–∑—å—è–º–∏ –±—ã–ª–∏ –≤–ø–µ—Ä–≤—ã–µ, –º—è—Å–æ –≤–∫—É—Å–Ω–µ–π—à–µ–µ. –û–±—Å–ª—É–∂–∏–≤–∞–Ω–∏–µ –Ω–∞ –≤—ã—Å—à–µ–º —É—Ä–æ–≤–Ω–µ, —Ç–∞–∫–∏–µ –ø—Ä–∏—è—Ç–Ω—ã–µ –ª—é–¥–∏ —Ä–∞–±–æ—Ç–∞—é—Ç, —Ö–æ—á–µ—Ç—Å—è –≤–æ–∑–≤—Ä–∞—â–∞—Ç—å—Å—è. –ï—â–µ –±–æ–ª—å—à–µ –≤—Å–µ–≥–æ –Ω–∞—Å –ø–æ–¥–∫—É–ø–∏–ª–æ —Ç–æ, —á—Ç–æ –æ—Ñ–∏—Ü–∏–∞–Ω—Ç—ã, –±–∞—Ä–º–µ–Ω –∏ –¥–µ–≤—É—à–∫–∏-—Ö–æ—Å—Ç–µ—Å —Ä–∞–∑–≤–ª–µ–∫–∞–ª–∏ –Ω–∞—à–µ–≥–æ —Å—ã–Ω–∞ üòÅ –ò –Ω–µ —Ä–∞–¥–∏ —á–∞–µ–≤—ã—Ö, –∞ –ø—Ä—è–º –æ—Ç –≤—Å–µ–π –¥—É—à–∏ –∏–≥—Ä–∞–ª–∏ —Å –Ω–∏–º, –ø–æ–∫–∞–∑—ã–≤–∞–ª–∏ –≤—Å—ë, –Ω–æ—Å–∏–ª–∏ –Ω–∞ —Ä—É–∫–∞—Ö, —É–≥–æ—â–∞–ª–∏ —Ä–µ—á–µ–Ω—å–∫–∞–º–∏, —á—Ç–æ–±—ã –º—ã –º–æ–≥–ª–∏ —Å–ø–æ–∫–æ–π–Ω–æ –ø–æ–µ—Å—Ç—å. –ê –æ–Ω –ø—Ä—è–º –Ω–µ —Ö–æ—Ç–µ–ª —Å –Ω–∏–º–∏ –ø—Ä–æ—â–∞—Ç—å—Å—è, —Ç–æ–∂–µ –∑–∞ —Ç–∞–∫–æ–µ –∫–æ—Ä–æ—Ç–∫–æ–µ –≤—Ä–µ–º—è —É—Å–ø–µ–ª –ø—Ä–∏–≤—è–∑–∞—Ç—å—Å—è) –•–æ—á—É —Å–∫–∞–∑–∞—Ç—å –°–ü–ê–°–ò–ë–û, –≤–æ—Ç –ø—Ä—è–º –±–æ–ª—å—à—É—â–µ–µ —á–µ–ª–æ–≤–µ—á–µ—Å–∫–æ–µ —Å–ø–∞—Å–∏–±–æ –≤—Å–µ–π –∫–æ–º–∞–Ω–¥–µ! –í—ã –ª—É—á—à–∏–µ ü´∂üèº –º—ã –ø—Ä–∏–¥–µ–º –µ—â–µ –Ω–µ —Ä–∞–∑",positive
89,"–ù–µ–¥–∞–≤–Ω–æ –ø–æ—Å–µ—Ç–∏–ª –º—è—Å–Ω–æ–π —Ä–µ—Å—Ç–æ—Ä–∞–Ω, –∏ —ç—Ç–æ –±—ã–ª–æ –∫—Ä—É—Ç–æ–µ –æ—Ç–∫—Ä—ã—Ç–∏–µ! –ò–Ω—Ç–µ—Ä—å–µ—Ä –≤ —Å—Ç–∏–ª–µ —Å—Ç–µ–π–∫—Ö–∞—É—Å–∞ ‚Äî –¥–µ—Ä–µ–≤–æ, –∫–æ–∂–∞, –ø—Ä–∏–≥–ª—É—à—ë–Ω–Ω—ã–π —Å–≤–µ—Ç. –ê—Ç–º–æ—Å—Ñ–µ—Ä–∞ —Ä–∞—Å–ø–æ–ª–∞–≥–∞–µ—Ç –∫ —É—é—Ç–Ω–æ–º—É –≤–µ—á–µ—Ä—É —Å —Ö–æ—Ä–æ—à–µ–π –µ–¥–æ–π. –û—Ñ–∏—Ü–∏–∞–Ω—Ç—ã —Ä–µ–∞–ª—å–Ω–æ —Ä–∞–∑–±–∏—Ä–∞—é—Ç—Å—è –≤ –º—è—Å–µ, —Å –≥–æ—Ç–æ–≤–Ω–æ—Å—Ç—å—é –ø–æ–º–æ–≥–ª–∏ –≤—ã–±—Ä–∞—Ç—å –∏–¥–µ–∞–ª—å–Ω—ã–π —Å—Ç–µ–π–∫ –ø–æ–¥ –º–æ–∏ –ø—Ä–µ–¥–ø–æ—á—Ç–µ–Ω–∏—è.–ó–∞–∫–∞–∑–∞–ª —Ä–∏–±–∞–π —Å—Ä–µ–¥–Ω–µ–π –ø—Ä–æ–∂–∞—Ä–∫–∏, –∏ –æ–Ω –æ–∫–∞–∑–∞–ª—Å—è –ø—Ä–æ—Å—Ç–æ –æ–≥–æ–Ω—å! –ú—è—Å–æ –Ω–µ–∂–Ω–æ–µ, —Å–æ—á–Ω–æ–µ, —Å –ø—Ä–∞–≤–∏–ª—å–Ω–æ–π –∫–æ—Ä–æ—á–∫–æ–π –∏ —è—Ä–∫–∏–º –º—è—Å–Ω—ã–º –≤–∫—É—Å–æ–º. –ù–∞ –≥–∞—Ä–Ω–∏—Ä –≤–∑—è–ª –∫–∞—Ä—Ç–æ—Ñ–µ–ª—å —Å —Ä–æ–∑–º–∞—Ä–∏–Ω–æ–º ‚Äî —Ö—Ä—É—Å—Ç—è—â–∏–π —Å–Ω–∞—Ä—É–∂–∏ –∏ –º—è–≥–∫–∏–π –≤–Ω—É—Ç—Ä–∏. –°–æ—É—Å—ã –∫ —Å—Ç–µ–π–∫—É ‚Äî –æ—Ç–¥–µ–ª—å–Ω—ã–π —Ä–µ—Å–ø–µ–∫—Ç, –∏–¥–µ–∞–ª—å–Ω–æ –¥–æ–ø–æ–ª–Ω—è–ª–∏ –±–ª—é–¥–æ, –Ω–µ –ø–µ—Ä–µ–±–∏–≤–∞—è –≤–∫—É—Å –º—è—Å–∞.–¶–µ–Ω—ã, –∫–æ–Ω–µ—á–Ω–æ, –Ω–µ —Å–∞–º—ã–µ –Ω–∏–∑–∫–∏–µ, –Ω–æ —ç—Ç–æ —Ç–æ –º–µ—Å—Ç–æ, –≥–¥–µ –ø–æ–Ω–∏–º–∞–µ—à—å, –∑–∞ —á—Ç–æ –ø–ª–∞—Ç–∏—à—å. –ï—Å–ª–∏ —Ç—ã —Ñ–∞–Ω–∞—Ç –∫–∞—á–µ—Å—Ç–≤–µ–Ω–Ω–æ–≥–æ –º—è—Å–∞ –∏ —Ü–µ–Ω–∏—à—å –Ω–∞—Å—Ç–æ—è—â–∏–π —Å—Ç–µ–π–∫, —ç—Ç–æ –º–µ—Å—Ç–æ —Ç–æ—á–Ω–æ —Å—Ç–æ–∏—Ç –ø–æ—Å–µ—Ç–∏—Ç—å. –°—ã—Ç–Ω–æ, –≤–∫—É—Å–Ω–æ –∏ –æ—á–µ–Ω—å –ø–æ-–¥—É—à–µ–≤–Ω–æ–º—É!",positive
90,"–û—Ç–ª–∏—á–Ω—ã–π —Ä–µ—Å—Ç–æ—Ä–∞–Ω —Å –∫–∞—á–µ—Å—Ç–≤–µ–Ω–Ω—ã–º–∏ –º–æ—Ä–µ–ø—Ä–æ–¥—É–∫—Ç–∞–º–∏, –æ—Ç–ª–∏—á–Ω—ã–º —Å–µ—Ä–≤–∏—Å–æ–º –∏ –∫–ª–∞—Å—Å–Ω–æ–π –∫—É—Ö–Ω–µ–π. –†–µ–∫–æ–º–µ–Ω–¥—É—é üëçüèª–ø—Ä–∏—à–ª–∏ –Ω–∞ —É–∂–∏–Ω –ø–æ —Å–æ–≤–µ—Ç—É –¥—Ä—É–∑–µ–π, –∞—Ç–º–æ—Å—Ñ–µ—Ä–∞ –ø—Ä–æ—Å—Ç–æ –±–æ–º–±–∞ —Å—Ç–æ–ª–∏–∫–∏ –¥–≤–æ–ª—å —Ä–µ—á–∫–∏ –≤—Å–µ —Ç–∞–∫ –∫—Ä–∞—Å–∏–≤–æ —É–∫—Ä–∞—à–µ–Ω–æ. –ó–∞–∫–∞–∑–∞–ª–∏ –≥–æ–ª–æ–≤—É –±–∞—Ä–∞–Ω–∞ –∏ –±–µ—à–±–∞—Ä–º–∞–∫ 21 –≤–µ–∫–∞ –±—ã–ª–æ –Ω–µ–æ–±—ã—á–Ω–æ –≤–∫—É—Å–Ω–æ.",positive
91,"¬´–ú—è—Å–æ–µ–¥¬ª ‚Äî —ç—Ç–æ –Ω–∞—Å—Ç–æ—è—â–∏–π —Ä–∞–π –¥–ª—è –ª—é–±–∏—Ç–µ–ª–µ–π —Å–æ—á–Ω–æ–≥–æ, –∫–∞—á–µ—Å—Ç–≤–µ–Ω–Ω–æ–≥–æ –º—è—Å–∞. –†–µ—Å—Ç–æ—Ä–∞–Ω —Å–ø–µ—Ü–∏–∞–ª–∏–∑–∏—Ä—É–µ—Ç—Å—è –Ω–∞ –ø—Ä–∏–≥–æ—Ç–æ–≤–ª–µ–Ω–∏–∏ –±–ª—é–¥ –∏–∑ –ø–µ—Ä–≤–æ–∫–ª–∞—Å—Å–Ω—ã—Ö –º—è—Å–Ω—ã—Ö –ø—Ä–æ–¥—É–∫—Ç–æ–≤, –±—É–¥—å —Ç–æ —Å—Ç–µ–π–∫–∏, —à–∞—à–ª—ã–∫–∏ –∏–ª–∏ –±—É—Ä–≥–µ—Ä—ã. –ö–∞–∂–¥–æ–µ –±–ª—é–¥–æ –∑–¥–µ—Å—å –≥–æ—Ç–æ–≤–∏—Ç—Å—è —Å –¥—É—à–æ–π –∏ –ø—Ä–æ—Ñ–µ—Å—Å–∏–æ–Ω–∞–ª–∏–∑–º–æ–º, —á—Ç–æ–±—ã —Ä–∞—Å–∫—Ä—ã—Ç—å –±–æ–≥–∞—Ç—ã–π –≤–∫—É—Å –∏ –∞—Ä–æ–º–∞—Ç. –ò–Ω—Ç–µ—Ä—å–µ—Ä –∑–∞–≤–µ–¥–µ–Ω–∏—è –≤—ã–¥–µ—Ä–∂–∞–Ω –≤ —É—é—Ç–Ω–æ–º —Å—Ç–∏–ª–µ —Å —ç–ª–µ–º–µ–Ω—Ç–∞–º–∏ –¥–µ—Ä–µ–≤–µ–Ω—Å–∫–æ–π —ç—Å—Ç–µ—Ç–∏–∫–∏, —Å–æ–∑–¥–∞–≤–∞—è —Ç–µ–ø–ª—É—é –∏ –≥–æ—Å—Ç–µ–ø—Ä–∏–∏–º–Ω—É—é –∞—Ç–º–æ—Å—Ñ–µ—Ä—É. –í –º–µ–Ω—é —Ç–∞–∫–∂–µ –µ—Å—Ç—å –∞–ø–ø–µ—Ç–∏—Ç–Ω—ã–µ –∑–∞–∫—É—Å–∫–∏ –∏ –≥–∞—Ä–Ω–∏—Ä—ã, –∏–¥–µ–∞–ª—å–Ω–æ –¥–æ–ø–æ–ª–Ω—è—é—â–∏–µ –æ—Å–Ω–æ–≤–Ω–æ–µ –±–ª—é–¥–æ. ¬´–ú—è—Å–æ–µ–¥¬ª ‚Äî —ç—Ç–æ –º–µ—Å—Ç–æ, –≥–¥–µ –∫–∞—á–µ—Å—Ç–≤–æ –µ–¥—ã –∏ –æ–±—Å–ª—É–∂–∏–≤–∞–Ω–∏–µ —Å—Ç–æ—è—Ç –Ω–∞ –ø–µ—Ä–≤–æ–º –º–µ—Å—Ç–µ, –∞ –∞—Ç–º–æ—Å—Ñ–µ—Ä–∞ —Ä–∞—Å–ø–æ–ª–∞–≥–∞–µ—Ç –∫ –¥–æ–ª–≥–∏–º –ø—Ä–∏—è—Ç–Ω—ã–º –≤–µ—á–µ—Ä–∞–º –≤ –∫—Ä—É–≥—É –¥—Ä—É–∑–µ–π –∏–ª–∏ —Å–µ–º—å–∏.",positive
92,–ö“Ø—à—Ç—ñ –º–µ–π—Ä–∞–º—Ö–∞–Ω–∞ –º–∞“ì–∞–Ω “±–Ω–∞–¥—ã,positive
93,"–†–µ—Å—Ç–æ—Ä–∞–Ω ¬´–ú—è—Å–æ–µ–¥¬ª –≤–ø–µ—á–∞—Ç–ª—è–µ—Ç —É—é—Ç–Ω–æ–π –∞—Ç–º–æ—Å—Ñ–µ—Ä–æ–π, –≤–∫—É—Å–Ω—ã–º–∏ –±–ª—é–¥–∞–º–∏, –≤–Ω–∏–º–∞—Ç–µ–ª—å–Ω—ã–º –ø–µ—Ä—Å–æ–Ω–∞–ª–æ–º –∏ —Å—Ç–∏–ª—å–Ω–æ–π –ø–æ–¥–∞—á–µ–π.",positive
94,"–ë—ã–ª–∏ —Å –ø–æ–¥—Ä—É–≥–∞–º–∏, –æ—á–µ–Ω—å –ø–æ–Ω—Ä–∞–≤–∏–ª–æ—Å—å. –ü–æ–¥–∞—á–∞, –∞—Ç–º–æ—Å—Ñ–µ—Ä–∞, –≤–µ–∂–ª–∏–≤—ã–π –∏ –ø—Ä–∏–≤–µ—Ç–ª–∏–≤—ã–π –ø–µ—Ä—Å–æ–Ω–∞–ª. –í–∫—É—Å–Ω–∞—è –µ–¥–∞ –∏ –∫–æ—Ñ–µ. –ú–æ–∂–Ω–æ –ø–æ—Ä–∞–±–æ—Ç–∞—Ç—å —Å –Ω–æ—É—Ç–±—É–∫–æ–º. –û–±—è–∑–∞—Ç–µ–ª—å–Ω–æ –≤–µ—Ä–Ω—É—Å—å.",positive
95,–•–æ—Ä–æ—à–æ–µ –∑–∞–≤–µ–¥–µ–Ω–∏—è –∏ –≤–∫—É—Å–Ω—ã–µ –ø–∏—Ç–∞–Ω–∏–µ,positive
96,"–ù–µ–¥–∞–≤–Ω–æ –ø–æ—Å–µ—Ç–∏–ª –∫–∞—Ñ–µ –∏ –æ—Å—Ç–∞–ª—Å—è –≤ –ø–æ–ª–Ω–æ–º –≤–æ—Å—Ç–æ—Ä–≥–µ! –ê—Ç–º–æ—Å—Ñ–µ—Ä–∞ —É—é—Ç–Ω–∞—è –∏ —Ä–∞—Å–ø–æ–ª–∞–≥–∞—é—â–∞—è: –º—è–≥–∫–∏–π —Å–≤–µ—Ç, —Å—Ç–∏–ª—å–Ω—ã–π –∏–Ω—Ç–µ—Ä—å–µ—Ä –∏ –Ω–µ–Ω–∞–≤—è–∑—á–∏–≤–∞—è –º—É–∑—ã–∫–∞ —Å–æ–∑–¥–∞—é—Ç –∏–¥–µ–∞–ª—å–Ω—ã–µ —É—Å–ª–æ–≤–∏—è –¥–ª—è –æ—Ç–¥—ã—Ö–∞.–û–±—Å–ª—É–∂–∏–≤–∞–Ω–∏–µ –ø—Ä–∏—è—Ç–Ω–æ —É–¥–∏–≤–∏–ª–æ: –ø–µ—Ä—Å–æ–Ω–∞–ª –≤–µ–∂–ª–∏–≤—ã–π, –≤–Ω–∏–º–∞—Ç–µ–ª—å–Ω—ã–π –∏ –±—ã—Å—Ç—Ä–æ —Ä–µ–∞–≥–∏—Ä—É–µ—Ç –Ω–∞ –∑–∞–ø—Ä–æ—Å—ã. –û—Ñ–∏—Ü–∏–∞–Ω—Ç—ã –Ω–µ —Ç–æ–ª—å–∫–æ —Ö–æ—Ä–æ—à–æ –∑–Ω–∞—é—Ç –º–µ–Ω—é, –Ω–æ –∏ –º–æ–≥—É—Ç –ø–æ—Ä–µ–∫–æ–º–µ–Ω–¥–æ–≤–∞—Ç—å –±–ª—é–¥–∞, –∏—Å—Ö–æ–¥—è –∏–∑ –ø—Ä–µ–¥–ø–æ—á—Ç–µ–Ω–∏–π –≥–æ—Å—Ç–µ–π.–ú–µ–Ω—é —Ä–∞–∑–Ω–æ–æ–±—Ä–∞–∑–Ω–æ–µ –∏ –≤–∫–ª—é—á–∞–µ—Ç –±–ª—é–¥–∞ –∫–∞–∫ –¥–ª—è –ª—é–±–∏—Ç–µ–ª–µ–π –∫–ª–∞—Å—Å–∏–∫–∏, —Ç–∞–∫ –∏ –¥–ª—è —Ç–µ—Ö, –∫—Ç–æ —Ö–æ—á–µ—Ç –ø–æ–ø—Ä–æ–±–æ–≤–∞—Ç—å —á—Ç–æ-—Ç–æ –Ω–æ–≤–æ–µ. –Ø –∑–∞–∫–∞–∑–∞–ª –ø–∞—Å—Ç—É –∏ –¥–µ—Å–µ—Ä—Ç ‚Äî –≤—Å—ë –±—ã–ª–æ —Å–≤–µ–∂–∏–º, –≤–∫—É—Å–Ω—ã–º –∏ –∫—Ä–∞—Å–∏–≤–æ –ø–æ–¥–∞–Ω–æ. –û—Å–æ–±–µ–Ω–Ω–æ –ø–æ–Ω—Ä–∞–≤–∏–ª—Å—è –∞–≤—Ç–æ—Ä—Å–∫–∏–π –ª–∏–º–æ–Ω–∞–¥, –∫–æ—Ç–æ—Ä—ã–π —Å—Ç–∞–ª –ø—Ä–∏—è—Ç–Ω—ã–º –¥–æ–ø–æ–ª–Ω–µ–Ω–∏–µ–º –∫ –æ–±–µ–¥—É.–¶–µ–Ω—ã –≤–ø–æ–ª–Ω–µ –∞–¥–µ–∫–≤–∞—Ç–Ω—ã–µ –¥–ª—è —Ç–∞–∫–æ–≥–æ —É—Ä–æ–≤–Ω—è –∫–∞—á–µ—Å—Ç–≤–∞. –≠—Ç–æ –º–µ—Å—Ç–æ –∏–¥–µ–∞–ª—å–Ω–æ –ø–æ–¥–æ–π–¥—ë—Ç –∫–∞–∫ –¥–ª—è –¥—Ä—É–∂–µ—Å–∫–∏—Ö –≤—Å—Ç—Ä–µ—á, —Ç–∞–∫ –∏ –¥–ª—è —Ä–æ–º–∞–Ω—Ç–∏—á–µ—Å–∫–æ–≥–æ —É–∂–∏–Ω–∞. –û–±—è–∑–∞—Ç–µ–ª—å–Ω–æ –≤–µ—Ä–Ω—É—Å—å —Å—é–¥–∞ —Å–Ω–æ–≤–∞ –∏ –ø–æ—Ä–µ–∫–æ–º–µ–Ω–¥—É—é –¥—Ä—É–∑—å—è–º!",positive
97,"–ù–µ–¥–∞–≤–Ω–æ –ø–æ—Å–µ—Ç–∏–ª–∏ —Å—Ç–µ–π–∫-—Ö–∞—É—Å, –∏ –≤–ø–µ—á–∞—Ç–ª–µ–Ω–∏—è –æ—Å—Ç–∞–ª–∏—Å—å —Å–∞–º—ã–µ –ª—É—á—à–∏–µ. –ò–Ω—Ç–µ—Ä—å–µ—Ä —Å—Ç–∏–ª—å–Ω—ã–π, —Å –∞–∫—Ü–µ–Ω—Ç–æ–º –Ω–∞ –¥–µ—Ä–µ–≤–æ –∏ –º–µ—Ç–∞–ª–ª, —á—Ç–æ —Å–æ–∑–¥–∞—ë—Ç –∞—Ç–º–æ—Å—Ñ–µ—Ä—É —É—é—Ç–∞ –∏ —Ç–µ–ø–ª–∞. –ó–∞–∫–∞–∑—ã–≤–∞–ª–∏ —Ä–∏–±–∞–π —Å—Ä–µ–¥–Ω–µ–π –ø—Ä–æ–∂–∞—Ä–∫–∏ ‚Äî —Å—Ç–µ–π–∫ –±—ã–ª –∏–¥–µ–∞–ª—å–Ω–æ –ø—Ä–∏–≥–æ—Ç–æ–≤–ª–µ–Ω, —Å–æ—á–Ω—ã–π, —Å –∞–ø–ø–µ—Ç–∏—Ç–Ω–æ–π –∫–æ—Ä–æ—á–∫–æ–π –∏ –ø—Ä–µ–∫—Ä–∞—Å–Ω—ã–º –≤–∫—É—Å–æ–º. –ö –Ω–µ–º—É –ø–æ–¥–∞–≤–∞–ª–∏ –∞—Ä–æ–º–∞—Ç–Ω—ã–π —Å–æ—É—Å –∏ —Å–≤–µ–∂–∏–π –≥–∞—Ä–Ω–∏—Ä. –ü—Ä–∏—è—Ç–Ω–æ —É–¥–∏–≤–∏–ª –≤—ã–±–æ—Ä –≤–∏–Ω ‚Äî —Å–æ–º–µ–ª—å–µ –ø–æ–º–æ–≥ –ø–æ–¥–æ–±—Ä–∞—Ç—å –∏–¥–µ–∞–ª—å–Ω–æ–µ —Å–æ—á–µ—Ç–∞–Ω–∏–µ. –û–±—Å–ª—É–∂–∏–≤–∞–Ω–∏–µ –≤—ã—à–µ –≤—Å—è–∫–∏—Ö –ø–æ—Ö–≤–∞–ª: –æ—Ñ–∏—Ü–∏–∞–Ω—Ç—ã –≤–Ω–∏–º–∞—Ç–µ–ª—å–Ω—ã, –Ω–æ –Ω–µ–Ω–∞–≤—è–∑—á–∏–≤—ã. –ï—Å–ª–∏ –≤—ã –ª—é–±–∏—Ç–µ –º—è—Å–æ –∏ –∏—â–µ—Ç–µ –º–µ—Å—Ç–æ –¥–ª—è —É–∂–∏–Ω–∞ –≤—ã—Å–æ–∫–æ–≥–æ —É—Ä–æ–≤–Ω—è, —ç—Ç–æ –∑–∞–≤–µ–¥–µ–Ω–∏–µ –æ–±—è–∑–∞—Ç–µ–ª—å–Ω–æ —Å—Ç–æ–∏—Ç –ø–æ—Å–µ—Ç–∏—Ç—å.",positive
98,–í–∫—É—Å–Ω–æ !!!,positive
99,"–°–ø–∞—Å–∏–±–æ –∑–∞–≤–µ–¥–µ–Ω–∏—é –∏ —Ä–µ–±—è—Ç–∞–º, –∫–æ—Ç–æ—Ä—ã–µ —Ç–∞–º —Ä–∞–±–æ—Ç–∞—é—Ç. –í–µ—á–µ—Ä –±—ã–ª –æ—Ç–ª–∏—á–Ω—ã–π, –µ–¥–∞ –≤–∫—É—Å–Ω–∞—è –∏ –æ–±—Å–ª—É–∂–∏–≤–∞–Ω–∏–µ –Ω–∞ —É—Ä–æ–≤–Ω–µ!",positive
100,–ó–∞–≤–µ–¥–µ–Ω–∏–µ —Å—É–ø–µ—Ä! –í—Å–µ–≥–¥–∞ –≤–∫—É—Å–Ω–æ –∏ —Å–µ—Ä–≤–∏—Å –Ω–∞ –≤—ã—Å–æ—Ç–µ. –°–ø–∞—Å–∏–±–æ –∑–∞ –≤–∞—à —Ç—Ä—É–¥!,positive
101,–û—á–µ–Ω—å –≤–∫—É—Å–Ω–æ –ø–æ–µ–ª–∏ —Å –º—É–∂–µ–º ‚ù§Ô∏è —Å–ø–∞—Å–∏–±–æ –∑–∞ –≤–µ–∂–ª–∏–≤–æ–µ –æ–±—Å–ª—É–∂–∏–≤–∞–Ω–∏–µ –î–º–∏—Ç—Ä–∏—é!!,positive
102,"–ü–æ –±—ã–≤–∞–≤ —Å –º–æ–µ–π —Å—É–ø—Ä—É–≥–æ–π,–≤ —ç—Ç–æ–º –ø—Ä–µ–∫—Ä–∞—Å–Ω–æ–º —Ä–µ—Å—Ç–æ—Ä–∞–Ω–µ –≤ –ø–µ—Ä–≤—ã–π —Ä–∞–∑, –ø–æ–ª—É—á–∏–ª–∏ –º–Ω–æ–≥–æ –ø—Ä–∏—è—Ç–Ω–æ–≥–æ –≤–ø–µ—á–∞—Ç–ª–µ–Ω–∏—è.–û—á–µ–Ω—å –≤–∫—É—Å–Ω–æ, –∞—Ç–º–æ—Å—Ñ–µ—Ä–Ω–æ, –∫ –ø–µ—Ä—Å–æ–Ω–∞–ª—É –≤–æ–æ–±—â–µ –æ—Ç–¥–µ–ª—å–Ω–æ–µ —Å–ø–∞—Å–∏–±–æ.–¢–æ—Ç —Å–ª—É—á–∞–π –∫–æ–≥–¥–∞ —à–∏–∫–∞—Ä–Ω–æ–µ –∑–∞–≤–µ–¥–µ–Ω–∏–µ –Ω–µ —Ç–æ–ª—å–∫–æ —Ü–µ–Ω–∏—Ç—Å—è –≤–∫—É—Å–Ω–æ–π –µ–¥–æ–π –Ω–æ –∏ —Å–æ–æ—Ç–≤–µ—Ç—Å—Ç–≤—É–µ—Ç —Å–µ—Ä–≤–∏—Å—É.–û—Ç–¥–µ–ª—å–Ω–æ–µ —Å–ø–∞—Å–∏–±–æ –û—Ñ–∏—Ü–∏–∞–Ω—Ç—É –î–º–∏—Ç—Ä–∏—é –∑–∞ –ø—Ä–µ–∫—Ä–∞—Å–Ω–æ–µ –æ–±—Å–ª—É–∂–∏–≤–∞–Ω–∏–µ. –ò –æ—á–µ–Ω—å –ø—Ä–∏—è—Ç–Ω–æ–π –¥–µ–≤—É—à–∫–∏ –∞–¥–º–∏–Ω–∏—Å—Ç—Ä–∞—Ç–æ—Ä—É –∑–∞ —Ç—ë–ø–ª—ã–µ –ø–æ–∂–µ–ª–∞–Ω–∏—è.",positive
103,"–ü—Ä–µ–∫—Ä–∞—Å–Ω–æ–µ –º–µ—Å—Ç–æ, –Ω–∞ –¥–µ–Ω—å —Ä–æ–∂–¥–µ–Ω–∏—è —Å–¥–µ–ª–∞–ª–∏ –∫–æ–º–ø–ª–∏–º–µ–Ω—Ç, –æ—á–µ–Ω—å –ø—Ä–∏—è—Ç–Ω–æ ! –ê–¥–º–∏–Ω–∏—Å—Ç—Ä–∞—Ç–æ—Ä—É –∏ –æ—Ñ–∏—Ü–∏–∞–Ω—Ç—É –±–æ–ª—å—à–æ–π –†–∞—Ö–º–µ—Ç! –ü–æ–≤–∞—Ä–∞–º —Ä–µ—Å–ø–µ–∫—Ç !",positive
104,–í—Å–µ —á–µ—Ç–∫–æ. –í–∫—É—Å–Ω–æ. –î–∞—É–ª–µ—Ç —Ç—ã –ª—É—á—à–∏–π,positive
105,–ë”ô—Ä—ñ –∫–µ—Ä–µ–º–µ—Ç –±–æ–ª–¥—ã! üëç,positive
106,"–ü–æ—Å–µ—Ç–∏–ª–∏ —Ä–µ—Å—Ç–æ—Ä–∞–Ω —Å–µ–º—å–µ–π, –æ—Å—Ç–∞–ª–∏—Å—å –æ—á–µ–Ω—å –¥–æ–≤–æ–ª—å–Ω—ã, –∑–∞–∫–∞–∑–∞–ª–∏ —Å—Ç–µ–π–∫–∏ –æ—á–µ–Ω—å –≤–∫—É—Å–Ω—ã–µ –∏ —Å–æ—á–Ω—ã–µ, —Å–∞–ª–∞—Ç –∏–∑ –±–∞–∫–ª–∞–∂–∞–Ω –ø–æ—Ä–∞–∑–∏–ª.–û—á–µ–Ω—å —Ö–æ—Ä–æ—à–æ –æ–±—Å–ª—É–∂–∏–ª –î–º–∏—Ç—Ä–∏–π.–†–µ–∫–æ–º–µ–Ω–¥—É–µ–º –∫ –ø–æ—Å–µ—â–µ–µ–∏—é",positive
107,"–û–±–∑–æ—Ä —É –º–µ–Ω—è –≤ –∏–Ω—Å—Ç–∞–≥—Ä–∞–º ALEXMITCH6 –û—Ç–ª–∏—á–Ω—ã–π —Ä–µ—Å—Ç–æ—Ä–∞–Ω —Å –∞–∫—Ü–µ–Ω—Ç–æ–º –Ω–∞ –º—è—Å–æ. –ü–æ–ø—Ä–æ–±–æ–≤–∞–ª–∏:–ê—Å–∞–¥–æ –Ω–∞ –∫–æ–º–ø–∞–Ω–∏—é —Å —à–æ—É –ø–æ–¥–∞—á–µ–π,—Å—Ç–µ–π–∫ —Ä–∏–±–∞–π —Å —á–µ—Ä–Ω—ã–º –º–∞—Å–ª–æ–º –∏ —Ç–æ–º–ª–µ–Ω–Ω–æ–µ —Ä–µ–±—Ä–æ –ø–æ-–∫–æ—Å—Ç–∞–Ω–∞–π—Å–∫–∏,–±—ã–ª–æ –æ—á–µ–Ω—å –≤–∫—É—Å–Ω–æ,—Å–æ–≤–µ—Ç—É—é",positive
108,–û—á–µ–Ω—å –≤–∫—É—Å–Ω–∞—è –∫—É—Ö–Ω—è –∏ —Å–µ—Ä–≤–∏—Å üëçüèªüëçüèªüëçüèª,positive
109,–ª—É—á—à–µ–µ –∑–∞–≤–µ–¥–µ–Ω–∏–µ,positive
110,"–í—Å–µ –±—ã–ª–æ –±–µ–∑—É–ø—Ä–µ—á–Ω–æ))) –æ—Ñ–∏—Ü–∏–∞–Ω—Ç —Ä—É—Å—Å–∫–∞—è –¥–µ–≤—É—à–∫–∞, –∏–º—è –∑–∞–±—ã–ª –∫ —Å–æ–∂–∞–ª–µ–Ω–∏—é, –≤—ã —Å—É–ø–µ–µ–µ–µ—Äüëç",positive
111,–ù–æ—Ä–º. –í–∫—É—Å–Ω–æ. –°–ø–∞—Å–∏–±–æ,positive
112,"–û—á–µ–Ω—å –ø–æ–Ω—Ä–∞–≤–∏–ª–æ—Å—å ‚ù§Ô∏è –°–µ—Ä–≤–∏—Å, –∞—Ç–º–æ—Å—Ñ–µ—Ä–∞, –∫—É—Ö–Ω—è! –í—Å—ë —á—Ç–æ –∑–∞–∫–∞–∑–∞–ª–∏ –æ—á–µ–Ω—å –≤–∫—É—Å–Ω–æ –±—ã–ª–æ! –ë–ª–∞–≥–æ–¥–∞—Ä–∏–º –î–º–∏—Ç—Ä–∏—è –∑–∞ –≤–µ—á–µ—Ä! –û–±—è–∑–∞—Ç–µ–ª—å–Ω–æ –ø—Ä–∏–¥—ë–º, –µ—â—ë –Ω–µ —Ä–∞–∑ ü´∂üèº",positive
113,"–ë—ã–ª–∏ –≤ –∑–∞–≤–µ–¥–µ–Ω–∏–∏ —Å–µ–≥–æ–¥–Ω—è, 16.11.2024. –Ø –æ—Å—Ç–∞–ª–∞—Å—å –≤ –≤–æ—Å—Ç–æ—Ä–≥–µ. –¢—É—Ç —Ö–æ—Ä–æ—à–æ –≤—Å—ë, –Ω–∞—á–∏–Ω–∞—è —Å —Å–µ—Ä–≤–∏—Å–∞: –æ—á–µ–Ω—å –≤–µ–∂–ª–∏–≤—ã–µ –æ—Ñ–∏—Ü–∏–∞–Ω—Ç—ã –∏ –ø—Ä–µ–∫—Ä–∞—Å–Ω–∞—è –¥–µ–≤—É—à–∫–∞ —Ö–æ—Å—Ç–µ—Å—Å, –∫–æ—Ç–æ—Ä–∞—è –ø–æ–º–æ–≥–ª–∞ –Ω–∞–º —Ä–∞–∑–≤–µ—Å–∏—Ç—å –Ω–∞—à—É –≤–µ—Ä—Ö–Ω—é—é –æ–¥–µ–∂–¥—É. –ò–º—è –æ—Ñ–∏—Ü–∏–∞–Ω—Ç–∞ –∫ —Å–æ–∂–∞–ª–µ–Ω–∏—é –∑–∞–±—ã–ª–∞, –∏ –∑—Ä—è, –æ—Ç–º–µ—Ç–∏–ª–∞ –±—ã –µ–≥–æ —Ç–∞–∫–∂–µ –ª–∏—á–Ω–æ, –æ–Ω –ø—Ä–æ—Ñ–µ—Å—Å–∏–æ–Ω–∞–ª.–ï–¥–∞ –æ—á–µ–Ω—å –≤–∫—É—Å–Ω–∞—è, –±–æ–ª—å—à–∏–µ –ø–æ—Ä—Ü–∏–∏, –≤ –∑–∞–≤–µ–¥–µ–Ω–∏–∏ –∏–≥—Ä–∞–µ—Ç –ø—Ä–∏—è—Ç–Ω–∞—è –º–µ–ª–æ–¥–∏—è, –Ω–µ –º–µ—à–∞—é—â–∞—è —Ä–∞–∑–≥–æ–≤–æ—Ä–∞–º, –Ω–µ–Ω–∞–≤—è–∑—á–∏–≤–∞—è. –ü–æ–Ω—Ä–∞–≤–∏–ª–æ—Å—å –æ—Ç —Å–∞–ª–∞—Ç–∞ –¥–æ —Å—Ç–µ–π–∫–∞. –í –±—É–¥—É—â–µ–º –æ–±—è–∑–∞—Ç–µ–ª—å–Ω–æ –Ω–∞–±–∏—Ä–∞–π—Ç–µ —Ç–∞–∫–æ–π –∂–µ –ø–µ—Ä—Å–æ–Ω–∞–ª —Å —Ö–∞—Ä–∞–∫—Ç–µ—Ä–∏—Å—Ç–∏–∫–∞–º–∏ –≥–æ—Å—Ç–µ–ø—Ä–∏–∏–º–Ω–æ—Å—Ç–∏ –∏ –¥–æ–±—Ä–æ–∂–µ–ª–∞—Ç–µ–ª—å–Ω–æ—Å—Ç–∏. –í—ã—à–ª–∞ –æ—Ç—Ç—É–¥–∞ —Å —Ö–æ—Ä–æ—à–∏–º –Ω–∞—Å—Ç—Ä–æ–µ–Ω–∏–µ–º üôèüèª",positive
114,–¥–µ–π—Å—Ç–≤–∏—Ç–µ–ª—å–Ω–æ –¥–ª—è —Ü–µ–Ω–∏—Ç–µ–ª–µ–π —Å–∞–º–æ–µ —Ç–æ,positive
115,"–ü—Ä–µ–∫—Ä–∞—Å–Ω–æ–µ –æ–±—Å–ª—É–∂–∏–≤–∞–Ω–∏–µ –∏ –∑–∞–º–µ—á–∞—Ç–µ–ª—å–Ω–æ–µ –∫–∞—á–µ—Å—Ç–≤–æ –º—è—Å–∞. –ù–∏–∫–æ–≥–¥–∞ –Ω–µ —Å—Ç–∞–ª–∫–∏–≤–∞–ª—Å—è —Å –ø—Ä–æ–±–ª–µ–º–∞–º–∏, —Ç–æ–ª—å–∫–æ –ø–æ–ª–æ–∂–∏—Ç–µ–ª—å–Ω—ã–µ –≤–ø–µ—á–∞—Ç–ª–µ–Ω–∏—è!",positive
116,"–ú—è—Å–Ω—ã–µ –ø—Ä–æ–¥—É–∫—Ç—ã –∑–¥–µ—Å—å –ø—Ä–æ—Å—Ç–æ –ø—Ä–µ–≤–æ—Å—Ö–æ–¥–Ω—ã–µ. –í—Å–µ–≥–¥–∞ —Å–≤–µ–∂–∏–µ, –∫–∞—á–µ—Å—Ç–≤–µ–Ω–Ω—ã–µ –∏ –ø–æ —Ö–æ—Ä–æ—à–µ–π —Ü–µ–Ω–µ.",positive
117,–•–æ—Ä–æ—à–µ–µ –º–µ—Å—Ç–æ,positive
118,"–í—Å–µ –ø–æ–Ω—Ä–∞–≤–∏–ª–æ—Å—å, –±—É–¥—É –ø—Ä–∏—Ö–æ–¥–∏—Ç—å!",positive
119,"–ù–µ –ø–æ–∫—É–ø–∞–π—Ç–µ –ø–æ–¥–∞—Ä–æ—á–Ω—ã–µ —Å–µ—Ä—Ç–∏—Ñ–∏–∫–∞—Ç—ã —ç—Ç–æ–≥–æ –∑–∞–≤–µ–¥–µ–Ω–∏—è, –µ—Å–ª–∏ –Ω–µ —Ö–æ—Ç–∏—Ç–µ —Ä–∞–∑–æ—á–∞—Ä–æ–≤–∞–Ω–∏–π. –ò—Ö –ø—Ä–æ–¥–∞—é—Ç, –Ω–æ –∫–æ–≥–¥–∞ –Ω–∞—Å—Ç—É–ø–∞–µ—Ç –º–æ–º–µ–Ω—Ç –∏—Ö –∏—Å–ø–æ–ª—å–∑–æ–≤–∞—Ç—å –Ω–∞—á–∏–Ω–∞—é—Ç –≤—ã–∫–∞—Ç—ã–≤–∞—Ç—å –≤—Å—è–∫–∏–µ —Å—é—Ä–ø—Ä–∏–∑—ã. –ù–∞—á–∏–Ω–∞–µ—à—å –¥–µ–ª–∞—Ç—å –∑–∞–∫–∞–∑, –≥–æ–≤–æ—Ä—è—Ç —ç—Ç–æ–≥–æ –±–ª—é–¥–∞ –Ω–µ—Ç. –ü—Ä–µ–¥–∑–∞–∫–∞–∑ —Ç–æ–∂–µ –Ω–µ –ø—Ä–∏–Ω–∏–º–∞—é—Ç",negative
120,–æ—á–µ–Ω—å –≤–∫—É—Å–Ω–æ,positive
121,–í—Å–µ –æ—á–µ–Ω—å –≤–∫—É—Å–Ω–æ –∏ —Å–æ—á–Ω–æ –¥–µ–≤—É—à–∫–∞ –Ω–∞ —Ä–µ—Å–µ–ø—à–µ–Ω–µ –æ—á–µ–Ω—å –≤–µ–∂–ª–∏–≤–∞—è –∏ –∫—Ä–∞—Å–∏–≤–∞—è 10/10,positive
122,"–ü–æ—Å–µ—Ç–∏–ª–∞ —Ä–µ—Å—Ç–æ—Ä–∞–Ω –ú—è—Å–æ–µ–¥ , –≤—Å–µ –±—ã–ª–æ –æ—Ç–ª–∏—á–Ω–æ, –∑–∞–∫–∞–∑—ã–≤–∞–ª–∏ —Ä–∞–∑–Ω—ã–µ –±–ª—é–¥–∞ –Ω–∞ –ø—Ä–æ–±—É, —à–∞—à–ª—ã–∫–∏ , –º–∏–Ω—å–æ–Ω—ã, —Ä—ã–±—É, - –≤—Å–µ –±—ã–ª–æ —Å–≤–µ–∂–∏–º –∏ –≤–∫—É—Å–Ω—ã–º, –ø–æ–¥–∞—á–∞ —Å–µ—Ç–æ–≤ –¥—Ä—É–≥ –∑–∞ –¥—Ä—É–≥–æ–º –±–µ–∑ –ª–∏—à–Ω–µ–≥–æ –æ–∂–∏–¥–∞–Ω–∏—è, –æ–±—Å–ª—É–∂–∏–≤–∞–Ω–∏–µ –æ—Ç–ª–∏—á–Ω–æ–µ- —Å–ø–∞—Å–∏–±–æ –û—Ñ–∏—Ü–∏–∞–Ω—Ç—É –î–º–∏—Ç—Ä–∏—é, –∞—Ç–º–æ—Å—Ñ–µ—Ä–∞ –∑–∞–≤–µ–¥–µ–Ω–∏—è —Ä–∞—Å–ø–æ–ª–∞–≥–∞–µ—Ç –∫ –ø—Ä–∏—è—Ç–Ω–æ–π –∞—Ç–º–æ—Å—Ñ–µ—Ä–µ.",positive
123,–ú–æ—â–Ω–æ –≤–∫—É—Å–Ω–æ –¥–µ—Ä–∑–∫–æ,positive
124,"–õ—É—á—à–∏–π —Å—Ç–µ–π–∫, —Ç–æ–º–∞–≥–∞–≤–∫ –¥–ª—è –≤—Å–µ—Ö –ª—é–±–∏—Ç–µ–ª–µ–π –≤–∫—É—Å–Ω–æ –ø–æ–µ—Å—Ç—å –º—è—Å–æ –∏ –≤ –æ–±—â–µ–º, –∫—É—Ö–Ω—è —Ö–æ—Ä–æ—à–∞—è",positive
125,"–†–µ–±—è—Ç, –º–µ—Å—Ç–æ –ø—Ä–æ—Å—Ç–æ —à–∏–∫–∞—Ä–Ω–æ–µ! –ú—ã —Å –º—É–∂–µ–º –≤ –≤–æ—Å—Ç–æ—Ä–≥–µ –æ—Ç —Å—Ç–µ–π–∫–æ–≤ üî• –û–±—Å–ª—É–∂–∏–≤–∞–Ω–∏–µ –Ω–∞ –≤—ã—Å—à–µ–º —É—Ä–æ–≤–Ω–µ, –î–º–∏—Ç—Ä–∏–π –≥–∞—Ä—Å–æ–Ω –æ—Ç –ë–æ–≥–∞ üëåüèªüëåüèª",positive
126,–°–ø–∞—Å–∏–±–æ –±–æ–ª—å—à–æ–µ –ª—É—á—à–∏–π –∫–æ—Ñ–µ –≤ —ç—Ç–æ–º —Ä–∞–π–æ–Ω–µ –æ—á–µ–Ω—å –Ω–∞—Å—ã—â–µ–Ω–Ω—ã–π –≤–∫—É—Å!,positive
127,–û—á–µ–Ω—å –≤–∫—É—Å–Ω–æ üòã,positive
128,"–ö—Ä—É—Ç–æ–µ –º–µ—Å—Ç–æ, —Ä–µ–±—è—Ç–∞ —á—É–¥–æ, –≤—Å—Ç—Ä–µ—á–∞–ª–∞ –î–∞–Ω–∏—ç–ª–∞, –æ—á–µ–Ω—å –ø—Ä–∏–≤–µ—Ç–ª–∏–≤–∞—è –¥–µ–≤—É—à–∫–∞, –î–∏–º–∞ –æ—Ñ–∏—Ü–∏–∞–Ω—Ç, –ø–æ–º–æ–≥ —Å –≤—ã–±–æ—Ä–æ–º –±–ª—é–¥.–í–∞–º –ø—Ä–∏–≤–µ—Ç –æ—Ç –ù–∞—Ç–∞–ª–∏–∏ –∏–∑ –ö—Ä–∞—Å–Ω–æ–¥–∞—Ä–∞!",positive
129,"–ü–æ—Å–µ—Ç–∏–ª –Ω–µ–¥–∞–≤–Ω–æ —Ä–µ—Å—Ç–æ—Ä–∞–Ω –º—è—Å–æ–µ–¥, –∏ –≤–ø–µ—á–∞—Ç–ª–µ–Ω–∏—è –æ—Å—Ç–∞–ª–∏—Å—å –Ω–µ–æ–¥–Ω–æ–∑–Ω–∞—á–Ω—ã–µ. –û–±—Å–ª—É–∂–∏–≤–∞–Ω–∏–µ –±—ã–ª–æ —à–∏–∫–∞—Ä–Ω—ã–º: –Ω–µ—Å–º–æ—Ç—Ä—è –Ω–∞ —Ç–æ, —á—Ç–æ –ø—Ä–∏ –≤—Ö–æ–¥–µ –Ω–∞–º —Å–∫–∞–∑–∞–ª–∏, —á—Ç–æ –≤—Å–µ —Å—Ç–æ–ª–∏–∫–∏ –∑–∞–Ω—è—Ç—ã, –Ω–∞—Å –≤—Å—ë-—Ç–∞–∫–∏ —É—Å–∞–¥–∏–ª–∏ –≤ –∫–æ—Ñ–µ–π–Ω—é –Ω–∞–ø—Ä–æ—Ç–∏–≤ –∏ –æ–±—Å–ª—É–∂–∏–ª–∏, —á—Ç–æ, –±–µ–∑—É—Å–ª–æ–≤–Ω–æ, –±–æ–ª—å—à–æ–π –ø–ª—é—Å. –ó–∞–∫–∞–∑–∞–ª–∏ —Å—Ç–µ–π–∫, –∫–æ—Ç–æ—Ä—ã–π –±—ã–ª –ø—Ä–æ—Å—Ç–æ —à–µ–¥–µ–≤—Ä–æ–º ‚Äì –∏–¥–µ–∞–ª—å–Ω–æ –ø—Ä–æ–∂–∞—Ä–µ–Ω–Ω—ã–π, —Å –Ω–∞—Å—ã—â–µ–Ω–Ω—ã–º –≤–∫—É—Å–æ–º —Å–æ—É—Å–∞ –±–∞—Ä–±–µ–∫—é –∏ —á–µ—Ä–Ω—ã–º –º–∞—Å–ª–æ–º. –ö–∞–∂–¥—ã–π –∫—É—Å–æ—á–µ–∫ ‚Äì –Ω–∞—Å–ª–∞–∂–¥–µ–Ω–∏–µ! –ê –≤–æ—Ç —Ä—ë–±—Ä—ã—à–∫–∏ –Ω–µ–º–Ω–æ–≥–æ —Ä–∞–∑–æ—á–∞—Ä–æ–≤–∞–ª–∏: –∑–∞ 8 —Ç—ã—Å—è—á —Ç–µ–Ω–≥–µ –æ–∂–∏–¥–∞–ª–æ—Å—å –±–æ–ª—å—à–µ, –ø–æ—Ä—Ü–∏—è –æ–∫–∞–∑–∞–ª–∞—Å—å –º–∞–ª–æ–≤–∞—Ç–∞. –û—Ü–µ–Ω–∏–ª –±—ã –∏—Ö –Ω–∞ 3 –∏–∑ 5. –¢–∞–∫–∂–µ –ø–æ–ø—Ä–æ–±–æ–≤–∞–ª–∏ —Ä–∞–º–µ–Ω, –∫–æ—Ç–æ—Ä—ã–π –≤—ã–≥–ª—è–¥–µ–ª –Ω–∞—Å—Ç–æ–ª—å–∫–æ –∞–ø–ø–µ—Ç–∏—Ç–Ω–æ, —á—Ç–æ –≥—Ä–µ—Ö –±—ã–ª–æ –Ω–µ —Å–¥–µ–ª–∞—Ç—å —Ñ–æ—Ç–æ –∏ –Ω–µ –≤—ã—Å—Ç–∞–≤–∏—Ç—å –≤ –∏–Ω—Å—Ç–∞–≥—Ä–∞–º. –¢—ë–ø–ª—ã–π —Å–∞–ª–∞—Ç —Å —Ç–µ–ª—è—Ç–∏–Ω–æ–π –±—ã–ª –≤–∫—É—Å–Ω—ã–º, –Ω–æ –ø–µ—Ä–µ—Å–æ–ª–µ–Ω–Ω—ã–º, —á—Ç–æ –Ω–µ–º–Ω–æ–≥–æ –∏—Å–ø–æ—Ä—Ç–∏–ª–æ –≤–ø–µ—á–∞—Ç–ª–µ–Ω–∏–µ. –ß–∞–π –±—ã–ª –≤–∫—É—Å–Ω—ã–º, —Ç–∞—Ä—Ö—É–Ω—Å–∫–∏–π. –í —Ü–µ–ª–æ–º, —Ä–µ—Å—Ç–æ—Ä–∞–Ω –∑–∞—Å–ª—É–∂–∏–≤–∞–µ—Ç –≤–Ω–∏–º–∞–Ω–∏—è, –Ω–æ –µ—Å—Ç—å –Ω–µ–±–æ–ª—å—à–∏–µ –Ω–µ–¥–æ—á—ë—Ç—ã",neutral
130,"–î–º–∏—Ç—Ä–∏–π –ª—É—á—à–∏–π,–∫—É—Ö–Ω—è –≤–∫—É—Å–Ω–∞—è üî•",positive
131,"–ú—è—Å–æ –≤–∫—É—Å–Ω–æ–µ –æ—á–µ–Ω—å, –≥–æ—Ç–æ–≤—è—Ç –∑–∞–º–µ—á–∞—Ç–µ–ª—å–Ω–æ.",positive
132,"–î–æ–±—Ä–æ–≥–æ –≤—Ä–µ–º–µ–Ω–∏ —Å—É—Ç–æ–∫. –ë—ã–ª–∏ –≤ —ç—Ç–æ–º –∑–∞–≤–µ–¥–µ–Ω–∏–∏, –∏–Ω—Ç–µ—Ä—å–µ—Ä, –∞—Ç–º–æ—Å—Ñ–µ—Ä–∞ –∏ –æ–±—Å–ª—É–∂–∏–≤–∞–Ω–∏–µ –±—ã–ª–æ —à–∏–∫–∞—Ä–Ω–æ. –û—Å–æ–±–µ–Ω–Ω–æ—Å—Ç–∏ –î–∏–º–∞. –ï–¥–∞ –æ—Ç–º–µ–Ω–Ω–∞—è, –º—è—Å–æ –ø—Ä–æ—Å—Ç–æ –≤–æ —Ä—Ç—É —Ç–∞–µ—Ç.üëçüëçüëç",positive
133,"–í—Å–µ –≤–∫—É—Å–Ω–æ —Ä–∞—Ö–º–µ—Ç –æ—Ñ–∏—Ü–∏–∞–Ω—Ç—É –î–∏–º–∞ —à–∏–∫–∞—Ä–Ω–æ–µ –æ–±—Å–ª—É–∂–∏–≤–∞–Ω–∏–µ, —à–µ—Ñ –ø–æ–≤–∞—Ä—É —Ä–µ—Å–ø–µ–∫—Ç, –æ—Å–∞–¥–æ –æ—Ç —à–µ—Ñ –ø–æ–≤–∞—Ä–∞ –∏–∑—é–º–∏—Ç–µ–ª—å–Ω—ã–π —Ç–∞–µ—Ç –≤–æ —Ä—Ç—É.",positive
134,–û—á–µ–Ω—å –≤–∫—É—Å–Ω–∞—è –∫—É—Ö–Ω—è. –ü—Ä–∏–≤–µ—Ç–ª–∏–≤—ã–π –∏ –≤–µ–∂–ª–∏–≤—ã–π –ø–µ—Ä—Å–æ–Ω–∞–ª. –ë–ª–∞–≥–æ–¥–∞—Ä–∏–º –∑–∞ –ø—Ä–µ–∫—Ä–∞—Å–Ω—ã–π –≤–µ—á–µ—Ä!ü´∂üèª,positive
135,–í—Å–µ –æ–∫–ü–æ–µ—Å—Ç—å —Å–∞–º–æ–µ —Ç–æ,positive
136,"–ë–µ–∑—É–º–Ω–æ –∑–∞—Ö–æ—Ç–µ–ª–æ—Å—å –±—É—Ä–≥–µ—Ä , —á–µ—Ä–µ–∑ 2–ì–∏—Å –Ω–∞—à–ª–∏ –º—è—Å–æ–µ–¥ —Ä–µ—à–∏–ª–∏ –∑–∞–µ—Ö–∞—Ç—å –∫ –Ω–∏–º .–û—á–µ–Ω—å —Ö–æ—Ç–µ–ª–æ—Å—å –≤–∫—É—Å–Ω—ã–π —Å–æ—á–Ω—ã–π –±—É—Ä–≥–µ—Ä.–ó–∞–∫–∞–∑–∞–ª–∏ –±—É—Ä–≥–µ—Ä —Å –º—è—Å–æ–º –Ω–∞ —Ä–µ–±—Ä–µ , —Ö–æ—Ç—è –≤ –º–µ–Ω—é –Ω–∞–ø–∏—Å–∞–Ω–æ –±—ã–ª–æ —Ä–≤–∞–Ω–Ω–æ–µ –º—è—Å–æ , –¥–∞–∂–µ –æ—Ñ–∏—Ü–∏–∞–Ω—Ç –±—ã–ª —É–¥–∏–≤–ª–µ–Ω.–û–∂–∏–¥–∞–ª–∏ —Ç–æ–º–ª–µ–Ω–Ω–æ–µ –Ω–µ–∂–Ω–æ–µ –º—è—Å–æ –∫–æ—Ç–æ—Ä–æ–µ –±—É–¥–µ—Ç —Ç–∞—è—Ç—å –≤–æ —Ä—Ç—É .–†–µ–∞–ª—å–Ω–æ—Å—Ç—å: —Å–æ–ª–µ–Ω–Ω–æ–µ —Å—É—Ö–∞—è –≥–æ–≤—è–¥–∏–Ω–∞ –∫–æ—Ç–æ—Ä—É—é –Ω—É–∂–Ω–æ –±—ã–ª–æ –¥–æ–ª–≥–æ –∂–µ–≤–∞—Ç—å(((–†–∞–∑–æ—á–∞—Ä–æ–≤–∞–ª–∏—Å—å –æ—á–µ–Ω—å —Å–∏–ª—å–Ω–æ‚Ä¶",negative
137,"–î–∏–∑–∞–π–Ω –∑–∞–≤–µ–¥–µ–Ω–∏—è –ø–æ–Ω—Ä–∞–≤–∏–ª—Å—è, –æ—Ñ–æ—Ä–º–ª–µ–Ω–æ —É—é—Ç–Ω–æ. –ê—Å—Å–æ—Ä—Ç–∏ —à–∞—à–ª—ã–∫–æ–≤ –±—ã–ª–∏ —Å—ã—Ä—ã–º–∏",negative
138,"–°–∏–¥–µ–ª —É –≤–∞—Å –Ω–µ –¥–∞–≤–Ω–æ.–•–æ—Ç–µ–ª –±—ã —Å–∫–∞–∑–∞—Ç—å —Å–ø–∞—Å–∏–±–æ –∑–∞ —Ö–æ—Ä–æ—à–µ–µ –æ–±—Å–ª—É–∂–∏–≤–∞–Ω–∏–µ –æ—Ñ–∏—Ü–∏–∞–Ω—Ç–∞–º –ê–ª–µ–∫—Å–∞–Ω–¥—Ä—É –∏ –î–º–∏—Ç—Ä–∏—é. –°–µ—Ä–≤–∏—Å –æ—á–µ–Ω—å —Ö–æ—Ä–æ—à–∏–π , –∫—É—Ö–Ω—è –≤–∫—É—Å–Ω–∞—è. –ò –æ—Ç–¥–µ–ª—å–Ω–æ–µ —Å–ø–∞—Å–∏–±–æ –±–∞—Ä–º–µ–Ω—É –ö–∞—Ä–∏–º—É –∑–∞ —Å–æ–≤–µ—Ç –ø–æ—Å–µ—Ç–∏—Ç—å —ç—Ç–æ—Ç —Ä–µ—Å—Ç–æ—Ä–∞–Ωü´∂ü´∂ü´∂",positive
139,"–û—á–µ–Ω—å —Ö–æ—Ä–æ—à–µ–µ –º–µ—Å—Ç–æ, —Ä–µ–∫–æ–º–µ–Ω–¥—É—é. –¶–µ–Ω—ã –¥–æ—Å—Ç—É–ø–Ω—ã–µ, –º—è—Å–æ –≤–∫—É—Å–Ω–æ–µ, –µ—â–µ –∏ –∫–æ–º–ø–ª–∏–º–µ–Ω—Ç—ã –æ—Ç –ø–æ–≤–∞—Ä–æ–≤ üëçüèª –∑–∞—Å—Ç–∞–ª–∏ –µ—â–µ –∂–∏–≤—É—é –º—É–∑—ã–∫—É, –±—ã–ª–æ –∫–ª–∞—Å—Å–Ω–æ",positive
140,–ú–æ–∂–Ω–æ –Ω–æ–º–µ—Ä –¥–µ–≤—É—à–∫–∏ –∫–æ—Ç–æ—Ä–∞—è –ø–æ–¥–æ–≤–∞–ª–∞ –º–µ–Ω—é –ø–æ–Ω—Ä–∞–≤–∏–ª–∞—Å—å,neutral
141,"–û—á–µ–Ω—å –≤–∫—É—Å–Ω–∞—è –∫—É—Ö–Ω—è, —Å–∞–º—ã–µ –≤–∫—É—Å–Ω—ã–µ —Å—Ç–µ–π–∫–∏ ü•©",positive
142,"–ü–æ –º—è—Å—É –≤–æ–ø—Ä–æ—Å–æ–≤ –Ω–µ—Ç. –ü—Ä–æ–≤–µ—Ä–∫—É –ø–æ–ø–∞–ª–∏, –Ω—É –ø–æ—á—Ç–∏ . –ù–æ —ç—Ç–æ —É–∂–µ –¥–µ–ª–æ –≤–∫—É—Å–∞. –¢–µ—Ö–Ω–∏—á–µ—Å–∫–∏ –ø–æ–ø–∞–ª–∏. –ù–∞—Å –æ–±—Å–ª—É–∂–∏–≤–∞–Ω–∏–µ –æ—Ñ–∏—Ü–∏–∞–Ω—Ç –ê–∫–∏–º–æ–≤ –î–º–∏—Ç—Ä–∏–π. –ü—Ä–∏—è—Ç–Ω–æ, —á—Ç–æ —á–µ–ª–æ–≤–µ–∫ —É–º–µ–µ—Ç —Ä–µ—à–∞—Ç—å –≤–æ–∑–Ω–∏–∫–∞—é—â–∏–µ –ø—Ä–æ–±–ª–µ–º—ã.–í —Ü–µ–ª–æ–º, –ø—Ä–∏—è—Ç–Ω–æ–µ –∑–∞–≤–µ–¥–µ–Ω–∏–µ.",neutral
143,"–ï—Å–ª–∏ –∑–∞ –º—è—Å–æ–º, —Ç–æ —Ç–æ—á–Ω–æ –≤ —ç—Ç–æ –∑–∞–≤–µ–¥–µ–Ω–∏–µ! –û–≥—Ä–æ–º–Ω—ã–µ —Å—Ç–µ–π–∫–∏ –ø–æ –Ω–µ–≤–µ—Ä–æ—è—Ç–Ω—ã–º –¥–ª—è –≥–æ—Å—Ç–µ–π –∏–∑ –†–æ—Å—Å–∏–∏ —Ü–µ–Ω–∞–º. –ü—Ä–æ–∂–∞—Ä–∫–∞ - –ø—Ä–∞–≤–∏–ª—å–Ω–∞—è, –∫–∞—á–µ—Å—Ç–≤–æ –º—è—Å–∞ - –æ—Ç–ª–∏—á–Ω–æ–µ.–ù–∞ –≤—Å–µ –º–µ–Ω—é –¥–æ 16-00 —Å–∫–∏–¥–∫–∞ 30%.–°–µ—Ä–≤–∏—Å - –Ω–∞ –≤—ã—Å–æ—Ç–µ. –û—Ç–¥–µ–ª—å–Ω–∞—è –±–ª–∞–≥–æ–¥–∞—Ä–Ω–æ—Å—Ç—å –î–º–∏—Ç—Ä–∏—é –ê–∑–∏–º–æ–≤—É.",positive
144,"–ó–∞—à–µ–ª –ø–æ–æ–±–µ–¥–∞—Ç—å. –ë–∏–∑–Ω–µ—Å-–ª–∞–Ω—á–∞ –Ω–µ—Ç, –Ω—É –ª–∞–¥–Ω–æ , –Ω–µ –±–µ–¥–∞ . –ü—Ä–∏–Ω–µ—Å–ª–∏ –º–µ–Ω—é . –ó–∞ 10 –º–∏–Ω—É—Ç –Ω–∏–∫—Ç–æ –∏–∑ 4-—Ö –ª—é–±–µ–∑–Ω–æ —à—É—Ç—è—â–∏—Ö –º–µ–∂–¥—É —Å–æ–±–æ–π –æ—Ñ–∏—Ü–∏–∞–Ω—Ç–æ–≤ –Ω–µ –ø–æ–¥–æ—à–µ–ª. –í—Å—Ç–∞–ª, —É—à–µ–ª",negative
145,"–ü—Ä–∏—à–ª–∏ –ø–æ —Ä–µ–∫–æ–º–µ–Ω–¥–∞—Ü–∏–∏ –∑–Ω–∞–∫–æ–º—ã—Ö, –ü—Ä–æ–±–æ–≤–∞–ª–∏ —Ä–µ–±—Ä–æ –∏ —Å—Ç–µ–π–∫–∏, –æ—á–µ–Ω—å –≤–∫—É—Å–Ω–æ, —á–∞–π –±–æ–º–±–æ–≤—ã–π, –ø–µ—Ä—Å–æ–Ω–∞–ª –≤–Ω–∏–º–∞—Ç–µ–ª—å–Ω—ã–π,–ø—Ä–æ—Ü–≤–µ—Ç–∞–Ω–∏—è –≤–∞–ºüëç",positive
146,–ù–µ–≤–µ—Ä–æ—è—Ç–Ω–æ –∞—Ç–º–æ—Å—Ñ–µ—Ä–Ω–æ–µ –º–µ—Å—Ç–æ —Å –±–µ–∑—É–º–Ω–æ –≤–∫—É—Å–Ω—ã–º –º—è—Å–æ–º. –ò—Å–∫—Ä–µ–Ω–Ω–µ —Å–æ–≤–µ—Ç—É—é –ø–æ–ø—Ä–æ–±–æ–≤–∞—Ç—å —Ç–æ–º–ª–µ–Ω–Ω—ã–π –±—Ä–∏—Å–∫–µ—Ç —Å –±–µ–π–±–∏ –∫–∞—Ä—Ç–æ—Ñ–µ–ª–µ–º –∏ –±–∞—Ä–∞–Ω—å—é —Ä—É–ª—å–∫—É —Å –ø–µ—Ä–µ—á–Ω—ã–º —Å–æ—É—Å–æ–º. –ë–µ–∑—É–º–Ω–æ –≤–∫—É—Å–Ω–æ üî•,positive
147,"–û—Ç–ª–∏—á–Ω–æ–µ –æ—Ç–∫—Ä—ã—Ç–∏–µ! –ï–¥–∞ –≤–∫—É—Å–Ω–∞—è, –æ–±—Å–ª—É–∂–∏–≤–∞–Ω–∏–µ –æ—Ç –ê–¥–∏–ª—è –Ω–µ–≤–µ—Ä–æ—è—Ç–Ω–æ –∫—Ä—É—Ç–æ–µ. –£–¥–∞—á–∏ –≤ –¥–∞–ª—å–Ω–µ–π—à–µ–º!",positive