review,label
–°—Ç—Ä–∞–Ω–Ω—ã–π —Å–º—É–∑–∏ –∏ –≤–∫—É—Å–Ω—ã–µ –±–µ–ª—å–≥–∏–π—Å–∫–∏–µ –≤–∞—Ñ–ª–∏) üßáüßÉ,good
"–í—Å–µ –ø–æ–Ω—Ä–∞–≤–∏–ª–æ—Å—å –∫—É—Ö–Ω—è –≤–∫—É—Å–Ω–∞—è —Å–ø–∞—Å–∏–±–æ –ø–µ—Ä—Å–æ–Ω–∞–ª—É
–î–∞–∂–µ –º–æ–∂–Ω–æ –æ—Ç–º–µ—á–∞—Ç—å –º–µ—Ä–æ–ø—Ä–∏—è—Ç–∏—è –Ω–∞ –±–æ–ª—å—à—É—é –∫–æ–º–ø–∞–Ω–∏—é",good
–ö—É—Ö–Ω—è –Ω–∞ 3,neutral
"–ó–∞–∫–∞–∑–∞–ª–∞ —Ñ–µ—Ç—É—á–∏–Ω–∏ —Å –∫—É—Ä–∏—Ü–µ–π –∏ –≥—Ä–∏–±–∞–º–∏, –∏ –æ–Ω–∞ –æ–∫–∞–∑–∞–ª–∞—Å—å –Ω–µ–º–Ω–æ–≥–æ –ø–µ—Ä–µ–≤–∞—Ä–µ–Ω–Ω–æ–π ‚Äì —Ç–µ–∫—Å—Ç—É—Ä–∞ –±—ã–ª–∞ —Å–ª–∏—à–∫–æ–º –º—è–≥–∫–æ–π, –±–µ–∑ –ø—Ä–∏–≤—ã—á–Ω–æ–π —É–ø—Ä—É–≥–æ—Å—Ç–∏. –•–æ—Ç–µ–ª–æ—Å—å –±—ã, —á—Ç–æ–±—ã –ø–∞—Å—Ç–∞ –æ—Å—Ç–∞–≤–∞–ª–∞—Å—å –±–æ–ª–µ–µ –∞–ª—å –¥–µ–Ω—Ç–µ.",good
"–ë–ª–∏–Ω —É –≤–∞—Å ,–≤—Å—ë –æ—á–µ–Ω—å –ø–æ–Ω—Ä–∞–≤–∏–ª–æ—Å—å , –Ω–æ –æ—Å–æ–±–µ–Ω–Ω–æ –≤–ø–µ—á–∞—Ç–ª–∏–ª –∫–∞–ª—å—è–Ω - –≤–∫—É—Å, –¥—ã–º–Ω–æ—Å—Ç—å , –ø–æ–¥–∞—á–∞ , –≤—Å–µ –Ω–∞ –≤—ã—Å—à–µ–º —É—Ä–æ–≤–Ω–µ! –û–≥—Ä–æ–º–Ω–æ–µ —Å–ø–∞—Å–∏–±–æ –≤–∞—à–µ–º—É –∫–∞–ª—å—è–Ω—â–∏–∫—É –ï–ª–∂–∞–Ω—É –∑–∞ –º–∞—Å—Ç–µ—Ä—Å—Ç–≤–æ –∏ –≤–Ω–∏–º–∞–Ω–∏–µ –∫ –¥–µ—Ç–∞–ª—è–º . –í–∏–¥–Ω–æ , —á—Ç–æ —á–µ–ª–æ–≤–µ–∫ –¥–µ–π—Å—Ç–≤–∏—Ç–µ–ª—å–Ω–æ –∑–Ω–∞–µ—Ç —Å–≤–æ–µ –¥–µ–ª–æ. ü´∂üèª",good
–í–∫—É—Å–Ω–æ –∏ —Ü–µ–Ω–∞ –¥–µ–º–æ–∫—Ä–∞—Ç–∏—á–Ω–∞—è,good
"–í—Å—ë –æ—á–µ–Ω—å –≤–∫—É—Å–Ω–æ,–ø–æ–≤–∞—Ä–∞–º —Ä–µ—Å–ø–µ–∫—Ç!–ï—Å—Ç—å –±–ª—é–¥–∞ –Ω–∞ –ª—é–±–æ–π –≤–∫—É—Å,—á—Ç–æ –æ—á–µ–Ω—å —Ä–∞–¥—É–µ—Ç.–û—Å–æ–±–µ–Ω–Ω–æ —Ö–æ—á–µ—Ç—Å—è –æ—Ç–º–µ—Ç–∏—Ç—å –º–æ–∑–≥–æ–≤—ã–µ –∫–æ—Å—Ç–æ—á–∫–∏ —Å —Ñ–∏—Ä–º–µ–Ω–Ω—ã–º —Å–∞–ª–∞—Ç–æ–º,–≤–∫—É—Å –æ–±–∞–ª–¥–µ–Ω–Ω—ã–π!–ê –∂–∞—Ä–µ–Ω—ã–π –±–∞–Ω–∞–Ω –≤ –∫–ª—è—Ä–µ –æ—Å—Ç–∞–≤–∏–ª –ø—Ä–∏—è—Ç–Ω—ã–µ –≤–ø–µ—á–∞—Ç–ª–µ–Ω–∏—è,–≤—Å–µ–º —Å–æ–≤–µ—Ç—É—é –ø–æ–ø—Ä–æ–±–æ–≤–∞—Ç—å. –û–±—Å–ª—É–∂–∏–≤–∞–Ω–∏–µ –Ω–µ–º–Ω–æ–≥–æ —Ö—Ä–æ–º–∞–µ—Ç,–Ω–æ —Ä–∞–¥–∏ —Ç–∞–∫–æ–π –≤–∫—É—Å–Ω–æ–π –µ–¥—ã —Ç–æ—á–Ω–æ —Å—Ç–æ–∏—Ç –ø—Ä–∏–π—Ç–∏üëçüèªüëçüèªüëçüèª",good
"–ù–µ –≤ –ø–µ—Ä–≤—ã–π —Ä–∞–∑ –¥–µ–ª–∞—é –∑–∞–∫–∞–∑—ã, –æ—á–µ–Ω—å –º–Ω–µ –Ω—Ä–∞–≤–∏—Ç—Å—è —Ä–µ—Å—Ç–æ—Ä–∞–Ω Dam. –°–ø–∞—Å–∏–±–æ –±–æ–ª—å—à–æ–µ –≤–∞–º –∑–∞ –≤–∫—É—Å–Ω–µ–π—à–∏–π –ø–ª–æ–≤, –Ω–∏–≥–¥–µ —Ç–∞–∫–æ–≥–æ –ø–ª–æ–≤–∞ –Ω–µ –ø—Ä–æ–±–æ–≤–∞–ª–∞! –û—Ç–ª–∏—á–Ω—ã–π, –≤–µ–∂–ª–∏–≤—ã–π –ø–µ—Ä—Å–æ–Ω–∞–ª, –∫—É—Ö–Ω—è —Å—É–ø–µ—Ä, —à–µ–≤ –ø–æ–≤–∞—Ä –ª—É—á—à–∏–π! –ë—É–¥—É —É –≤–∞—Å –∏ –≤ –¥–∞–ª—å–Ω–µ–π—à–µ–º –∑–∞–∫–∞–∑—ã–≤–∞—Ç—å, –≤—Å–µ–º —Ä–µ–∫–æ–º–µ–Ω–¥—É—é. –°–ø–∞—Å–∏–±–æ –í–∞–º!!!",good
"–ë–µ—à–±–∞—Ä–º–∞–∫ –∏ –ø–ª–æ–≤ –æ–±–∞–ª–¥–µ–Ω–Ω—ã–πü•∞üòã
–°–æ–≤–µ—Ç—É—é!",good
–û—á–µ–Ω—å –≤—Å–µ –∫–ª–∞—Å—Å–Ω–æ,good
"–£—é—Ç–Ω–æ–µ –º–µ—Å—Ç–æ. –ü—Ä–∏—è—Ç–Ω—ã–π –∞–Ω—Ç—É—Ä–∞–∂, —Ö–æ—Ä–æ—à–µ–µ –æ–±—Å–ª—É–∂–∏–≤–∞–Ω–∏–µ. –ò–Ω—Ç–µ—Ä–µ—Å–Ω—ã–π –≤—ã–±–æ—Ä –±–ª—é–¥ –≤–æ—Å—Ç–æ—á–Ω–æ–π –∫—É—Ö–Ω–∏, –±–æ–ª—å—à–∏–µ –ø–æ—Ä—Ü–∏–∏! –¢–∞–∫–∂–µ —Ä–∞–¥—É—é—Ç –∫–∞–ª—å—è–Ω—ã - —Ö–æ—Ä–æ—à–∏–π –≤—ã–±–æ—Ä –º–∏–∫—Å–æ–≤, –ª—ë–≥–∫–∏–µ –∏ –¥—ã–º–Ω—ã–µ –∑–∞–±–∏–≤–∫–∏. –†–∞–¥—ã –≤–æ–∑–≤—Ä–∞—â–∞—Ç—å—Å—è —Å—é–¥–∞ =)",good
"–ö—Ä–∞—Å–∏–≤—ã–π —Ä–µ—Å—Ç–æ—Ä–∞–Ω, –æ—á–µ–Ω—å –≤–∫—É—Å–Ω–æ –≥–æ—Ç–æ–≤—è—Ç. –°–ø–∞—Å–∏–±–æ –¥–µ–≤–æ—á–∫–∞–º –∑–∞ —Ö–æ—Ä–æ—à–µ–µ –æ–±—Å–ª—É–∂–∏–≤–∞–Ω–∏–µ ‚ù§Ô∏è
–†–µ–∫–æ–º–µ–Ω–¥—É—é –ø–æ–ø—Ä–æ–±–æ–≤–∞—Ç—å –°—Ç–µ–π–∫ –†–∏–±–∞–π.",good
"–û—Ç–¥–µ–ª—å–Ω–æ–µ —Å–ø–∞—Å–∏–±–æ —Ö–æ—Å—Ç–µ—Å—É, –æ—Ç–ª–∏—á–Ω—ã–π –ø—Ä–æ—Ñ–µ—Å—Å–∏–æ–Ω–∞–ª–∏–∑–º, –ø—Ä–æ—à—É –≤—ã–¥–∞—Ç—å –ø–µ—Ä–º–∏—é –•–æ—Å—Ç–µ—Å—É!",good
"–¢–∞–º–∞“õ—Ç–∞—Ä—ã ”©—Ç–µ –∂–∞“õ—Å—ã , —Ç“±—Ä–∞“õ—Ç—ã –∫–ª–∏–µ–Ω—Ç–ø—ñ–Ω —É–∂–µ ü©µ",good
–ó–∞ –∫–∞–ª—å—è–Ω –∏ –∫—Ä—É—Ç—É—é –∞–¥–º–∏–Ω—à—É! üå∏ü´∂,good
"–ó–∞–∫–∞–∑–∞–ª–∏ —á–µ—Ä–µ–∑ –≥–ª–æ–≤–æ , –ª–∞–≥–º–∞–Ω –ø–æ –¥–æ–º–∞—à–Ω–µ–º—É –∫–æ—Ç–æ—Ä—ã–π –æ—Ç–¥–∞–µ—Ç —Å–ª–∞–¥–∫–∏–º –≤–∫—É—Å–æ–º –∏ –Ω–∞ —ç—Ç–æ–º –≤—Å–µ, –Ω–µ—Ç –Ω–∏–∫–∞–∫–æ–≥–æ –¥—Ä—É–≥–æ–≥–æ –≤–∫—É—Å–∞, –µ—Å—Ç—å –Ω–µ –≤–æ–∑–º–æ–∂–Ω–æ, –≤—Ç–æ—Ä–æ–µ –±–ª—é–¥–æ –ù–∞—Ä—ã–Ω –≤ –∫–æ—Ç–æ—Ä–æ–º —Ç–µ—Å—Ç–æ –Ω–µ –¥–æ–≤–µ—Ä–µ–Ω–Ω–æ–µ , –∏ –±—É–ª—å–æ–Ω –Ω–µ –Ω–∞–≤–∞—Ä–∏—Å—Ç—ã–º, –∏ –±—ã–ª–∏ –º–∏–Ω–∏ —á–µ–±—É—Ä–µ–∫–∏ –µ–¥–∏–Ω—Å—Ç–≤–µ–Ω–Ω–æ–µ —á—Ç–æ –±—ã–ª–æ –±–æ–ª–µ–µ –º–µ–Ω–µ–µ, –≤ –æ–±—â–µ–º –∏—Ç–æ–≥ –µ–¥–∞ –±–µ–∑–≤–∫—É—Å–Ω–∞—è!!!",bad
"–°–µ–≥–æ–¥–Ω—è –≤–ø–µ—Ä–≤—ã–µ –ø–æ—Å–µ—Ç–∏–ª–∏ —ç—Ç–æ –∫–∞—Ñ–µ, –∏ –≤–ø–µ—á–∞—Ç–ª–µ–Ω–∏—è –æ—Å—Ç–∞–ª–∏—Å—å –∏—Å–∫–ª—é—á–∏—Ç–µ–ª—å–Ω–æ –ø–æ–ª–æ–∂–∏—Ç–µ–ª—å–Ω—ã–µ! –ï–¥–∞ –ø—Ä–æ—Å—Ç–æ –∏–∑—É–º–∏—Ç–µ–ª—å–Ω–∞—è ‚Äî –≤—Å–µ –ø–æ–¥–∞—é—Ç —Å –ø—ã–ª—É —Å –∂–∞—Ä—É, —Ç–∞–∫ —á—Ç–æ –±—É–¥—å—Ç–µ –æ—Å—Ç–æ—Ä–æ–∂–Ω—ã, —á—Ç–æ–±—ã –Ω–µ –æ–±–∂–µ—á—å—Å—è. –≠—Ç–æ –¥–µ–π—Å—Ç–≤–∏—Ç–µ–ª—å–Ω–æ –¥–æ–±–∞–≤–ª—è–µ—Ç —à–∞—Ä–º–∞ –∏ —É—é—Ç–∞. –û—Å–æ–±–æ —Ö–æ—á–µ—Ç—Å—è –æ—Ç–º–µ—Ç–∏—Ç—å —É–±–æ—Ä–Ω—É—é: –æ—á–µ–Ω—å —á–∏—Å—Ç–æ, —É—é—Ç–Ω–æ, –∏ –≤—Å–µ –ø—Ä–µ–¥—É—Å–º–æ—Ç—Ä–µ–Ω–æ –¥–ª—è –∫–æ–º—Ñ–æ—Ä—Ç–Ω–æ–≥–æ —É—Ö–æ–¥–∞. –°—é–¥–∞ —Ç–æ—á–Ω–æ —Ö–æ—á–µ—Ç—Å—è –≤–µ—Ä–Ω—É—Ç—å—Å—è!",good
"–õ–∞–≥–º–∞–Ω –≥—É–π—Ä—É –Ω–∞ 3 –±–∞–ª–∞ —á—É—Ç—å –¥–∞–ª—å—à–µ —Ä—è–¥–æ–º —Å–æ —Å—Ç–∞–Ω—Ü–∏–∏ –º–µ—Ç—Ä–æ –ú–æ—Å–∫–≤–∞ –ö–∞—Ä–∞–±–∞–ª–∞ –¥–µ–ª–∞–µ—Ç –ª—É—á—à–µ –∏ –¥–µ—à–µ–≤–ª–µ! –¢–µ—Å—Ç–æ –æ—á–µ–Ω—å –º—è–≥–∫–æ–µ, –æ–Ω–æ –¥–æ–ª–∂–Ω–æ –±—ã—Ç—å —Ç–≤—ë—Ä–¥—ã–º, –¥–∞–ª–µ–µ –æ—Ñ–∏—Ü–∏–∞–Ω—Ç –≤–º–µ—Å—Ç–µ —Å –≥—É–π—Ä—É –õ–∞–≥–º–∞–Ω –ø—Ä–µ–¥–ª–∞–≥–∞–µ—Ç –Ω–µ–∑–∞–º–µ—Ç–Ω–æ —á–∞–π –∑–∞ 800 —Ç–µ–Ω–≥–µ –∏ —Ö–ª–µ–± –∑–∞ 450 —Ç–µ–Ω–≥–µ –∏ –∞–∫—Ü–∏—è, —á—Ç–æ –≥—É–π—Ä—É –õ–∞–≥–º–∞–Ω –∑–∞ 1290 —Ç–µ–Ω–≥–µ —É–∂–µ –Ω–µ —Ä–∞–±–æ—Ç–∞–µ—Ç –∏ —Ç—ã –ø–ª–∞—Ç–∏—à—å –∑–∞ –≤—Å—ë –ø–æ—á—Ç–∏ 3000 —Ç–µ–Ω–≥–µ. –ù–æ —Å–∞–º–æ–µ —É–∂–∞—Å–Ω–æ–µ, —á—Ç–æ –ì—É–π—Ä—É –õ–∞–≥–º–∞–Ω –Ω–∏–∫–∞–∫–æ–π! –î–µ–Ω—å–≥–∏ –∏ –≤—Ä–µ–º—è –º–æ–∂–Ω–æ –ø—Ä–æ—Å—Ç–∏—Ç—å –µ—â—ë, –Ω–æ –ª—é–¥–∏ –ø—Ä–∏—Ö–æ–¥—è—Ç –ø–æ —Ä–µ–∫–ª–∞–º–µ –æ—Ç —Ç–∏–∫ —Ç–æ–∫, –∞ —Ç–∞–º –≤—Å—ë –∫–∞–∫ –≤–æ –º–Ω–æ–≥–∏—Ö –∑–∞–±–µ–≥–∞–ª–∞–≤–∫–∞—Ö!",neutral
"”®—Ç–µ –¥–∞–º”ô–º–¥—ñ –∂–∞–Ω–µ ”ô–¥–µ–º—ñ –∂–µ—Ä ü§§
–•–æ—Å—Ç–µ—Å —Ç–µ—Ä–∏–¥–µ –∞–¥–µ–º–∏ –∫—ã–∑–¥–∞—Ä –µ–∫–µ–Ω –º–∞–≥–∞–Ω –±–∞—Ä”ô —É–Ω–∞–¥—ãü´ßü§ç",good
"–ï–ª–∞–º–∞–Ω–Ω—ã“£ “õ—ã–∑—ã –∫“Ø—à—Ç—ñ “õ–∞—Ä—Å—ã –∞–ª–¥—ã ”®—Ç–µ –∂–∞“õ—Å—ã “õ—ã–∑—ã–º–µ—Ç –∫”©—Ä—Å–µ—Ç—Ç—ñ ‚úÖ
–î–µ—Å–µ—Ä—Ç –ø–µ–Ω —á–∞–π –∂–∞“õ—Å—ã –∫–µ—Ç—Ç—ñ üòÅ
–ë–∞—Ä–ª—ã“ì—ã “Ø—à—ñ–Ω –î”ô–º —Ä–µ—Å—Ç–æ—Ä–∞–Ω—ã–Ω—ã–Ω–∞ –∞–ª“ì–∞—Å—ã–º —à–µ–∫—Å—ñ–∑ ‚ú®",good
–°–ø–∞—Å–∏–±–æ. –û—á–µ–Ω—å –ø–æ–Ω—Ä–∞–≤–∏–ª–æ—Å—å. –°–∏–¥–µ–ª–∏ —Ü–µ–ª–æ–π –∫–æ–º–ø–∞–Ω–∏–µ–π. –û—Ñ–∏—Ü–∏–∞–Ω—Ç –ê–Ω—Ç–æ–Ω –æ—á–µ–Ω—å —Ç–µ—Ä–ø–µ–ª–∏–≤–æ –æ—Ç–Ω–µ—Å—Å—è –∫ –Ω–∞—à–µ–π –Ω–µ—Ä–µ—à–∏—Ç–µ–ª—å–Ω–æ–π –ø–æ–¥—Ä—É–≥–µ –∏ –ø–æ–º–æ–≥ –≤—ã–±—Ä–∞—Ç—å —Å–∞–º–æ–µ –≤–∫—É—Å–Ω–æ–µ –±–ª—é–¥–æ - —â–µ—á–∫–∏ —Å –∫–∞—Ä—Ç–æ—à–∫–æ–π.,good
"–ë–∞—Ä–ª—ã–≥—ã –∫—É—à—Ç–∏.
–ö—É—Ö–Ω—è –¥–∞–º–¥–∏ –∫—É—à—Ç–∏ –∞—Ç–º–æ—Å—Ñ–µ—Ä–∞
–•–æ—Å—Ç–æ—Å –∫—ã–∑ –∂–∞–∫—Å—ã –∫–∞—Ä—Å—ã –∞–ª–¥—ã.",good
"–•–æ—Ä–æ—à–µ–µ –æ–±—Å–ª—É–∂–∏–≤–∞–Ω–∏–µ,–≤–∫—É—Å–Ω–∞—è –∫—É—Ö–Ω—è . –û—Ñ–∏—Ü–∏–∞–Ω—Ç –ê–Ω—Ç–æ–Ω –ø–æ–Ω—Ä–∞–≤–∏–ª—Å—è –∏ –≤–æ–æ–±—â–µ –∫—Ä–∞—Å–∏–≤—ã–π –ø–∞—Ä–µ–Ω—å",good
"–û—Ç–ª–∏—á–Ω–æ –ø–æ—Å–∏–¥–µ–ª–∏,–æ—Ñ–∏—Ü–∏–∞–Ω—Ç –ê–Ω—Ç–æ–Ω —Ö–æ—Ä–æ—à–æ –æ–±—Å–ª—É–∂–∏–ª üëçüèº",good
"–≠—Ç–æ –Ω–µ —Ä–µ—Å—Ç–æ—Ä–∞–Ω, –∞ –ø—Ä–æ—Å—Ç–æ –æ–±—ã—á–Ω–∞—è —Å—Ç–æ–ª–æ–≤–∞—è, –∫–∞—Ñ–µ—à–∫–∞, –≥–¥–µ –æ—á–µ–Ω—å –Ω–∞–∫—É—Ä–µ–Ω–æ, –∑–∞–ø–∞—Ö –æ—Ç–≤—Ä–∞—Ç–∏—Ç–µ–ª—å–Ω—ã–π —Å—Ç–æ–∏—Ç –≤ –ø–æ–º–µ—â–µ–Ω–∏–∏, –∫–æ—Ç–æ—Ä–æ–µ –Ω–µ –ø—Ä–æ–≤–µ—Ç—Ä–∏–≤–∞–µ—Ç—Å—è, –≤–µ–Ω—Ç–∏–ª—è—Ü–∏—è –≤–æ–∑–¥—É—Ö–∞ –≤–∏–¥–∏–º–æ –æ—Ç—Å—É—Ç—Å—Ç–≤—É–µ—Ç. –ì–∞—Ä–¥–µ—Ä–æ–±–∞ –Ω–µ—Ç, –≤–µ—à–∞–ª–∫–∏ –ø—Ä–∞–∫—Ç–∏—á–µ—Å–∫–∏ –æ—Ç—Å—É—Ç—Å—Ç–≤—É—é—Ç. –í–µ—Ä—Ö–Ω—è—è –æ–¥–µ–∂–¥–∞ —É –≤—Å–µ—Ö –Ω–∞ —Å–ø–∏–Ω–∫–∞—Ö —Å—Ç—É–ª—å–µ–≤. –ù–µ—É—é—Ç–Ω–æ. –ö—Ä–æ–º–µ —Ç–æ–≥–æ, –≤–Ω—É—Ç—Ä–∏ –æ—Ç–∫—Ä—ã—Ç–æ –∫—É—Ä—è—Ç –∫–∞–ª—å—è–Ω, –≤–µ–π–ø—ã, –Ω–µ—Å–º–æ—Ç—Ä—è –Ω–∞ —Ç–æ, —á—Ç–æ —Ç–∞–º —Å–∏–¥—è—Ç –∏ —Å–µ–º—å–∏ —Å –¥–µ—Ç—å–º–∏, –∏ –Ω–µ —Ç–æ–ª—å–∫–æ –ø–æ—Å–µ—Ç–∏—Ç–µ–ª–∏, –Ω–æ –∏ –æ–¥–∏–Ω –∏–∑ —Å–æ—Ç—Ä—É–¥–Ω–∏–∫–æ–≤ –∫—É—Ä–∏–ª, —Å–∏–ª—å–Ω–æ –¥—ã–º—è, –≤ –ø–æ–¥—Å–æ–±–Ω–æ–º –ø–æ–º–µ—â–µ–Ω–∏–∏, –∫–æ—Ç–æ—Ä–æ–µ –≤–∏–¥–Ω–æ –∏–∑ –∑–∞–ª–∞, –∏–∑ –∫–æ—Ç–æ—Ä–æ–≥–æ –¥—ã–º —à–µ–ª –≤ –∑–∞–ª. –ö–æ–≥–¥–∞ —è —É–∫–∞–∑–∞–ª–∞ –Ω–∞ –Ω–µ–≥–æ –º–µ–Ω–µ–¥–∂–µ—Ä—É –∑–∞–ª–∞, –∫—É—Ä–∏–≤—à–∏–π —Å–æ—Ç—Ä—É–¥–Ω–∏–∫, –æ—Ç–º–∞—Ö–Ω—É–≤—à–∏—Å—å, –æ–≥—Ä—ã–∑–Ω—É–ª—Å—è –Ω–∞ –º–µ–Ω—è. –ù–∞ –º–æ–µ –∑–∞–º–µ—á–∞–Ω–∏–µ —Å—Ç–∞—Ä—à–∏–π –º–µ–Ω–µ–¥–∂–µ—Ä –Ω–∏–∫–∞–∫ –Ω–µ –æ—Ç—Ä–µ–∞–≥–∏—Ä–æ–≤–∞–ª, —Å–∫–∞–∑–∞–≤, –Ω—É —á—Ç–æ –º–æ–ª —è –º–æ–≥—É –ø–æ–¥–µ–ª–∞—Ç—å. –ë—ã–ª–∏ –≤ —ç—Ç–æ–º —Ä–µ—Å—Ç–æ—Ä–∞–Ω–µ –æ–∫–æ–ª–æ 17:00—á. –ß—Ç–æ –ø–æ–Ω—Ä–∞–≤–∏–ª–æ—Å—å - —ç—Ç–æ –µ–¥–∞, –ø–æ–≤–∞—Ä —Ö–æ—Ä–æ—à–∏–π. –ó–∞–∫–∞–∑–∞–ª–∏ —Ä–∞–∑–Ω—ã–µ –ª–∞–≥–º–∞–Ω—ã, —Å—ã—Ä–Ω—ã–µ —Ö—ã—á–∏–Ω—ã, –±–∞—É—Ä—Å–∞–∫–∏, —Å–∞–ª–∞—Ç –∏–∑ –æ–≥—É—Ä—Ü–æ–≤ —Å –∫–µ—à—å—é, —è–≥–æ–¥–Ω—ã–π —á–∞–π. –í—Å–µ –≤–∫—É—Å–Ω–æ. –û–±—Å–ª—É–∂–∏–≤–∞–Ω–∏–µ —Å—Ä–µ–¥–Ω–µ–µ, –æ—Ñ–∏—Ü–∏–∞–Ω—Ç—ã –≤–µ–∂–ª–∏–≤—ã–µ, –Ω–æ –Ω–∞ —Å—Ç–æ–ª–∞—Ö –Ω–µ —Ö–≤–∞—Ç–∞–ª–æ –ø—Ä–∏–±–æ—Ä–æ–≤, –Ω–µ –±—ã–ª–æ —Å–∞–ª—Ñ–µ—Ç–æ–∫. –í—Ä—è–¥ –ª–∏ –≤ —Å–ª–µ–¥—É—é—â–∏–π —Ä–∞–∑ –ø—Ä–∏–¥—ë–º –≤ —ç—Ç–æ –∑–∞–≤–µ–¥–µ–Ω–∏–µ, –±—ã–ª–∏ –≤ –ø–µ—Ä–≤—ã–π —Ä–∞–∑, —Ö–æ—Ç—è –∂–∏–≤—ë–º —Ä—è–¥–æ–º.",bad
"–ï–¥–∞ –≤–∫—É—Å–Ω–∞—è, –æ—Ñ–∏—Ü–∏–∞–Ω—Ç—ã –≤–µ–∂–ª–∏–≤—ã–µ, –Ω–æ –Ω–µ —Å–æ–≤—Å–µ–º –≤–Ω–∏–º–∞—Ç–µ–ª—å–Ω—ã–µ (–ø—Ä–∏—à–ª–æ—Å—å —Å–∞–º–∏–º –ø–æ–ø—Ä–æ—Å–∏—Ç—å –ª–æ–∂–∫–∏ –¥–ª—è –ª–∞–≥–º–∞–Ω–æ–≤ –∏ —Å–∞–ª—Ñ–µ—Ç–∫–∏) –û–¥–Ω–∞–∫–æ, –∫—É—Ä—è—Ç –∫–∞–ª—å—è–Ω –≤ –æ—Å–Ω–æ–≤–Ω–æ–º –∑–∞–ª–µ, —á—Ç–æ –∑–∞–ø—Ä–µ—â–µ–Ω–æ –∑–∞–∫–æ–Ω–æ–º. –ï—Å—Ç—å –Ω–µ–∫—É—Ä—è—â–∞—è –∑–æ–Ω–∞ - –±–∞–Ω–∫–µ—Ç–Ω—ã–π –∑–∞–ª, –∫–æ—Ç–æ—Ä—ã–π –Ω–µ–¥–æ—Å—Ç—É–ø–µ–Ω, –∫–æ–≥–¥–∞ –∏–¥—ë—Ç –º–µ—Ä–æ–ø—Ä–∏—è—Ç–∏–µ. –í–æ–∑–ª–µ –∫—É—Ö–Ω–∏ —Å–æ—Ç—Ä—É–¥–Ω–∏–∫ (–≤–∏–¥–∏–º–æ –æ—Ç–≤–µ—á–∞—é—â–∏–π –∑–∞ –∫–∞–ª—å—è–Ω) –ø–∞—Ä–∏–ª, –∫–æ–≥–¥–∞ –µ–º—É —Å–¥–µ–ª–∞–ª–∏ –∑–∞–º–µ—á–∞–Ω–∏—è, –≥—Ä—É–±–æ –æ—Ç–≤–µ—Ç–∏–ª. –°—Ç–æ—è–ª —É–∂–∞—Å–Ω—ã–π –∑–∞–ø–∞—Ö –≤ –∑–∞–ª–µ, –¥—É—à–Ω–æ–≤–∞—Ç–æ. –°—Ç–æ–∏—Ç –ø—Ä–µ–¥—É–ø—Ä–µ–∂–¥–∞—Ç—å —Å–≤–æ–∏—Ö –ø–æ—Å–µ—Ç–∏—Ç–µ–ª–µ–π, —Ç–∞–∫ –∫–∞–∫ –µ—Å—Ç—å –∞–ª–ª–µ—Ä–≥–∏—è –Ω–∞ –∑–∞–ø–∞—Ö–∏.",bad
"–ù–∞–º –ø—Ä–∏–Ω–µ—Å–ª–∏ 3 —á–µ–∫–∞.
–µ—â—ë —É –≤–∞—Å –µ—Å—Ç—å qr,–Ω–æ –Ω–∞–º –ø–æ–ø—Ä–æ—Å–∏–ª–∏ —Å–¥–µ–ª–∞–ª–∞—Ç—å –ø–µ—Ä–µ–≤–æ–¥.–æ–±—Ä–∞—Ç–Ω–æ –ø–æ–∑–≤–∞–ª–∏ –º–µ–Ω–µ–¥–∂–µ—Ä–∞ –ø–æ—Ç–æ–º qr –æ–º –æ–ø–ª–∞—Ç–∏–ª–∏
–ó–∞—á–µ–º –≤—Å–µ —ç—Ç–æ?",bad
–ï—à–∫–∏–º –∫–∞–∑–∞–∫—à–∞ –±–∏–ª–º–µ–π–¥–∏üëéüèª,bad
–•–æ—Ä–æ—à–µ–µ –æ–±—Å–ª—É–∂–∏–≤–∞–Ω–∏–µ –∏ –≤–∫—É—Å–Ω–æ,good
"–ó–¥—Ä–∞–≤—Å—Ç–≤—É–π—Ç–µ, –≤—Å–µ–≥–¥–∞ –º–Ω–æ–≥–∏–µ —Ä–µ—Å—Ç–æ—Ä–∞–Ω—ã –ø—Ä–æ—Å—è—Ç –æ—Å—Ç–∞–≤–∏—Ç—å –æ—Ç–∑—ã–≤, –Ω–æ –¥–∞–Ω–Ω–æ–µ –∑–∞–≤–µ–¥–µ–Ω–∏–µ –Ω–µ –ø—Ä–æ—Å–∏–ª–∏ –∏ –Ω–µ –Ω–∞–≤—è–∑—ã–≤–∞–ª–∏ –Ω–∞–º –∫–∞—Å–∞—Ç–µ–ª—å–Ω–æ –æ—Ç–∑—ã–≤–∞ –≤ 2–ì–ò–°, —á—Ç–æ –æ—á–µ–Ω—å –ø—Ä–∏—è—Ç–Ω–æ. 04 —è–Ω–≤–∞—Ä—è –ø—Ä–æ–≤–æ–¥–∏–ª–∏ –≤ –±–∞–Ω–∫–µ—Ç–Ω–æ–º –∑–∞–ª–µ —Å–µ–º–µ–π–Ω–æ–µ –º–µ—Ä–æ–ø—Ä–∏—è—Ç–∏–µ ¬´“ö—ã—Ä“õ—ã–Ω–∞–Ω —à—ã“ì–∞—Ä—É¬ª, –æ—á–µ–Ω—å —É–¥–æ–±–Ω–æ –æ—Ç–º–µ—á–∞—Ç—å –∫–æ–≥–¥–∞ —á–∏—Å–ª–æ –≥–æ—Å—Ç–µ–π 30-40. –¢–µ–ø–ª–æ, —É—é—Ç–Ω–æ, –≤—Å–µ —á–∏—Å—Ç–æ, —Å–ø–∞—Å–∏–±–æ –±–æ–ª—å—à–æ–µ –∞–¥–º–∏–Ω–∏—Å—Ç—Ä–∞—Ç–æ—Ä—É –°—ã–º–±–∞—Ç –∑–∞ –æ—Ä–≥–∞–Ω–∏–∑–∞—Ü–∏—é –Ω–∞—à–µ–≥–æ –ø—Ä–∞–∑–¥–Ω–∏–∫–∞, –æ—Ñ–∏—Ü–∏–∞–Ω—Ç–∞–º, –æ—Å–æ–±–µ–Ω–Ω–æ –ø–æ–≤–∞—Ä—É. –ö—É—Ö–Ω—è –æ—á–µ–Ω—å –≤–∫—É—Å–Ω–∞—è, –Ω–∞—à–∏ –≥–æ—Å—Ç–∏ –æ—Å—Ç–∞–ª–∏—Å—å –≤ –≤–æ—Å—Ç–æ—Ä–≥–µ, —Ä–µ—Å—Ç–æ—Ä–∞–Ω —Å–æ–æ—Ç–≤–µ—Ç—Å—Ç–≤—É–µ—Ç —Å–≤–æ–µ–º—É –Ω–∞–∑–≤–∞–Ω–∏—é. –ñ–µ–ª–∞—é –¥–µ—Ä–∂–∞—Ç—å –º–∞—Ä–∫—É, —Ç–∞–∫ –∫–∞–∫ –Ω–µ –≤—Å–µ–º —Ä–µ—Å—Ç–æ—Ä–∞–Ω–∞–º —É–¥–∞–µ—Ç—Å—è —ç—Ç–æ. –°—ã–º–±–∞—Ç –∞–¥–º–∏–Ω–∏—Å—Ç—Ä–∞—Ç–æ—Ä —É—á–ª–∞ –≤—Å–µ –Ω–∞—à–∏ –ø–æ–∂–µ–ª–∞–Ω–∏—è, –≤—Å–µ–≥–¥–∞ –±—ã–ª–∞ –Ω–∞ —Å–≤—è–∑–∏ –∏ –æ–ø–µ—Ä–∞—Ç–∏–≤–Ω–æ —Ä–µ–∞–≥–∏—Ä–æ–≤–∞–ª–∞ –≤–æ –≤—Ä–µ–º—è –±–∞–Ω–∫–µ—Ç–∞, —Å–ø–∞—Å–∏–±–æ –±–æ–ª—å—à–æ–µ. –û–¥–Ω–æ–∑–Ω–∞—á–Ω–æ –º—ã –±—É–¥–µ–º –æ—Ç–º–µ—á–∞—Ç—å –Ω–∞—à–∏ –ø—Ä–∞–∑–¥–Ω–∏–∫–∏ –∏ –º–µ—Ä–æ–ø—Ä–∏—è—Ç–∏—è —É –≤–∞—Å.",good
"–∞–¥–º–∏–Ω–∏—Å—Ç—Ä–∞—Ç–æ—Ä –°—ã–º–±–∞—Ç –≥–ª—É–ø–∞—è –∫–∞–∫ –±—Ä–µ–≤–Ω–æ !!! –ó–∞–±—Ä–æ–Ω–∏—Ä–æ–≤–∞–ª–∞ –æ–¥–∏–Ω –∏ —Ç–æ—Ç –∂–µ —Å—Ç–æ–ª –Ω–∞ –æ–¥–Ω–∏ –∏ —Ç–µ –∂–µ –¥–∞—Ç—ã –Ω–∞ –æ–¥–Ω–æ –∏ —Ç–æ –∂–µ –≤—Ä–µ–º—è !!
–ò—Å–ø–æ—Ä—Ç–∏–ª–∞ –≤—Å–µ–π –º–æ–µ–π —Å–µ–º—å–µ –Ω–∞—Å—Ç—Ä–æ–µ–Ω–∏–µ –∏ –æ–ø–æ–∑–æ—Ä–∏–ª–∞ –º–µ–Ω—è –ø–µ—Ä–µ–¥ –≤—Å–µ–º–∏ !!!!
–•–æ—á—É –Ω–∞–ø–∏—Å–∞—Ç—å –∂–∞–ª–æ–±—É –∫–æ–Ω–∫—Ä–µ—Ç–Ω–æ –Ω–∞ –Ω–µ–µ –∏ —á—Ç–æ–±—ã –µ–µ —É–≤–æ–ª–∏–ª–∏ !!!!!",bad
"–®–∏–∫–∞—Ä–Ω–æ–µ –º–µ—Å—Ç–æ, –∫–ª–∞—Å—Å–Ω–∞—è –∞—Ç–º–æ—Å—Ñ–µ—Ä–∞üòç
–ö–∞–ª—å—è–Ω–Ω—ã–π –º–∞—Å—Ç–µ—Ä –ø–æ –∏–º–µ–Ω–∏ –ï–ª–∂–∞–Ω –∑–Ω–∞–µ—Ç —Ç–æ–ª–∫ –≤ —Å–≤–æ—ë–º –¥–µ–ª–µüíû –ø—Ä–∏—è—Ç–Ω—ã–π –ø–µ—Ä—Å–æ–Ω–∞–ª –∏ –æ–±—Å–ª—É–∂–∏–≤–∞–Ω–∏–µ –Ω–∞ —É—Ä–æ–≤–Ω–µ.",good
"–ü—Ä–∏—à–ª–∏ –∏–∑-–∑–∞ —Ö–æ—Ä–æ—à–∏—Ö –æ—Ç–∑—ã–≤–æ–≤. –ß–∏—Å—Ç–æ, —É—é—Ç–Ω–æ, —Å—É–ø–µ—Ä –º–∏–ª–∞—è –∏ –∑–∞–±–æ—Ç–ª–∏–≤–∞—è –¥–µ–≤—É—à–∫–∞ –æ—Ñ–∏—Ü–∏–∞–Ω—Ç–∫–∞, –±—ã—Å—Ç—Ä–∞—è –ø–æ–¥–∞—á–∞ –±–ª—é–¥. –ù–æ –ø–æ –∫—É—Ö–Ω–µ —Å–ª–æ–∂–Ω–æ –ø–æ—Å—Ç–∞–≤–∏—Ç—å —Ö–æ—Ä–æ—à—É—é –æ—Ü–µ–Ω–∫—É. –ó–∞–∫–∞–∑–∞–ª–∏ –Ω–µ—Å–∫–æ–ª—å–∫–æ –±–ª—é–¥, –ø–æ—Ä—Ü–∏–∏ –±—ã–ª–∏ –±–æ–ª—å—à–∏–µ, –≤–∫—É—Å–Ω–æ, –º—è—Å–∞ –º–Ω–æ–≥–æ, –Ω–æ –≤–æ—Ç –º–æ–∑–≥–æ–≤—ã–µ –∫–æ—Å—Ç–æ—á–∫–∏ —ç—Ç–æ –±—ã–ª –ø—Ä–æ—Å—Ç–æ –∫–∞–∫–æ–π-—Ç–æ —Ç–∏—Ö–∏–π —É–∂–∞—Å. –í –ø–æ—Ä—Ü–∏–∏ 3 –∫–æ—Å—Ç–∏, –≤—Å–µ —Ä–∞–∑–Ω–æ–≥–æ —Ä–∞–∑–º–µ—Ä–∞, –æ–¥–Ω–∞ –∫–æ—Å—Ç—å –±—ã–ª–∞ —Ç—É–ø–æ –ø—É—Å—Ç–æ–π, –ø–æ—Ç–æ–º—É-—á—Ç–æ –±—ã–ª–∞ –º–∞–ª–µ–Ω—å–∫–∞—è –∏ –≤–µ—Å—å –º–æ–∑–≥ –ø–æ–∫–∞ –∑–∞–ø–µ–∫–∞–ª—Å—è —Ç—É–ø–æ –∏—Å–ø–∞—Ä–∏–ª—Å—è, –≤ –æ—Å—Ç–∞–ª—å–Ω—ã—Ö –¥–≤—É—Ö –º–æ–∂–Ω–æ –±—ã–ª–æ –Ω–µ—Å–∫–æ–ª—å–∫–æ –ª–æ–∂–µ–∫ –Ω–∞–∫–æ–≤—ã—Ä—è—Ç—å, —Å–∞–º –º–æ–∑–≥ –≤–æ–æ–±—â–µ –±–µ–∑–≤–∫—É—Å–Ω—ã–π, –∫–∞–∫-–±—É–¥—Ç–æ –µ—à—å –∫—É—Å–æ–∫ –∂–∏—Ä–∞. –≠—Ç–æ –±–ª—é–¥–æ –Ω—É–∂–Ω–æ –ø—Ä–æ—Å—Ç–æ —É–±—Ä–∞—Ç—å –∏–∑ –º–µ–Ω—é, –∏—Å–ø–æ—Ä—Ç–∏–ª–æ –≤—Å–µ –≤–ø–µ—á–∞—Ç–ª–µ–Ω–∏–µ, –ø—Ä–æ—Å—Ç–æ —Ä—É–∫–∞ –Ω–µ –ø–æ–¥–Ω—è–ª–∞—Å—å –ø–æ—Å—Ç–∞–≤–∏—Ç—å –æ—Ü–µ–Ω–∫—É –Ω–∏–∂–µ, —Ç–∞–∫ –∫–∞–∫ –æ—Å—Ç–∞–ª—å–Ω—ã–µ –±–ª—é–¥–∞ –±—ã–ª–∏ –≤–∫—É—Å–Ω—ã–µ –∏ —Å–µ—Ä–≤–∏—Å –Ω–∞ —É—Ä–æ–≤–Ω–µ.",good
"–û—á–µ–Ω—å –∫—Ä–∞—Å–∏–≤–æ–µ, —É—é—Ç–Ω–æ–µ –º–µ—Å—Ç–æ
–ö—É—Ö–Ω—è 10/10",good
"–û—á–µ–Ω—å –ø—Ä–∏—è—Ç–Ω–æ–µ –º–µ—Å—Ç–æ! –ë–ª—é–¥–∞ –æ—á–µ–Ω—å –≤–∫—É—Å–Ω—ã–µ, –ø–æ—Ä—Ü–∏–∏ –±–æ–ª—å—à–∏–µ! –û–±—Å–ª—É–∂–∏–≤–∞–Ω–∏–µ –æ—á–µ–Ω—å –≤–Ω–∏–º–∞—Ç–µ–ª—å–Ω–æ–µ! –°–ø–∞—Å–∏–±–æ –∑–∞ –ø—Ä–µ–∫—Ä–∞—Å–Ω—ã–π –≤–µ—á–µ—Ä!",good
–ï—Å—Ç—å –æ—Ç–¥–µ–ª—å–Ω—ã–µ –º–µ—Å—Ç–∞ –¥–ª—è –∫—É—Ä—è—â–∏—Ö –∏ –Ω–µ –¥–ª—è –∫—É—Ä—è—â–∏—Ö,good
"–û—Ç–ª–∏—á–Ω—ã–π —Ä–µ—Å—Ç–æ—Ä–∞–Ω, –æ—Ñ–∏—Ü–∏–∞–Ω—Ç—ã –≤–µ–∂–ª–∏–≤—ã–µ , –µ–¥–∞ –≤–∫—É—Å–Ω–∞—è!",good
"–ù–µ–≥–µ “õ–∞–∑–∞“õ —Ç—ñ–ª—ñ–Ω–¥–µ “õ—ã–∑–º–µ—Ç, –∂–∞—Ä–Ω–∞–º–∞, –º”ô–∑—ñ—Ä –∂–æ“õ “õ–∞–∑–∞“õ —Ç—ñ–ª—ñ–Ω–¥–µ “õ—ã–∑–º–µ—Ç –∫”©—Ä—Å–µ—Ç—ñ“£–¥–µ—Ä",bad
"–í –ò–Ω—Å—Ç–∞–≥—Ä–∞–º –ø–∞—Ä—É –¥–Ω–µ–π –Ω–∞–∑–∞–¥ —É–≤–∏–¥–µ–ª–∞ —Ä–µ–∫–ª–∞–º—É, —á—Ç–æ –≤ —Ä–µ—Å—Ç–æ—Ä–∞–Ω–µ —Å 12 –¥–æ 18 —á–∞—Å–æ–≤ –≤ –±—É–¥–Ω–∏ –º–æ–∂–Ω–æ –æ—Ç–≤–µ–¥–∞—Ç—å –≥—É–π—Ä—É –ª–∞–≥–º–∞–Ω —Å–æ —Å–∫–∏–¥–∫–æ–π, –ø–æ—Ä—Ü–∏—è 1290 —Ç–µ–Ω–≥–µ.
–ü–æ—Å–∫–æ–ª—å–∫—É –∂–∏–≤—É –Ω–µ–¥–∞–ª–µ–∫–æ, —Å–µ–≥–æ–¥–Ω—è —Ä–µ—à–∏–ª–∞ –∑–∞–π—Ç–∏. –ü–æ–Ω—Ä–∞–≤–∏–ª–∏—Å—å –æ–±—Å—Ç–∞–Ω–æ–≤–∫–∞, –æ–±—Å–ª—É–∂–∏–≤–∞–Ω–∏–µ, –ø—Ä–∞–∑–¥–Ω–∏—á–Ω–æ–µ –æ—Ñ–æ—Ä–º–ª–µ–Ω–∏–µ –∑–∞–ª–∞, —Ä–∞–∑–º–µ—Ä –ø–æ—Ä—Ü–∏–∏. –û–¥–Ω–æ–∑–Ω–∞—á–Ω–æ –≤–µ—Ä–Ω—É—Å—å —É–∂–µ —Å —Å–µ–º—å—ë–π.
–°–ø–∞—Å–∏–±–æ –∑–∞ —Ç–µ–ø–ª—ã–π –ø—Ä–∏–µ–º",good
"–ü–æ—Å—Ç–æ—è–Ω–Ω–æ –±—ã–≤–∞—é –∑–¥–µ—Å—å, –æ—á–µ–Ω—å –≤–µ–∂–ª–∏–≤—ã–µ –ª—é–¥–∏ —Ä–∞–±–æ—Ç–∞—é—Ç. –ö—É—Ö–Ω—è —Ö–æ—Ä–æ—à–∞—è. –ê—Ä–¥–∞–∫, —Å–ø–∞—Å–∏–±–æ –≤–∞–º.",good
–í–∫—É—Å–Ω–æ –∏ —Ç–µ–ø–ª–æ,good
–ö–∏—Ä–≥–µ–Ω –∫–µ–∑–¥–µ –µ–∫–∏ –∫—ã–∑ –æ—Ç—ã—Ä–∞–¥—ã —Å–æ–ª –∫—ã–∑–¥–∞—Ä–¥—ã –∂—É–º—ã—Å—Ç–∞–Ω —à—ã–≥–∞—Ä—É–¥—ã –æ—Ç–∏–Ω–µ–º–∏–Ω.–ö–∏—Ä–∏–ø –∫–µ–ª—Å–µ–Ω –∞—Ä–∫–∏–º–≥–µ –ø—Ä–∏–∫–æ–ª —É—Å—Ç–∞–ø –æ—Ç—ã—Ä–∞–¥—ã.–ù–µ–≥–∏–∑–∏ –∑–∞–≤–∏–¥–µ–Ω–∏–µ –∫–µ—Ä–µ–º–µ—Ç.–¢–∞–º–∞–∫—Ç–∞—Ä—ã –∂–∞–∫—Å—ã.,bad
"–ù–µ –∂–∞–ª–µ—é —á—Ç–æ –ø–æ—Å–≤–µ—Ç–∏–ª,–≤—Å–µ–º —Å–æ–≤–µ—Ç—É—é –ø–æ–ø—Ä–æ–±–æ–≤–∞—Ç—å —Ç—É—Ç –±–µ—Å–±–∞—Ä–º–∞–∫üòç–∫—É—Ö–Ω—è 100/10,–≥–æ—Å–ø–æ–∂–∞ –°–∞–Ω–∏—è 1000/10,—É–º–Ω–∞—è,—É–º–µ–µ—Ç –æ–±—â–∞—Ç—å—Å—è —Å –ª—é–¥—å–º–∏,–≤—Å—Ç—Ä–µ—Ç–∏–ª–∞ –º–µ–Ω—è —Å —Ö–æ—Ä–æ—à–æ–π –∞—Ç–º–æ—Å—Ñ–µ—Ä–æ–π,–º–æ–ª–æ–¥—Ü—ãüòçüëçüèª",good
"–ö—É—Ö–Ω—è –Ω–∞ –≤—ã—Å–æ–∫–æ–º —É—Ä–æ–≤–Ω–µ, –ø–µ—Ä—Å–æ–Ω–∞–ª –æ—á–µ–Ω—å –≤–µ–∂–ª–∏–≤—ã–π –æ—Å–æ–±–µ–Ω–Ω–æ –°–∞–Ω–∏—è. –ö–∞–ª—å—è–Ω –Ω–∞ –≤—ã—Å—à–∏–º —É—Ä–æ–≤–Ω–µ.",good
–ü–æ–∫—É—à–∞–ª —Å–µ–≥–æ–¥–Ω—è –±–µ—à–±–∞—Ä–º–∞–∫ —É –≤–∞—Å –æ—á–µ–Ω—å –±—ã–ª–æ –≤–∫—É—Å–Ω–æüëå–°–ø–∞—Å–∏–±–æ –æ—Ç–¥–µ–ª—å–Ω–æ —Ö–æ—Å—Ç–µ—Å –°–∞–Ω–∏—èüëç,good
–ë–ª–∞–≥–æ–¥–∞—Ä—é –∑–∞ –≤–∫—É—Å–Ω—É—é –µ–¥—É –∏ —Å–ø–∞—Å–∏–±–æ —Ö–æ—Å—Ç–µ—Å—É –°–∞–Ω–∏–µ,good
–æ—á–µ–Ω—å –≤–∫—É—Å–Ω—ã–µ –±–ª—é–¥–∞üòã —è –≤ –≤–æ—Å—Ç–æ—Ä–≥–µüòç,good
"”®—Ç–µ –∫–µ—Ä–µ–º–µ—Ç –∂–µ—Ä , —Ç–∞–º–∞“õ—Ç–∞—Ä—ã –¥”ô–º–¥—ñ –•–æ—Å—Ç–µ—Å –°–∞–Ω–∏—è“ì–∞ ”©—Ç–µ “Ø–ª–∫–µ–Ω —Ä–∞—Ö–º–µ—Ç –∂–æ“ì–∞—Ä—ã —Å–∞–ø–∞–¥–∞ –∫“Ø—Ç—ñ–ø –∞–ª–¥—ã.
”®—Ç–µ —Å—ã–ø–∞–π—ã",good
"–î–µ–≤—É—à–∫–∞ –ø–æ –∏–º–µ–Ω–∏ –°–∞–Ω–∏—è, —Ç–∞–∫–∞—è –ø—Ä–∏—è—Ç–Ω–∞—è –∏ –≤–µ–∂–ª–∏–≤–∞—èü•π —Ç–µ–ø–µ—Ä—å –±—É–¥—É –ø—Ä–∏—Ö–æ–¥–∏—Ç—å —Ç–æ–ª—å–∫–æ —Ä–∞–¥–∏ –Ω–µ–µü´∂üèª",good
"–°–µ–≥–æ–¥–Ω—è –±—ã–ª–∞ —É –≤–∞—Å,–Ω–∞ –≤—Ö–æ–¥–µ –≤—Å—Ç—Ä–µ—Ç–∏–ª–∞ –º–∏–ª–∞—è –¥–µ–≤—É—à–∫–∞ —Ö–æ—Å—Ç–µ—Å –°–∞–Ω–∏—è,–±–ª–∞–≥–æ–¥–∞—Ä—è –µ–π —É–∂–µ —Å–ª–æ–∂–∏–ª–æ—Å—å —Ö–æ—Ä–æ—à–µ–µ –≤–ø–µ—á–∞—Ç–ª–µ–Ω–∏–µ –æ –∑–∞–≤–µ–¥–µ–Ω–∏–∏. –í—Å–µ –±—ã–ª–æ –≤–∫—É—Å–Ω–æ,—Å–ø–∞—Å–∏–±–æ üíû",good
"–±–∞—Ä–ª—ã“ì—ã –∫–µ—Ä–µ–º–µ—Ç “±–Ω–∞–¥—ã,10/10 –æ–±—Å–ª—É–∂–∏–≤–∞–Ω–∏–µ—Å—ã,—Ç–∞–º–∞“ì—ã –±–∞—Ä–ª—ã“ì—ã –∂–∞“õ—Å—ãüëçüèª
–°–∞–Ω–∏—è –¥–µ–≥–µ–Ω “õ—ã–∑“ì–∞ —Ä–∞—Ö–º–µ—Ç –∫“Ø–ª—ñ–ø “õ–∞—Ä—Å—ã –∞–ª—ã–ø –∫“Ø–ª—ñ–ø —à—ã“ì–∞—Ä—ã–ø —Å–∞–ª–¥—ã",good
–†–∞—Ö–º–µ—Ç —Ç–∞“ì–∞–º–¥–∞—Ä—ã ”©—Ç–µ –¥”ô–º–¥—ñ –°–∞–Ω–∏—è –∂–∞“õ—Å—ã –∫“Ø—Ç–ø –∞–ª–¥—ã –∂–∞“õ—Å—ã —à“ì–∞—Ä—ã–ø —Å–∞–ª–¥—ã,good
"–†–µ—à–∏–ª–∏ –ø–µ—Ä–µ–∫—É—Å–∏—Ç—å –≤ —Ä–µ—Å—Ç–æ—Ä–∞–Ω–µ –î–∞–º,–æ—á–µ–Ω—å –±—ã–ª–æ –≤–∫—É—Å–Ω–æ,—Å–ø–∞—Å–∏–±–æ –°–∞–Ω–∏–µ —á—Ç–æ –≤—Å—Ç—Ä–µ—Ç–∏–ª–∞ –Ω–∞—Å —Å —É–ª—ã–±—á–∏–≤—ã–º –Ω–∞—Å—Ç—Ä–æ–µ–Ω–∏–µ–º,–ø–æ–ø—Ä–æ—Å–∏–ª–∞ –Ω–∞–ø–∏—Å–∞—Ç—å –æ–±—Ä–∞—Ç–Ω—É—é —Å–≤—è–∑—å,—á–µ—Å—Ç–Ω–æ –≤—Å–µ –±—ã–ª–æ –æ—á–µ–Ω—å –≤–∫—É—Å–Ω–æ üëçüèª",good
–°–ø–∞—Å–∏–±–æ –±–æ–ª—å—à–æ–µ —Ö–æ—Å—Ç–µ—Å—É –ø–æ –∏–º–µ–Ω–∏ –°–∞–Ω–∏—èüëçüèª ”®—Ç–µ –∫–µ—Ä–µ–º–µ—Ç –∫“Ø—Ç—ñ–ø –∞–ª–¥—ã –∫”©–ø –∫”©–ø —Ä–∞—Ö–º–µ—Ç,good
"–ù–µ–¥–∞–≤–Ω–æ –ø–æ–±—ã–≤–∞–ª–∞ –≤ —ç—Ç–æ–º —Ä–µ—Å—Ç–æ—Ä–∞–Ω–µ, –∏ —è –ø—Ä–æ—Å—Ç–æ –≤ –≤–æ—Å—Ç–æ—Ä–≥–µ! –ï–¥–∞ –∑–¥–µ—Å—å –Ω–µ–≤–µ—Ä–æ—è—Ç–Ω–æ –≤–∫—É—Å–Ω–∞—è, –∫–∞–∂–¥—ã–π –±–ª—é–¥–æ ‚Äî –Ω–∞—Å—Ç–æ—è—â–∞—è –∫—É–ª–∏–Ω–∞—Ä–Ω–∞—è —Ä–∞–¥–æ—Å—Ç—å. –í—Å—ë –±—ã–ª–æ —Å–≤–µ–∂–∏–º, –∞—Ä–æ–º–∞—Ç–Ω—ã–º –∏ –ø–æ–¥–∞–Ω–æ —Å —Ç–∞–∫–∏–º –≤–Ω–∏–º–∞–Ω–∏–µ–º –∫ –¥–µ—Ç–∞–ª—è–º. –ù–æ –æ—Å–æ–±–µ–Ω–Ω–æ —Ö–æ—á—É –æ—Ç–º–µ—Ç–∏—Ç—å –æ–±—Å–ª—É–∂–∏–≤–∞–Ω–∏–µ ‚Äî –æ–Ω–æ –¥–µ–π—Å—Ç–≤–∏—Ç–µ–ª—å–Ω–æ –Ω–∞ –≤—ã—Å—à–µ–º —É—Ä–æ–≤–Ω–µ! –•–æ—Å—Ç–µ—Å –°–∞–Ω–∏—è –ø—Ä–æ—Å—Ç–æ –∑–∞–º–µ—á–∞—Ç–µ–ª—å–Ω–∞—è ‚Äî –æ—á–µ–Ω—å –ø—Ä–∏–≤–µ—Ç–ª–∏–≤–∞—è, –≤–Ω–∏–º–∞—Ç–µ–ª—å–Ω–∞—è –∏ –∏—Å–∫—Ä–µ–Ω–Ω–µ –∑–∞–±–æ—Ç–∏—Ç—Å—è –æ –∫–∞–∂–¥–æ–º –≥–æ—Å—Ç–µ. –ê—Ç–º–æ—Å—Ñ–µ—Ä–∞ –≤ —Ä–µ—Å—Ç–æ—Ä–∞–Ω–µ —É—é—Ç–Ω–∞—è, –∞ –ø–µ—Ä—Å–æ–Ω–∞–ª –Ω–∞—Å—Ç–æ–ª—å–∫–æ –¥—Ä—É–∂–µ–ª—é–±–Ω—ã–π, —á—Ç–æ –æ—â—É—â–∞–µ—à—å —Å–µ–±—è –∫–∞–∫ –¥–æ–º–∞. –û–¥–Ω–æ–∑–Ω–∞—á–Ω–æ –≤–µ—Ä–Ω—É—Å—å –∏ –±—É–¥—É —Å–æ–≤–µ—Ç–æ–≤–∞—Ç—å —ç—Ç–æ—Ç —Ä–µ—Å—Ç–æ—Ä–∞–Ω –≤—Å–µ–º —Å–≤–æ–∏–º –¥—Ä—É–∑—å—è–º!",good
–ë–∞—Ä—ã –∞–¥–µ–º–∏ —Ç–∞–º–∞–∫—Ç–∞—Ä—ã –¥–∞ —Ç–∞—Ç—Ç–∏ –°–∞–Ω–∏—è –¥–µ–≥–µ–Ω –∫—ã–∑ –ø—Ä–æ—Å—Ç–æüëç,good
"–û—á–µ–Ω—å —Ö–æ—Ä–æ—à–æ–µ –∑–∞–≤–µ–¥–µ–Ω–∏–µ —á–∏—Å—Ç–æ—Ç–∞ –ø–æ—Ä—è–¥–æ–∫ —Ö–æ—Ä–æ—à–æ —Å–º–æ—Ç—Ä—è—Ç –∑–∞ —Ç–æ–±–æ–π –æ—á–µ–Ω—å –ø—Ä–∏—è—Ç–Ω–æ –±–ª–∞–≥–æ–¥–∞—Ä—é –∑–∞ –≤—Å–µ ,–ò –æ—á–µ–Ω—å –≤–∫—É—Å–Ω–æ",good
"–ö–µ—Ä–µ–º–µ—Ç –∑–∞–≤–µ–¥–µ–Ω–∏–µ
–¢–∞–º–∞–∫—Ç–∞—Ä—ã –æ—Ç–µ –¥–∞–º–¥–∏
–ö–∞–ª—å—è–Ω–¥–∞—Ä—ã –º–æ—â–Ω—ã–π
–¶–µ–Ω–∞—Å—ã–¥–∞ –ø—Ä–∏–µ–º–ª–µ–º—ã–π
–ñ—É–ª–¥—ã–∑ —Ö–∞–Ω—ã–º–≥–∞ –∞–ª–≥—ã—Å—ã–º —à–µ–∫—Å–∏–∑‚ù§Ô∏è",good
"–ö—É—Ö–Ω—èüëçüèª
–ü–µ—Ä—Å–æ–Ω–∞–ªüëçüèª
–ö–∞–ª—å—è–Ωüëçüèª
üî•üî•üî•üî•üî•üî•",good
–í–∫—É—Å–Ω–æ –∏ –ø–æ—Ä—Ü–∏–∏ –±–æ–ª—å—à–∏–µ,good
"–û—Ç–ª–∏—á–Ω–æ–µ –º–µ—Å—Ç–æ, –æ—á–µ–Ω—å –≤–∫—É—Å–Ω–∞—è –∫—É—Ö–Ω—è, –±–æ–ª—å—à–∏–µ –ø–æ—Ä—Ü–∏–∏, –≤—Å–µ –±—ã–ª–æ –ø—Ä–∏–≥–æ—Ç–æ–≤–ª–µ–Ω–æ –±—ã—Å—Ç—Ä–æ, –∫—Ä–∞—Å–∏–≤–∞—è –ø–æ–¥–∞—á–∞ –∏ —Å–ø–∞—Å–∏–±–æ –±–æ–ª—å—à–æ–µ –¥–µ–≤—É—à–∫—É –ø–æ –∏–º–µ–Ω–∏ –ê—Ä–¥–∞–∫ üëçüëç",good
"–û—á–µ–Ω—å –º–∏–ª–æ–µ –∫–∞—Ñ–µ, –ø—Ä–∏—è—Ç–Ω–∞—è –∞—Ç–º–æ—Å—Ñ–µ—Ä–∞, –∫—É—Ö–Ω—è –ø—Ä–æ—Å—Ç–æ –±–æ–º–±–∞ —Ä–µ–∞–ª—å–Ω–æ –æ—á–µ–Ω—å –≤–∫—É—Å–Ω–æ. –û—Å–æ–±–æ–µ –≤–Ω–∏–º–∞–Ω–∏–µ –∑–∞—Å–ª—É–∂–∏–≤–∞–µ—Ç –∞–¥–º–∏–Ω–∏—Å—Ç—Ä–∞—Ç–æ—Ä –î–µ–Ω–∏—Å. –¢–∞–∫–æ–π –≤–µ–∂–ª–∏–≤—ã–π, –æ–ø—Ä—è—Ç–Ω—ã–π, –∫—Å—Ç–∞—Ç–∏ –Ω–µ —Ç–∞–∫ —á–∞—Å—Ç–æ —Å–µ–π—á–∞—Å –º–æ–∂–Ω–æ –≤—Å—Ç—Ä–µ—Ç–∏—Ç—å —Ç–∞–∫–∏—Ö –∞–¥–º–∏–Ω–∏—Å—Ç—Ä–∞—Ç–æ—Ä–æ–≤. –ü—Ä–æ—Ü–≤–µ—Ç–∞–Ω–∏—è –≤–∞—à–µ–º—É –∑–∞–≤–µ–¥–µ–Ω–∏—é",good
–î–æ–ª–≥–æ –∂–¥–∞—Ç—å –∑–∞–∫–∞–∑‚ùóÔ∏è‚ùóÔ∏è –∂–¥–µ–º –±–æ–ª–µ–µ 30 –º–∏–Ω,bad
"–•–æ—Å—Ç–µ—Å –°–∞–Ω–∏—è“ì–∞ –∫”©–ø —Ä–∞—Ö–º–µ—Ç –∂—ñ–≥—ñ—Ç—ñ–º–º–µ–Ω –∫–µ–ª–¥—ñ–º,”©—Ç–µ –∂–∞“õ—Å—ã –æ–±—Å–ª—É–∂–∏–≤–∞–Ω–∏—è –∂–∞—Å–∞–¥—ã.–Ü—à—Ç—ñ“£ –±”ô—Ä—ñ–Ω —Ç–æ–ª—ã“õ —Ç“Ø—Å—ñ–Ω–¥—ñ—Ä—ñ–ø –±–µ—Ä–¥—ñ.”®—Ç–µ –∂—ã–ª—ã –∂“Ø–∑–¥—ñ ,–∫“Ø–ª—ñ–ø “õ–∞—Ä—Å—ã –∞–ª–¥—ã —Ä–∞—Ö–º–µ—Çüòçüôå",good
"–°–ø–∞—Å–∏–±–æ –±–æ–ª—å—à–æ–µ —Ö–æ—Å—Ç–µ—Å—É –ø–æ –∏–º–µ–Ω–∏ –°–∞–Ω–∏—èüòçüëçüèª–æ—á–µ–Ω—å —Ö–æ—Ä–æ—à–æ –¥–∞–∂–µ –æ–∑–Ω–∞–∫–æ–º–∏–ª–∞ —Å –º–µ–Ω—é –∏ –∑–∞–ª,–±–∞—Ä–ª—ã“ì—ã –æ–π—ã–º–¥–∞“ì—ã–Ω–¥–∞–π –±–æ–ª–¥—ã,–∫”©–ø –∫”©–ø —Ä–∞—Ö–º–µ—Ç",good
–°–∞–Ω–∏—è —Ö–æ—Å—Ç–µ—Å –æ—á–µ–Ω—å —Ö–æ—Ä–æ—à–∞—è –∫—Ä–∞—Å–∏–≤–∞—è –¥–µ–≤—É—à–∫–∞ –Ω–∞—Å –≤—Å—Ç—Ä–µ—Ç–∏–ª–∞,good
–ó–¥—Ä–∞–≤—Å—Ç–≤—É–π—Ç–µ —Å–ø–∞—Å–∏–±–æ –í–∞–º –∑–∞ –æ–±—Å–ª—É–∂–∏–≤–∞–Ω–∏–µ –∏ –æ—Å–æ–±–æ —Ö–æ—Ç–µ–ª –æ—Ç–º–µ—Ç–∏—Ç—å —Ö–æ—Å—Ç–µ—Å –°–∞–Ω–∏—è —Å–ø–∞—Å–∏–±–æ –µ–π –±–æ–ª—å—à–æ–µ –≤—Å—Ç—Ä–µ—Ç–∏–ª–∞ –Ω–∞—Å —Ö–æ—Ä–æ—à–æüëå,good
"–°–µ–≥–æ–¥–Ω—è –±—ã–ª–∞ —É –≤–∞—Å,–æ–≥—Ä–æ–º–Ω–æ–µ —Å–ø–∞—Å–∏–±–æ —Ö–æ—Å—Ç–µ—Å—É –°–∞–Ω–∏–µ –∏ –æ—Ñ–∏—Ü–∏–∞–Ω—Ç—É –¢–∏–º—É—Äüòç –¥–µ–≤—É—à–∫–∞ –±—ã–ª–∞ –æ—á–µ–Ω—å –≤–µ–∂–ª–∏–≤–æ –æ—Ç–≤–µ—Ç–∏–ª–∞ –Ω–∞ –≤—Å–µ –º–æ–∏ –≤–æ–ø—Ä–æ—Å—ã,–ø–æ –±–æ–ª—å—à–µ —Ç–∞–∫–∏—Ö —Å–æ—Ç—Ä—É–¥–Ω–∏–∫–æ–≤ üòò",good
–†–µ—Å—Ç–∞—Ä–∞–Ω ”©—Ç–µ –∫–µ—Ä–µ–º–µ—Ç —Ö–æ—Å—Ç–µ—Å “õ—ã–∑“ì–∞ –∫”©–ø —Ä–∞—Ö–º–µ—Ç –∂–∞“õ—Å—ã –∫“Ø—Ç—ñ–ø –∞–ª–¥—ã –µ—Å—ñ–º—ñ –°–∞–Ω–∏—èüëçüëçüëçüëç,good
"—Ç–∞–º–∞–∫—Ç–∞—Ä—ã –∫–µ—Ä–µ–º–µ—Ç, —Å—ã–∑–¥–µ—Ä–≥–µ –±–∞—Ä—É–≥–∞ –∫–µ–Ω–µ—Å –±–µ—Ä–µ–º, —Ö–æ—Å—Ç–µ—Å –∫—ã–∑–≥–∞ –∫–æ–ø —Ä–∞—Ö–º–µ—Ç,",good
"–ë—ã–ª–∏ –∑–¥–µ—Å—å —Å –¥—Ä—É–∑—å—è–º–∏, –≤—Å–µ –±—ã–ª–æ –≤–∫—É—Å–Ω–æ, –æ—Ç–¥–µ–ª—å–Ω–æ —Å–ø–∞—Å–∏–±–æ –æ—Ñ–∏—Ü–∏–∞–Ω—Ç–∫—É –ø–æ –∏–º–µ–Ω–∏ –ê–Ω–µ–ª—åüòä
–û–±—è–∑–∞—Ç–µ–ª—å–Ω–æ –≤–µ—Ä–Ω–µ–º—Å—è!ü•∞",good
"–û—á–µ–Ω—å –Ω—Ä–∞–≤–∏—Ç—Å—è —ç—Ç–æ –∑–∞–≤–µ–¥–µ–Ω–∏–µ, –æ—Å–æ–±–µ–Ω–Ω–æ –∫–∞–ª—å—è–Ω ‚ò∫Ô∏è –°–ø–∞—Å–∏–±–æ –ê—Ä—É–∂–∞–Ω –∑–∞ –æ—Ç–ª–∏—á–Ω—ã–π —Å–µ—Ä–≤–∏—Å, –≤—Å—ë –Ω–∞ –≤—ã—Å—à–µ–º —É—Ä–æ–≤–Ω–µ üòç –û–±—è–∑–∞—Ç–µ–ª—å–Ω–æ –≤–µ—Ä–Ω—ë–º—Å—è :))",good
"–ù–µ–ø–ª–æ—Ö–æ–µ –º–µ—Å—Ç–æ –ø—Ä–æ—Å—Ç–æ –ø–æ—Å–∏–¥–µ—Ç—å –∏ –ø–æ–≥–æ–≤–æ—Ä–∏—Ç—å. –î–≤–∞ –∑–∞–ª–∞, –∫—É—Ä—è—â–∏–π –∏ –Ω–µ–∫—É—Ä—è—â–∏–π, –ø—Ä–∏—á–µ–º –æ–Ω–∏ —Ä–∞–∑–¥–µ–ª—å–Ω—ã–µ, —Å –æ—Ç–¥–µ–ª—å–Ω—ã–º–∏ –≤—Ö–æ–¥–∞–º–∏. –ò–Ω—Ç–µ—Ä—å–µ—Ä –æ–±—ã—á–Ω—ã–π, –æ–±—Å–ª—É–∂–∏–≤–∞–Ω–∏–µ —Ç–æ–∂–µ, –∞ –≤–æ—Ç –∫—É—Ö–Ω—è —Ö–æ—Ä–æ—à–∞—è, –º–Ω–µ –ø–æ–Ω—Ä–∞–≤–∏–ª–æ—Å—å. –ò–∑ –ø–ª—é—Å–æ–≤, —á—Ç–æ —Ä—è–¥–æ–º —Å –¥–æ–º–æ–º.",good
"–ë—ã–ª–∏ –≤ —ç—Ç–æ–º –∑–∞–≤–µ–¥–µ–Ω–∏–∏ —Å –º—É–∂–µ–º , —Ö–æ—Ä–æ—à–æ –ø–æ—Å–∏–¥–µ–ª–∏ü§≠ –∞—Ç–º–æ—Å—Ñ–µ—Ä–∞ –æ—á–µ–Ω—å –ø—Ä–∏—è—Ç–Ω–∞—è
–ù–û –æ–¥–µ–∂–¥–∞ –æ—Ñ–∏—Ü–∏–∞–Ω—Ç–∫–∏ –∫–æ—Ç–æ—Ä–∞—è –Ω–∞—Å –æ–±—Å–ª—É–∂–∏–≤–∞–ª–∞ –Ω–µ –æ—á–µ–Ω—å –ø—Ä–∏—è—Ç–Ω–∞—è —Ç–µ–º –±–æ–ª–µ–µ –º—ã –∑–∞–∫–∞–∑–∞–ª–∏ –∞–ª–∫–æ–≥–æ–ª—å –∏ –≤–∏–¥–µ—Ç—å –Ω–∞—à–∏ –∫–∞–∑–∞—Ö—Å–∫–∏–µ –æ—Ä–Ω–∞–º–µ–Ω—Ç—ã —Å –±—É—Ç—ã–ª–∫–æ–π –∞–±—Å–æ–ª—é—Ç–∞ –∫–æ–Ω–µ—á–Ω–æ –Ω–µ –ø—Ä–∏–Ω—è—Ç–æ, –≥–æ–ª–æ–≤–Ω–æ–π —É–±–æ—Ä —Å–∞—É–∫–µ–ª–µ –≤–æ–æ–±—â–µ —É–Ω–∏–∑–∏—Ç–µ–ª—å–Ω–æ ))) —è –ª—é–±–ª—é –Ω–∞—à—É —Ç—Ä–∞–¥–∏—Ü–∏–æ–Ω–Ω—É—é –æ–¥–µ–∂–¥—É , –Ω–æ –ø–æ–¥ –≤–∞—à —Å—Ç–∏–ª—å —ç—Ç–æ —É–∂–∞—Å–Ω–æ —Å–º–æ—Ç—Ä–∏—Ç—Å—è. –í –æ—Å–Ω–æ–≤–Ω–æ–º –∫—É—Ö–Ω—è –æ—á–µ–Ω—å –≤–∫—É—Å–Ω–∞—è –º–µ–¥–∞–ª—å–æ–Ω —Å–æ —à–ø–∏–Ω–∞—Ç–æ–º –æ—á–µ–Ω—å –≤–∫—É—Å–Ω—ã–µ.",neutral
"–ë—ã–ª–æ –æ—á–µ–Ω—å –≤–∫—É—Å–Ω–æ –∏ –±—ã—Å—Ç—Ä–æ ,–∑–∞–∫–∞–∑–∞–ª–∏ –ª–∞–≥–º–∞–Ω –∏ –±–∞—É—ã—Ä—Å–∞–∫–∏, –±–∞—É—ã—Ä—Å–∞–∫–∏ –ø—Ä–∏–Ω–µ—Å–ª–∏ –æ—á–µ–Ω—å –≥–æ—Ä—è—á–∏–º–∏ . –û—Ç–¥–µ–ª—å–Ω–æ —Å–ø–∞—Å–∏–±–æ –æ—Ñ–∏—Ü–∏–∞–Ω—Ç—É –ê–Ω–µ–ª—å.–û–±—Å–ª—É–∂–∏–≤–∞–Ω–∏–µ –Ω–∞ –≤—Å–µ 100üëå",good
–ó–∞–≤—Ç–∞–≤–∏–ª–∏ 1.5 —á–∞—Å–∞ –∂–¥–∞—Ç—å –∑–∞–∫–∞–∑,bad
–û—á–µ–Ω—å –ø—Ä–∏—è—Ç–Ω–∞—è –∞—Ç–º–æ—Å—Ñ–µ—Ä–∞ –≤ —Ä–µ—Å—Ç–æ—Ä–∞–Ω–µ –∏ –ø–µ—Ä—Å–æ–Ω–∞–ª –æ—Ç–∑—ã–≤—á–∏–≤—ã–π üëçüëçüëç,good
"–ö—É—Ä—è—Ç –≤ –ø–æ–º–µ—â–µ–Ω–∏–∏, —Ö–æ—Ç—è –∑–Ω–∞–∫–∞, —á—Ç–æ –∑–∞–ª –¥–ª—è –∫—É—Ä—è—â–∏—Ö –Ω–µ—Ç",good
–¢–∞–º–∞“õ—Ç–∞—Ä—ã –¥”ô–º–¥—ãüòã–∞—Ç–º–µ—Å—Ñ–µ—Ä–∞—Å—ã –∂–∞“õ—Å—ã –µ–∫–µ–Ω,good
"–ü—Ä–∏—Ö–æ–∂—É –≤—Ç–æ—Ä–æ–π —Ä–∞–∑ –≤–æ –≤—Ä–µ–º—è –æ–±–µ–¥–∞, –ø–æ—Å—Ç–æ—è–Ω–Ω–æ –∑–∞–∫–∞–∑—ã–≤–∞—é —Å—É–π—Ä—É –ª–∞–≥–º–∞–Ω –∏ —Å–∞–ª–∞—Ç –ú–∞–ª–∏–±—É, –æ—á–µ–Ω—å –±–æ–ª—å—à–∏–µ –ø–æ—Ä—Ü–∏–∏ –∑–∞ —Ç–∞–∫—É—é —Ü–µ–Ω—É. –ü–æ –æ–±—Å–ª—É–∂–∏–≤–∞–Ω–∏—é –≤—Å–µ —Ö–æ—Ä–æ—à–æ, –æ—Ñ–∏—Ü–∏–∞–Ω—Ç–∫–∞ –ê—Ä—É–∂–∞–Ω –æ—á–µ–Ω—å –ø—Ä–∏—è—Ç–Ω–∞—è –∏ –¥–æ–±—Ä–æ–∂–µ–ª–∞—Ç–µ–ª—å–Ω–∞—è, –≤—Å–µ–≥–¥–∞ –ø–æ —Ä–µ–∫–æ–º–µ–Ω–¥—É–µ—Ç —á—Ç–æ –Ω–∏–±—É–¥—å –≤–∫—É—Å–Ω–æ–µ. –ù–æ, –ø–æ–∫–∞ –≤—ã–±–∏—Ä–∞—é –ø–æ —Å–≤–æ–µ–º—É –ø—Ä–µ–¥–ø–æ—á—Ç–µ–Ω–∏—é))",good
–í—Å–µ –æ—á–µ–Ω—å –≤–∫—É—Å–Ω–æüòã —Å–∏–¥–µ–ª–∏ —Å –¥—Ä—É–∑—å—è–º–∏ —É—é—Ç–Ω–æ))),good
–ñ–∞–∫—Å—ã —Ä–µ—Å—Ç–æ—Ä–∞–Ω üëçüëç,good
–û—Ç–ª—Ç—á–Ω–æ–µ –º–µ—Å—Ç–æüëçüèª –∫—É—Ö–Ω—è –∏ —Å–µ—Ä–≤–∏—Å –Ω–∞ –≤—ã—Å—à–µ–º —É—Ä–æ–≤–Ω–µ!!! –û–¥–Ω–æ–∑–Ω–∞—á–Ω–æ –±—É–¥–µ–º –ø–æ—Å–µ—â–∞—Ç—å —á–∞—â–µ üòäüòä,good
"–ê—Ç–º–æ—Å—Ñ–µ—Ä–∞ —Ö–æ—Ä–æ—à–∞—è, –∫—É—Ö–Ω—è –∏ –±–∞—Ä —É–∂–∞—Å–Ω—ã–π, –∑–∞–∫–∞–∑–∞–ª–∏ ""–°—ã—Ä–Ω–µ"" –º—è—Å–æ –æ—á–µ–Ω—å —Å–æ–ª—ë–Ω–æ–µ, –ø–æ–≤–∞—Ä –∫–∞–∂–µ—Ç—Å—è –≤–ª—é–±–ª—ë–Ω(–∞). –ó–∞–∫–∞–∑–∞–ª–∏ —Ä—ã–±—É, –∫–∞–∫ —Ö–æ–ª–æ–¥–Ω—É—é –∑–∞–∫—É—Å–∫—É, –ø—Ä–∏–Ω–µ—Å–ª–∏ –ø—Ä—è–º —Å –º–æ—Ä–æ–∑–∏–ª—å–Ω–∏–∫–∞, –Ω–µ —Ä—ã–±–∞ –∞ –ø–æ–ª—É–ª—ë–¥, –ª–∏–º–æ–Ω–∞–¥ –±–µ–∑ –≤–∫—É—Å–∞, —Ö–æ—Ç—è –∑–∞–∫–∞–∑–∞–ª–∏ –º–∞–Ω–≥–æ –º–∞—Ä–∞–∫—É–π—è, –∂–¥–∞–ª–∏ –µ–¥—É 45 –º–∏–Ω—É—Ç, —Å–∫–∞–∑–∞–ª–∏ –∂–¥–∞—Ç—å 20 –º–∏–Ω—É—Ç. –ü–µ—á–∞–ª—å–Ω–æ, –±–æ–ª—å—à–µ —Å—é–¥–∞ –Ω–∏ –Ω–æ–≥–æ–π.",bad
–û—á–µ–Ω—å –≤–∫—É—Å–Ω–æ –∏ —É—é—Ç–Ω–æ,good
"–í—Å–µ –æ—á–µ–Ω—å –≤–∫—É—Å–Ω–æ,–≤—Å–µ–º —Å–æ–≤–µ—Ç—É—é )",good
"–≠—Ç–æ—Ç —Ä–µ—Å—Ç–æ—Ä–∞–Ω –æ—Å—Ç–∞–≤–∏–ª –Ω–µ–≤–µ—Ä–æ—è—Ç–Ω–æ–µ –≤–ø–µ—á–∞—Ç–ª–µ–Ω–∏–µ! –ï–¥–∞ –≤–æ—Å—Ö–∏—Ç–∏—Ç–µ–ª—å–Ω–∞—è, –∫–∞–∂–¥–æ–µ –±–ª—é–¥–æ –ø—Ä–æ–¥—É–º–∞–Ω–æ –¥–æ –º–µ–ª–æ—á–µ–π. –û–±—Å–ª—É–∂–∏–≤–∞–Ω–∏–µ –Ω–∞ –≤—ã—Å—à–µ–º —É—Ä–æ–≤–Ω–µ: –ø–µ—Ä—Å–æ–Ω–∞–ª –≤–µ–∂–ª–∏–≤—ã–π –∏ –≤–Ω–∏–º–∞—Ç–µ–ª—å–Ω—ã–π. –ò–Ω—Ç–µ—Ä—å–µ—Ä —É—é—Ç–Ω—ã–π, —Å–æ–∑–¥–∞—é—â–∏–π —Ç–µ–ø–ª—É—é –∞—Ç–º–æ—Å—Ñ–µ—Ä—É. –û—Å–æ–±–∞—è –±–ª–∞–≥–æ–¥–∞—Ä–Ω–æ—Å—Ç—å –∑–∞ —Ä–∞–∑–Ω–æ–æ–±—Ä–∞–∑–Ω–æ–µ –º–µ–Ω—é –∏ —Å–≤–µ–∂–∏–µ –ø—Ä–æ–¥—É–∫—Ç—ã. –ó–¥–µ—Å—å —á—É–≤—Å—Ç–≤—É–µ—Ç—Å—è –∑–∞–±–æ—Ç–∞ –æ –≥–æ—Å—Ç—è—Ö. –û–±—è–∑–∞—Ç–µ–ª—å–Ω–æ –≤–µ—Ä–Ω–µ–º—Å—è –∏ –ø–æ—Ä–µ–∫–æ–º–µ–Ω–¥—É–µ–º –¥—Ä—É–∑—å—è–º!",good
–ê—Ä–∞–π –æ—Ñ–∏—Ü–∏–∞–Ω—Ç–∫–∞ –û–ß–ï–ù–¨ –ö–õ–ê–°–°–ù–ê–Ø –ò –ü–†–û–§–ï–°–°–ò–û–ù–ê–õ –°–í–û–ï–ì–û –î–ï–õ–ê ü§ôüèªü§ôüèªü§ôüèªü§ôüèªü§ôüèª–µ–¥–∞ –≤–∫—É—Å–Ω–∞—è –Ω—è—è—è—è–º–º–º–ºüëÖüëÖüëÖ,good
"–ü—Ä–∏—à–ª–∏ –Ω–∞ –∑–∞–≤—Ç—Ä–∞–∫, —Å–æ–≤—Å–µ–º –Ω–µ –ø–æ–Ω—Ä–∞–≤–∏–ª–æ—Å—å. –ë–ª–∏–Ω—á–∏–∫–∏ –Ω–µ —Å–≤–µ–∂–∏–µ, –ø–æ–¥–∞—á–∞ –¥–æ–ª–≥–∞—è. –Ø –±—ã –¥–∞–∂–µ —Å–∫–∞–∑–∞–ª–∞ –æ—á–µ–Ω—å –¥–æ–ª–≥–æ, –ø–æ–∫–∞ –ø—Ä–∏–Ω–µ—Å–ª–∏ –∑–∞–≤—Ç—Ä–∞–∫, –∫–æ—Ñ–µ —É–∂–µ –æ—Å—Ç—ã–ª. –ù–µ —Ä–µ–∫–æ–º–µ–Ω–¥—É—é",bad
"2gis –∑–∞—á–µ–º —É–¥–∞–ª—è—Ç—å, –µ—Å–ª–∏ —è –Ω–∞–ø–∏—Å–∞–ª –ø—Ä–∞–≤–¥—É. –í —Ä–µ—Å—Ç–æ—Ä–∞–Ω–µ –í–µ—á–Ω–æ –≤–æ–Ω—è–µ—Ç –∫–∞–Ω–∞–ª–∏–∑–∞—Ü–∏–µ–π (—ç—Ç–æ —Ñ–∞–∫—Ç, —Å–¥–µ–ª–∞–ª–∏ —Ñ–æ—Ç–æ –∫–∞–∫ –ø–µ—Ä–µ–ª–∏–≤–∞–µ—Ç –∫–∞–Ω–∞–ª–∏–∑–∞—Ü–∏—è) –∂–µ–ª–∞–Ω–∏–µ –ø—Ä–æ–±–µ–∂–∞—Ç—å –º–∏–º–æ –∏ –Ω–µ –∑–∞—Ö–æ–¥–∏—Ç—å. –ù–µ—á–∏—Å—Ç–æ—Ç—ã –ª—å—é—Ç –¥–æ —Å–∞–º–æ–π –ê–±–∞—è. –ù–µ –∑–Ω–∞—é –∫–∞–∫ –ª—é–¥–∏ —Ç—É–¥–∞ –∑–∞—Ö–æ–¥—è—Ç. –≠—Ç–æ –Ω–µ –æ–¥–∏–Ω —Ä–∞–∑, –µ–∂–µ–¥–Ω–µ–≤–Ω–æ –ø—Ä–æ—Ö–æ–∂—É –º–∏–º–æ. –ü—Ä–æ—à—É –∞–∫–∏–º–∞—Ç –æ–±—Ä–∞—Ç–∏—Ç—å –Ω–∞ —ç—Ç–æ .",bad
"–•–æ—Ä–æ—à–æ–µ –∑–∞–≤–µ–¥–µ–Ω–∏–µ , –≤–µ–∂–ª–∏–≤—ã–π –ø–µ—Ä—Å–æ–Ω–∞–ª , –Ω–∞–º –≤—Å–µ –ø–æ–Ω—Ä–∞–≤–∏–ª–æ—Å—å üòç",good
–°–∞–Ω–∏—è —Ö–æ—Ä–æ—à–æ –≤—Å—Ç—Ä–µ—Ç–∏–ª–∞ –Ω–∞—Å –æ—á–µ–Ω—å –≤–µ–∂–ª–∏–≤–∞—è –∏ –µ–¥–∞ –∏ –æ–±—Å–ª—É–∂–∏–≤–∞–Ω–∏–µ –∏—Ö —Ç–µ—Ä–ø–µ–Ω–∏–µ —É—Å—Ç—Ä–∞–∏–≤–∞–ª–æ –Ω–∞—Åü´°,good
–°–∞–Ω–∏—è –Ω–∞—Å –æ—á–µ–Ω—å –≤–µ–∂–ª–∏–≤–æ –≤—Å—Ç—Ä–µ—Ç–∏–ª–∞ —Ä–µ—Å–ø–µ–∫—Çüëçüëç,good
"–≠—Ç–æ –º–æ–π –ª—é–±–∏–º—ã–π —Ä–µ—Å—Ç–æ—Ä–∞–Ω, –≥–¥–µ —è —á–∞—Å—Ç–æ –≤—Å—Ç—Ä–µ—á–∞—é—Å—å —Å–æ —Å–≤–æ–µ–π –ª—é–±–∏–º–æ–π –ø–æ—Å–ª–µ —Ä–∞–±–æ—Ç—ã. –ó–¥–µ—Å—å –∏–¥–µ–∞–ª—å–Ω–æ –≤—Å–µ, –æ—Ç –µ–¥—ã –∏ —Å–µ—Ä–≤–∏—Å–∞ –¥–æ —É—é—Ç–Ω–æ–π –æ–±—Å—Ç–∞–Ω–æ–≤–∫–∏. –û—Å–æ–±–µ–Ω–Ω–æ, —Ö–æ—á—É –ø–æ—Ö–≤–∞–ª–∏—Ç—å –æ—Ñ–∏—Ü–∏–∞–Ω—Ç–∞ –ø–æ –∏–º–µ–Ω–∏ –¢–∏–º—É—Ä. –û–Ω –æ—á–µ–Ω—å –≤–Ω–∏–º–∞—Ç–µ–ª—å–Ω—ã–π –∏ —Å—Ç–∞—Ä–∞—Ç–µ–ª—å–Ω—ã–π –ø–∞—Ä–µ–Ω—å.",good
"–û—á–µ–Ω—å –∫—Ä–∞—Å–∏–≤–æ –∏ –≤–∫—É—Å–Ω–æ! –≠—Å—Ç–µ—Ç–∏–∫–∞ –∑–∞–≤–µ–¥–µ–Ω–∏—è, –∫—Ä–∞—Å–æ—Ç–∞ –≤ –¥–µ—Ç–∞–ª—è—Ö. –ú–µ–Ω—é —ç—Ç–æ –æ—Ç–¥–µ–ª—å–Ω–æ–µ –∏—Å–∫—É—Å—Å—Ç–≤–æ. –û–±—Å–ª—É–∂–∏–≤–∞—é—â–∏–π –ø–µ—Ä—Å–æ–Ω–∞–ª –ø—Ä–æ—Å—Ç–æ —Å—É–ø–µ—Ä! –û—Ç–¥–µ–ª—å–Ω–æ–µ —Å–ø–∞—Å–∏–±–æ –æ—Ñ–∏—Ü–∏–∞–Ω—Ç—É –¢–∏–º—É—Ä—É!",good
"”ò–¥–µ–º—ñ –∏–Ω—Ç—Ä—å–µ—Ä. –¢–∞–º–∞“ì—ã –∫–µ—Ä–µ–º–µ—Ç –¥–µ–ø –∞–π—Ç–∞ –∞–ª–º–∞–π–º—ã–Ω, –∂–∞“õ—Å—ã . –±—ñ—Ä–∞“õ –ø–∞–ª–∞—É–¥—ã“£ —Ç“±–∑—ã ”©—Ç–µ –∫”©–ø –±–æ–ª–¥—ã",good
"–°–ø–∞—Å–∏–±–æ –ñ—É–ª–¥—ã–∑, –∑–∞ –ø—Ä–æ—Ñ–µ—Å—Å–∏–æ–Ω–∞–ª–∏–∑–º –∏ –ø—Ä–∏—è—Ç–Ω—ã–π –≤–µ—á–µ—Ä. –í—Å–µ –±—ã–ª–æ –≤–∫—É—Å–Ω–æ",good
–≤–∫—É—Å–Ω–∞—è –µ–¥–∞ –∏ –ø—Ä–µ–∫—Ä–∞—Å–Ω–∞—è –∞—Ç–º–æ—Å—Ñ–µ—Ä–∞ ‚ù§Ô∏èü´∂üèª,good
–∫–ª–∞—Å—Å–Ω–æ–µ –º–µ—Å—Ç–æ,good
"–û—á–µ–Ω—å –≤–∫—É—Å–Ω–æ. –õ–∞–≥–º–∞–Ω –ø—Ä–µ–∫—Ä–∞—Å–µ–Ω. –°—Ç–µ–π–∫ —Ç–æ–∂–µ –ø–æ–Ω—Ä–∞–≤–∏–ª—Å—è.
–ü—Ä–∏—è—Ç–Ω—ã–π —Å–µ—Ä–≤–∏—Å. –£—é—Ç–Ω–æ. –°–ø–∞—Å–∏–±–æ –∑–∞ –≤–∫—É—Å–Ω–æ–µ. –° —É–¥–æ–≤–æ–ª—å—Å—Ç–≤–∏–µ–º –ø—Ä–æ–≤–µ–ª–∏ —É –≤–∞—Å –≤—Ä–µ–º—è.",good
–æ—Ñ–∏—Ü–∏–∞–Ω—Ç –¢–∏–º–∞ —Ç–∞–∫–æ–π –º–∏–ª—ã–π –∏ –≤–µ–∂–ª–∏—ã–π. –ø—Ä–µ–º–∏—é –µ–º—É! –æ–±—Å–ª—É–∂–∏–ª –∫–∞–∫ –∫–æ—Ä–æ–ª–µ–≤üôèüèø,good
"–í—Å–µ –≤–∫—É—Å–Ω–æ, —Å–æ–≤–µ—Ç—É—éü§óüôåüèª",good
"—Å–∞–º—ã–π –≤–∫—É—Å–Ω—ã–π –ª–∞–≥–º–∞–Ω –∫–æ—Ç–æ—Ä—ã–π —è –ø—Ä–æ–±–æ–≤–∞–ª–∞, –≤—Å–µ–π —Å–µ–º—å–µ–π —Ö–æ–¥–∏–º —Å—é–¥–∞ –∫–∞–∫ —Ç–æ–ª—å–∫–æ —É–∑–Ω–∞–ª–∏ –æ–± —ç—Ç–æ–º –∑–∞–≤–µ–¥–µ–Ω–∏–∏ –≤ –∞–ª–º–∞—Ç—ã, –ø—Ä–∏–µ–∑–∂–∞–ª–∏ –Ω–∞ –∫–∞–Ω–∏–∫—É–ª—ã –∏ —Ö–æ–¥–∏–ª–∏ —Å—é–¥–∞ –∫–∞–∂–¥—ã–π –¥–µ–Ω—å! –º—ã –∏–∑ –∞—Å—Ç–∞–Ω—ã –∏ —Ç–∞–∫–æ–≥–æ –≤–∫—É—Å–Ω–æ–≥–æ –ª–∞–≥–º–∞–Ω–∞ –Ω–∏–≥–¥–µ –Ω–µ—Ç.",good
"–ù–µ–ø–ª–æ—Ö–æ–µ –∑–∞–≤–µ–¥–µ–Ω–∏–µ. –ï–¥–∞ —Ç–æ–∂–µ –Ω–æ—Ä–º.
–ù–æ —à–∞—Ñ—Ä–∞–Ω –¥–µ—à–µ–≤–ª–µ, –≤–∫—É—Å–Ω–µ–µ –∏ –≤ —Ü–µ–ª–æ–º –∑–∞–≤–µ–¥–µ–Ω–∏–µ –∫—Ä–∞—Å–∏–≤–µ–µ",neutral
"–ë–ª–∞–≥–æ–¥–∞—Ä—é, –æ—á–µ–Ω—å –≤–∫—É—Å–Ω–æ –∏ —Ö–æ—Ä–æ—à–∏–π —Å–µ—Ä–≤–∏—Å, –≤ –æ—Å–æ–±–µ–Ω–Ω–æ—Å—Ç–∏ –æ—Ñ–∏—Ü–∏–∞–Ω—Ç –¢–∏–º—É—Ä",good
"–°—Ç–∞–≤–ª—é –ø—è—Ç—å –∑–≤–µ–∑–¥, —á–∏—Å—Ç–æ—Ç–∞ –∑–∞–ª–∞, –≤–µ–∂–ª–∏–≤–æ—Å—Ç—å –æ—Ñ–∏—Ü–∏–∞–Ω—Ç–æ–≤ –∏ —Å–æ—Ç—Ä—É–¥–Ω–∏–∫–æ–≤, –±—ã–ª–æ –≤—Å–µ –∑–∞–º–µ—á–∞—Ç–µ–ª—å–Ω–æ, –µ–¥–∞ –≤–∫—É—Å–Ω–∞—è –ø—Ä–∏–¥—Ä–∞—Ç—å—Å—è –Ω–µ –¥–∞ —á—Ç–æ, –∏ –æ—á–µ–Ω—å –±–æ–ª—å—à–æ–π –≤—ã–±–æ—Ä, –æ–≥—Ä–æ–º–Ω–∞—è –±–ª–∞–≥–æ–¥–∞—Ä–Ω–æ—Å—Ç—å –¢–∏–º—É—Ä—É.",good
"–•–æ—á—É –ø–æ–¥–µ–ª–∏—Ç—å—Å—è –æ—Ç–∑—ã–≤–æ–º, –±—ã–ª —Å–µ–≥–æ–¥–Ω—è —Å –¥—Ä—É–∑—å—è–º–∏ –≤ —ç—Ç–æ–º –∑–∞–≤–µ–¥–µ–Ω–∏–∏, –ø—Ä–∏ –≤—Ö–æ–¥–µ –Ω–∞—Å –≤—Å—Ç—Ä–µ—Ç–∏–ª–∞ –º–∏–ª–∞—è –¥–µ–≤—É—à–∫–∞ –Ω–∞ —Ä–µ—Å–µ–ø—à–µ–Ω–µ ¬´–ê—Ä–¥–∞–∫¬ª –≤—Å–µ –æ–±—ä—è—Å–Ω–∏–ª–∞ ,–ø–æ–∫–∞–∑–∞–ª–∞ –∏ –≤ –¥–∞–ª—å–Ω–µ–π—à–µ–º –Ω–∞—à–µ–º –ø—Ä–µ–±—ã–≤–∞–Ω–∏–µ —Ç–∞–º –ø–æ–¥—Ö–æ–¥–∏–ª–∞ –∏ —Å–ø—Ä–∞—à–∏–≤–∞–ª–∞ –≤—Å–µ –ª–∏ –Ω–∞—Å —É—Å—Ç—Ä–∞–∏–≤–∞–µ—Ç, –æ—Ñ–∏—Ü–∏–∞–Ω—Ç—É ¬´–¢–∏–º—É—Ä¬ª –æ—Ç–¥–µ–ª—å–Ω—ã–π —Ä–µ—Å–ø–µ–∫—Ç , —Ö–æ—Ä–æ—à–∏–π —Ä–∞–±–æ—Ç–Ω–∏–∫ , —Å–≤–æ—é —Ä–∞–±–æ—Ç—É –≤—ã–ø–æ–ª–Ω—è–ª –Ω–∞ 100/10. –û–¥–Ω–∏–º —Å–ª–æ–≤–æ–º —à–∏–∫–∞—Ä–Ω–æ–µ –∑–∞–≤–µ–¥–µ–Ω–∏–µ, –≤—Å–µ–º —Å–æ–≤–µ—Ç—É—é –Ω–µ –ø–æ–∂–∞–ª–µ–µ—Ç–µ üî•üî•üî•",good
"–û—Ç–ª–∏—á–Ω–æ–µ –º–µ—Å—Ç–æ, –≤–∫—É—Å–Ω–∞—è –µ–¥–∞, —Ö–æ—Ä–æ—à–∏–π –ø–µ—Ä—Å–æ–Ω–∞–ª.",good
"–û—Ç–ª–∏—á–Ω–æ–µ –∑–∞–≤–µ–¥–µ–Ω–∏–µ , —Ö–æ—Å—Ç–µ—Å –ê—Ä–¥–∞–∫ –≤—Å—Ç—Ä–µ—Ç–∏–ª–∞ –æ—á–µ–Ω—å –ø—Ä–∏—è—Ç–Ω–æ , –æ—Ç–ª–∏—á–Ω–æ–µ –∑–∞–≤–µ–¥–µ–Ω–∏–µ , —Ä–µ–∫–æ–º–µ–Ω–¥—É—é –ø–æ—Å–µ—Ç–∏—Ç—å ! –¢–∞–∫ –∂–µ –æ—Ç–ª–∏—á–Ω–∞—è –µ–¥–∞ , –æ—á–µ–Ω—å –ø—Ä–∏—è—Ç–Ω–æ–µ –∑–∞–≤–µ–¥–µ–Ω–∏–µ –¥–ª—è –ø—Ä–æ–≤–µ–¥–µ–Ω–∏—è –ø—Ä–µ–∫—Ä–∞—Å–Ω–æ–≥–æ –≤–µ—á–µ—Ä–∞ !!!!",good
–ù–µ –ø–æ–Ω—Ä–∞–≤–∏–ª–æ—Å—å,bad
"–ó–∞–∫–∞–∑–∞–ª–∏ –≤ –≤–æ–ª—Ç–µ –æ—Ç—Å—é–¥–∞ –¥–≤–∞ –ª–∞–≥–º–∞–Ω–∞, –∂–¥–∞–ª–∏ –¥–≤–∞ —á–∞—Å–∞, –∏ –≤ –∏—Ç–æ–≥–µ —á–µ—Ä–µ–∑ –î–í–ê –ß–ê–°–ê –æ–Ω–∏ –æ—Ç–º–µ–Ω—è—é—Ç –∑–∞–∫–∞–∑ –ø–æ—Ç–æ–º—É —á—Ç–æ —É –Ω–∏—Ö –ø–µ—á–∫–∞ —Å–ª–æ–º–∞–Ω–∞, –∞ —ç—Ç–∏ –¥–≤–∞ —á–∞—Å–∞ –∑–∞–∫–∞–∑ –∑–Ω–∞—á–∏—Ç –≤–æ–æ–±—â–µ –Ω–µ –≥–æ—Ç–æ–≤–∏–ª—Å—è, –∏ –≤ –ø–æ—Å–ª–µ–¥–Ω–∏–π –º–æ–º–µ–Ω—Ç –ø—Ä–æ—Å—Ç–æ –æ—Ç–º–µ–Ω–∏–ª–∏. –ü—Ä–æ—Å—Ç–æ —Å–ø–∞—Å–∏–±–æ —á—Ç–æ –æ—Å—Ç–∞–≤–∏–ª–∏ –≥–æ–ª–æ–¥–Ω—ã–º–∏ –ª—é–¥–µ–π! –ó–∞ —ç—Ç–∏ –¥–≤–∞ —á–∞—Å–∞ –ª—é–±–∞—è –¥—Ä—É–≥–∞—è –¥–æ—Å—Ç–∞–≤–∫–∞ –¥–∞–≤–Ω–æ –ø—Ä–∏—à–ª–∞ –±—ã",bad
"–ï–¥–∞ 10/10, –æ–±—Å–ª—É–∂–∏–≤–∞–Ω–∏–µ 100/10 –æ—Ñ–∏—Ü–∏–∞–Ω—Ç 1000/10üëçüèª–ù—É—Ä–¥–∞—É–ª–µ—Ç –¥–µ–≥–µ–Ω –∂—ñ–≥—ñ—Ç –µ—à –∫”©“£—ñ–ª—ñ–º—ñ–∑–¥—ñ “õ–∞–ª–¥—ã—Ä–º–∞–π –∫“Ø–ª—ñ–ø –∫”©–º–µ–∫ –∫”©—Ä—Å–µ—Ç—Ç—ñüòò—á–µ—Å—Ç–Ω—ã–π –æ—Ç–∑—ã–≤ –±–∞–∫–ª–∞–∂–∞–Ω –±—ã–ª —Ö—Ä—É—Å—Ç—è—â–∏–º –∞ –≤–∏—Å–∫–∏ –∫—Ä–µ–ø–∫–∏–º))",good
"–¢–∞–º–∞“õ—Ç–∞—Ä—ã ”©—Ç–µ –¥–∞–º–¥—ñ,–ø–µ—Ä—Å–æ–Ω–∞–ª–¥–∞—Ä üëçüòò –æ—Ç–±–∞—Å—ã–º—ã–∑–±–µ–Ω –±–∞—Ä—ã–ø —Ç“±—Ä–∞–º—ã–∑ –æ—Å–æ–±–µ–Ω–Ω–æ –≥—Ä–µ—á–µ—Å–∫–∏–π —Å–∞–ª–∞—Ç üòã",good
"–û—á–µ–Ω—å –≤–∫—É—Å–Ω–∞—è –∫—É—Ö–Ω—è, –∞ –∞—Ç–º–æ—Å—Ñ–µ—Ä–∞ –≤–æ–ª—à–µ–±–Ω–∞—è ‚ù§Ô∏è",good
"–í –Ω–µ–¥–µ–ª—é —Å—Ç–∞–±–∏–ª—å–Ω–æ 3 —Ä–∞–∑–∞ —Å–∏–¥–∏–º. –∫–∞–ª—å—è–Ω—â–∏–∫ —Ö–æ—Ä–æ—à –≤ —Å–≤–æ–µ–π —Ä–∞–±–æ—Ç–µ. –ê—Ä—É–∂–∞–Ω –æ—á–µ–Ω—å –º–∏–ª–∞—è –æ—Ñ–∏—Ü–∏–∞–Ω—Ç–∫–∞, –≤—Å–µ –Ω–∞ –≤—ã—Å—à–µ–º —É—Ä–æ–≤–Ω–µü§ò. –ö—É—Ö–Ω—è –æ—á–µ–Ω—å –≤–∫—É—Å–Ω–∞—è‚úåÔ∏è",good
–ö–∞–ª—å—è–Ω —Ö–æ—Ä–æ—à–∏–π –¥–µ–ª–∞—é—Ç,good
"–î–æ–±—Ä–æ–π –Ω–æ—á–∏, —Ö–æ—Ç–µ–ª–∞ –Ω–∞–ø–∏—Å–∞—Ç—å –æ—Ç–∑—ã–≤ –æ –¥–∞–Ω–Ω–æ–º –∑–∞–≤–µ–¥–µ–Ω–∏–∏.

–ú—ã –ø–æ—Å–µ—Ç–∏–ª–∏ –µ–≥–æ 13 –æ–∫—Ç—è–±—Ä—è. –ù–∞—Å –ø—Ä–∏ –≤—Ö–æ–¥–µ –≤—Å—Ç—Ä–µ—Ç–∏–ª –æ—Ñ–∏—Ü–∏–∞–Ω—Ç. –í–µ–∂–ª–∏–≤–∞—è –∏ —É–ª—ã–±—á–∏–≤–∞—è –¥–µ–≤—É—à–∫–∞, –ø—Ä–∏—è—Ç–Ω–æ–π –≤–Ω–µ—à–Ω–æ—Å—Ç–∏.

–ò–Ω—Ç–µ—Ä—å–µ—Ä –≤–Ω—É—Ç—Ä–∏ –ø—Ä–∏—è—Ç–Ω—ã–π, –∫–æ–º—Ñ–æ—Ä—Ç–Ω—ã–π –∏ —Ç–µ–ø–ª—ã–π.

–ï–¥–∞ –≤–∫—É—Å–Ω–∞—è –∏ –Ω–∞—Å—ã—â–µ–Ω–Ω–∞—è.

–ú–æ–∂–Ω–æ –ø–æ—Å–µ—â–∞—Ç—å —Å–æ —Å–≤–æ–µ–π —Å–µ–º—å–µ–π, —Ç–∞–∫ –∫–∞–∫ –≤—ã —Å–º–æ–∂–µ—Ç–µ –Ω–∞—Å–ª–∞–¥–∏—Ç—Å—è –æ–±—â–µ–Ω–∏–µ–º –∏ —É—é—Ç–æ–º.

–°–µ—Ä–≤–∏—Å —Ç–æ–∂–µ –æ—á–µ–Ω—å —Ö–æ—Ä–æ—à–∏–π. –ú–Ω–µ –ø–æ–Ω—Ä–∞–≤–∏–ª–æ—Å—å —Ç–æ —á—Ç–æ –æ–Ω–∏ –±—ã—Å—Ç—Ä–æ —Ä–µ–∞–≥–∏—Ä—É—é—Ç. –ò —Å—Ç–∞—Ä–∞—é—Ç—Å—è –º–∞–∫—Å–∏–º–∞–ª—å–Ω–æ –∫–∞—á–µ—Å—Ç–≤–µ–Ω–Ω–æ —Å–¥–µ–ª–∞—Ç—å —Å–≤–æ—é —Ä–∞–±–æ—Ç—É.",good
–û—á–µ–Ω—å –≤–∫—É—Å–Ω–æ !,good
"–£—é—Ç–Ω—ã–π —Ä–µ—Å—Ç–æ—Ä–∞–Ω, —Å–µ—Ä–≤–∏—Å –Ω–∞ –≤—ã—Å—à–µ–º —É—Ä–æ–≤–Ω–µ, –∫—É—Ö–Ω—è –æ—á–µ–Ω—å –≤–∫—É—Å–Ω–∞—è. –ê—Ä–∞–πüëç",good
"–£—é—Ç–Ω—ã–π —Ä–µ—Å—Ç–æ—Ä–∞–Ω, –ø—Ä–∏–≤–µ—Ç–ª–∏–≤—ã–π –ø–µ—Ä—Å–æ–Ω–∞–ª, –ø–ª–æ–≤ –ø—Ä–∞–∑–¥–Ω–∏—á–Ω—ã–π –≤–∫—É—Å–Ω—ã–π, —Ä–µ–∫–æ–º–µ–Ω–¥—É—é –ø–æ–ø—Ä–æ–±–æ–≤–∞—Ç—å –∫—É–º—ã—Åüëç",good
"–ü—Ä–µ–∫—Ä–∞—Å–Ω—ã–π —Å–µ—Ä–≤–∏—Å, –≤–µ–∂–ª–∏–≤—ã–µ –æ—Ñ–∏—Ü–∏–∞–Ω—Ç—ã –∏ –∞—Ç–º–æ—Å—Ñ–µ—Ä–Ω–æ–µ, –∫–æ–º—Ñ–æ—Ä—Ç–Ω–æ–µ, –∏ –∫—Ä–∞—Å–∏–≤–æ–µ –º–µ—Å—Ç–æ))",good
"–í–µ–∂–ª–∏–≤—ã–µ –æ—Ñ–∏—Ü–∏–∞–Ω—Ç—ã, –ø—Ä–∏—è—Ç–Ω–∞—è –∞—Ç–º–æ—Å—Ñ–µ—Ä–∞ –∏ –≤–∫—É—Å–Ω–∞—è –µ–¥–∞, –†–∞—Ö–º–µ—Ç üëçüèª",good
"–ë–ª—é–¥–∞ –Ω–µ–≤–µ—Ä–æ—è—Ç–Ω—ã–µ, –∞—Ç–º–æ—Å—Ñ–µ—Ä–∞ —Ç–∞–∫ –∂–µ –Ω–µ –ø–æ–¥–≤–æ–¥–∏—Ç üëç",good
"–°–º–æ—Ç—Ä–∏–º —Ñ–∏–ª—å–º , –æ—á–µ–Ω—å –∫–ª–∞—Å—Å–Ω–æ –∏ –∫–æ–º—Ñ–æ—Ä—Ç–Ω–æ , –∏ —Å–∞–º–æ–µ –≥–ª–∞–≤–Ω–æ–µ –≤–µ–∂–ª–∏–≤—ã–π –ø–µ—Ä—Å–æ–Ω–∞–ª –∏ –æ—á–µ–Ω—å –≤–∫—É—Å–Ω—ã–µ –±–ª—é–¥–∞",good
"–î–æ–±—Ä—ã–π –¥–µ–Ω—å –ø–æ—Å—Ç–æ—è–Ω–Ω–æ –ø—Ä–∏—Ö–æ–∂—É –∫ –≤–∞–º –∏ —Ö–æ—á–µ—Ç—Å—è –æ—Ç–º–µ—Ç–∏—Ç—å –≤–∞—à–µ–≥–æ –æ—Ñ–∏—Ü–∏–∞–Ω—Ç–∞ –¢–∏–º—É—Ä–∞ —É–∂–µ 3 —Ä–∞–∑ –Ω–∞—Å –æ–±—Å–ª—É–∂–∏–≤–∞–µ—Ç –≤–µ—Å–µ–ª—ã–π –ø—Ä–∏–≤–µ—Ç–ª–∏–≤—ã–π –≤—Å–µ–≥–¥–∞ –ø–æ–º–æ–∂–µ—Ç —Å –≤—ã–±–æ—Ä–æ–º –æ—á–µ–Ω—å –≤–Ω–∏–º–∞—Ç–µ–ª–µ–Ω –∫ –∑–∞–∫–∞–∑–∞–º –∏ –º–µ–ª–æ—á–∞–º –∞ —ç—Ç–æ –æ—á–µ–Ω—å –≤–∞–∂–Ω–æ –∏ —Ö–æ—á–µ—Ç—Å—è –æ–±—Ä–∞—Ç–∏—Ç—Å—è –∫ –∞–¥–º–∏–Ω–∏—Å—Ç—Ä–∞—Ü–∏–∏ –≤–∞—à–µ–≥–æ —Ä–µ—Å—Ç–æ—Ä–∞–Ω–∞ —Ö–æ—Ç–µ–ª–∞ —Å—Ä–∞–∑—É –Ω–∞–ø–∏—Å–∞—Ç—å –Ω–æ —Ç–∞–∫ –∫–∞–∫ –∑–∞–º–æ—Ç–∞–ª–∞—Å—å –Ω–∞ —Ä–∞–±–æ—Ç–µ –∑–∞–±—ã–ª–∞ –Ω–æ –ø–æ—Å–µ—Ç–∏–≤ —Å–µ–≥–æ–¥–Ω—è –≤–∞—à —Ä–µ—Å—Ç–æ—Ä–∞–Ω –≤—Å–ø–æ–º–Ω–∏–ª–∞ –ø–æ–∑–∞–≤—á–µ—Ä–∞ –º—ã —Å –ø–æ–¥—Ä—É–≥–æ–π –Ω–∞–±–ª—é–¥–∞–ª–∏ —Å—Ü–µ–Ω—É —á—Ç–æ –æ–¥–Ω–∞ —Å–µ–º—å—è —Å–¥–µ–ª–∞–ª–∞ –∑–∞–∫–∞–∑ –ø–æ–µ–ª–∏ –∞ –ø–æ—Ç–æ–º –¥–æ–ª–≥–æ —Ä—É–≥–∞–ª–∏—Å—å –∫–∞–∫ –ø–æ–Ω–µ–ª–∞ —á—Ç–æ –Ω–µ —Ö–æ—Ç–µ–ª–∏ –æ–ø–ª–∞—á–∏–≤–∞—Ç—å –∑–∞–∫–∞–∑ –∏ —Ç–æ–≥–¥–∞ –Ω–∞—Å —Ç–æ–∂–µ –æ–±—Å–ª—É–∂–∏–≤–∞–ª –¢–∏–º—É—Ä –∏ –∏—Ö —Ç–æ–∂–µ –Ω–µ–∑–Ω–∞—é —á–µ–º –∑–∞–∫–æ–Ω—á–∏–ª–æ—Å—å –Ω–æ —Å–∫–æ—Ä–µ–µ –≤—Å–µ–≥–æ –∫–∞–∫ –ø—Ä–∏–Ω—è—Ç–æ –≤—ã–≥–æ–≤–æ—Ä–æ–º –ª–∏–±–æ —à—Ç—Ä–∞—Ñ–æ–º –ø–µ—Ä—Å–æ–Ω–∞–ª–∞, –Ω–æ —Ö–æ—á–µ—Ç—Å—è –æ—Ç–º–µ—Ç–∏—Ç—å —á—Ç–æ –∞–¥–º–∏–Ω–∏—Å—Ç—Ä–∞—Ü–∏—è –∑–∞–≤–µ–¥–µ–Ω–∏—è –≤–æ–æ–±—â–µ –Ω–µ –Ω–∞ —Å—Ç–æ—Ä–æ–Ω–µ —Å–≤–æ–∏—Ö —Å–æ—Ç—Ä—É–¥–Ω–∏–∫–æ–≤ —Ç–∞–∫ –∫–∞–∫ –¥–µ–≤—É—à–∫–∞ –∞–¥–º–∏–Ω–∏—Å—Ç—Ä–æ—Ç–æ—Ä –≤–æ–æ–±—â–µ –Ω–µ –æ–±—É—á–µ–Ω–∞ —è —Ç–∞–∫ –∂–µ —Ä–∞–±–æ—Ç–∞–ª–∞ –≤ —Å—Ñ–µ—Ä–µ —Ä–µ—Å—Ç–æ—Ä–∞–Ω–æ–≤ . –õ—é–¥–∏ –±—ã–≤–∞—é—Ç —Ä–∞–∑–Ω—ã–µ –Ω–æ –∏–Ω–æ–≥–¥–∞ –≤–µ—á–µ—Ä –º–æ–≥—É—Ç –∏—Å–ø–æ—Ä—Ç–∏—Ç—å –∏ –Ω–µ–∞–¥–µ–∫–≤–∞—Ç–Ω—ã–µ –≥–æ—Å—Ç–∏ —Ç–∞–∫ –∫–∞–∫ –ø–æ—Å–ª–µ –∫–∞–∫ —ç—Ç–∞ —Å–µ–º—å—è —É—à–ª–∞ —Ö–æ—Ç—å –∏ —Å—Ç–∞—Ä–∞–ª—Å—è –ø–∞—Ä–µ–Ω—å –¢–∏–º—É—Ä –Ω–µ –ø–æ–∫–∞–∑—ã–≤–∞—Ç—å —á—Ç–æ –µ–º—É –¥–æ—Å—Ç–∞–ª–æ—Å—å –≤—Å–µ —Ä–∞–≤–Ω–æ —ç—Ç–æ –±—ã–ª–æ –≤–∏–¥–Ω–æ –∏ —Ö–æ—á–µ—Ç—Å—è –æ–±—Ä–∞—Ç–∏—Ç—Å—è –∫ —Ä—É–∫–æ–≤–æ–¥—Å—Ç–≤—É —Ä–µ—Å—Ç–æ—Ä–∞–Ω–∞ –±—ã—Ç—å –Ω–∞ —Å—Ç–æ—Ä–æ–Ω–µ —Å–≤–æ–∏—Ö —Å–æ—Ç—Ä—É–¥–Ω–∏–∫–æ–≤ —Ç–∞–∫ –∫–∞–∫ —Ö–æ—Ä–æ—à–∏–π –∏ —Ç—Ä—É–¥–æ–ª—é–±–∏–≤—ã–π –ø–µ—Ä—Å–æ–Ω–∞–ª –Ω—É–∂–Ω–æ –±–µ—Ä–µ—á—å –Ω–µ –≤—Å–µ–≥–¥–∞ –ø—Ä–∞–≤ –≥–æ—Å—Ç—å –∞ —Ö–æ—Ä–æ—à–µ–µ –Ω–∞—Å—Ç—Ä–æ–µ–Ω–∏–µ –≤—Å–µ–≥–¥–∞ –ø–æ–ª—É—á–∞–µ—à—å –æ—Ç –ø—Ä–∏–≤–µ—Ç–ª–∏–≤—ã—Ö –ª—é–¥–µ–π —á—Ç–æ –æ–±—Å–ª—É–∂–∏–≤–∞—é—Ç —Ç–µ–±—è. –û—á–µ–Ω—å –±—ã–ª–æ –æ–±–∏–¥–Ω–æ –∑–∞ –ø–∞—Ä–Ω—è –∏ —Ö–æ—Ç–µ–ª–æ—Å—å –±—ã –∑–∞—Å—Ç—É–ø–∏—Ç—Å—è —á–∏—Å—Ç–æ –ø–æ —á–µ–ª–æ–≤–µ—á–µ—Å–∫–∏ —Å–∫–æ–ª—å–∫–æ –ø—Ä–∏—Ö–æ–¥–∏–ª–∏ –≤—Å–µ–≥–¥–∞ —É—Ö–æ–¥–∏–ª–∏ —Å —Ö–æ—Ä–æ—à–∏–º –Ω–∞—Å—Ç—Ä–æ–µ–Ω–∏–µ –∏ —Å—ã—Ç—ã–µ —Ç–∞–∫ —á—Ç–æ –æ–≥—Ä–æ–º–Ω—ã–π –ª–∞–π–∫ –¢–∏–º—É—Ä—É –∑–∞ –µ–≥–æ —Ö–∞—Ä–∏–∑–º—É –∏ —É–ª—ã–±—á–∏–≤–æ—Å—Ç—åüëçüëçüëçüëçüëç",good
"–°–µ–≥–æ–¥–Ω—è –ø–æ—Å–µ—Ç–∏–ª–∞ —ç—Ç–æ —Ä–µ—Å—Ç–æ—Ä–∞–Ω , –æ—Å—Ç–∞–ª–æ—Å—å –≤–æ—Å—Ç–æ—Ä–≥–µ –æ—Ç –∫—É—Ö–Ω–∏ –æ–±—Å–ª—É–∂–∏–≤–∞–Ω–∏–µ , –æ–±—è–∑–∞—Ç–µ–ª—å–Ω–æ –≤–µ—Ä–Ω—É—Å—å !
–û—Ç–¥–µ–ª—å–Ω–æ —Ö–æ—á—É –ø–æ–±–ª–∞–≥–æ–¥–∞—Ä–∏—Ç—å –æ—Ñ–∏—Ü–∏–∞–Ω—Ç–∞ –¢–∏–º—É—Ä–∞ , –±–æ–ª—å—à–æ–π —Ä–∞—Ö–º–µ—Ç üòò",good
"–í–Ω—É—Ç—Ä–∏ —Ç–∏—Ö–æ –∫—Ä–∞—Å–∏–≤–æ, –Ω–æ –∫—É—Ö–Ω—è –Ω–∞ —á–µ—Ç–≤–µ—Ä–∫—É.",good
–ú–æ–ª–æ–¥—Ü—ã –æ—á–µ–Ω—å –≤–∫—É—Å–Ω–æ,good
"–ü—Ä–µ–∫—Ä–∞—Å–Ω–æ–µ –º–µ—Å—Ç–æ! –û—Å—Ç–∞–ª–∏—Å—å –æ—á–µ–Ω—å –¥–æ–≤–æ–ª—å–Ω—ã –∫–∞–∫ –∫—É—Ö–Ω–µ–π, —Ç–∞–∫ –∏ –æ–±—Å–ª—É–∂–∏–≤–∞–Ω–∏–µ–º. –ò–Ω—Ç–µ—Ä—å–µ—Ä —É—é—Ç–Ω—ã–π, –≤—Å—ë –ø—Ä–æ–¥—É–º–∞–Ω–æ –¥–æ –º–µ–ª–æ—á–µ–π. –ï–¥–∞ –±—ã–ª–∞ –ø—Ä–µ–≤–æ—Å—Ö–æ–¥–Ω–æ–π: –°—Ç–µ–π–∫ —Ä–∏–±–∞–π‚Äî –æ–¥–Ω–æ –∏–∑ –ª—É—á—à–∏—Ö, —á—Ç–æ —è –∫–æ–≥–¥–∞-–ª–∏–±–æ –ø—Ä–æ–±–æ–≤–∞–ª–∞, —Å –Ω–∞—Å—ã—â–µ–Ω–Ω—ã–º –≤–∫—É—Å–æ–º –∏ –æ—Ç–ª–∏—á–Ω–æ–π –ø–æ–¥–∞—á–µ–π. –û—Ñ–∏—Ü–∏–∞–Ω—Ç—ã –≤–µ–∂–ª–∏–≤—ã–µ, –Ω–µ–Ω–∞–≤—è–∑—á–∏–≤–æ –ø–æ–º–æ–≥–ª–∏ –≤—ã–±—Ä–∞—Ç—å –±–ª—é–¥–∞, –∏ –æ–±—Å–ª—É–∂–∏–≤–∞–Ω–∏–µ –±—ã–ª–æ –Ω–∞ –≤—ã—Å–æ—Ç–µ. –ü—Ä–∏—è—Ç–Ω–æ —É–¥–∏–≤–∏–ª–∏ —Ö–æ—Ä–æ—à–∏–µ –ø–æ—Ä—Ü–∏–∏ –∏ —Ä–∞–∑—É–º–Ω—ã–µ —Ü–µ–Ω—ã. –û–±—è–∑–∞—Ç–µ–ª—å–Ω–æ –≤–µ—Ä–Ω—É—Å—å —Å—é–¥–∞ —Å–Ω–æ–≤–∞ –∏ –ø–æ—Ä–µ–∫–æ–º–µ–Ω–¥—É—é –¥—Ä—É–∑—å—è–º, –∑–Ω–∞–∫–æ–º—ã–º) –û—Ç–¥–µ–ª—å–Ω–æ–µ —Å–ø–∞—Å–∏–±–æ, –ù—É—Ä–¥–∞—É–ª–µ—Ç—Éü•∞",good
–†–∞–Ω—å—à–µ –±—ã–ª–æ –≤–µ–ª–∏–∫–æ–ª–µ–ø–Ω–æ. –•–æ–¥–∏–ª–∏ –∫–∞–∂–¥—É—é –Ω–µ–¥–µ–ª—é,bad
"–°–µ—Ä–≤–∏—Å –∏ —É—Ä–æ–≤–µ–Ω—å —Ä–∞–±–æ—Ç—ã –Ω–∞ –≤—ã—Å–æ—Ç–µ! –ü–æ–±–æ–ª—å—à–µ –±—ã —Ç–∞–∫–∏—Ö –º–µ—Å—Ç –≤ –≥–æ—Ä–æ–¥–µ) –û—Ç–ª–∏—á–Ω–æ –ø—Ä–æ–≤–µ–ª–∏ –≤—Ä–µ–º—è –≤ –∫–æ–º–ø–∞–Ω–∏–∏ –¥—Ä—É–∑–µ–π, –æ–±—è–∑–∞—Ç–µ–ª—å–Ω–æ –≤–µ—Ä–Ω–µ–º—Å—è –µ—â–µ.",good
"–û—á–µ–Ω—å –ø–æ–Ω—Ä–∞–≤–∏–ª–æ—Å—å –∑–∞–≤–µ–¥–µ–Ω–∏–µ, –∞—Ç–º–æ—Å—Ñ–µ—Ä–Ω–æ–µ
–ö–∞–ª—å—è–Ω—ã —à–∏–∫–∞—Ä–Ω—ã–µ, –¥—ã–º–Ω—ã–µ, –≤–∫—É—Å–Ω—ã–µ
–ö—É—Ö–Ω—è –ø—Ä–∏—è—Ç–Ω–æ —É–¥–∏–≤–∏–ª–∞",good
"–¢—É—Ç –æ—Ç–ª–∏—á–Ω—ã–π –∫–∞–ª—å—è–Ω , —Å–¥–µ–ª–∞–ª–∏ –ø—Ä—è–º –∫–∞–∫ –ø—Ä–æ—Å–∏–ª–∏ üëçüëçüëç –ò —Å—Ç–µ–π–∫ —Ç–æ–∂–µ –≤–∫—É—Å–Ω—ã–π –±—ã–ª !",good
–ß–∞—Å—Ç–æ –ø–æ—Å–µ—â–∞—é –¥–∞–Ω–Ω–æ–µ –∑–∞–≤–µ–¥–µ–Ω–∏–µ) –ö—É—Ö–Ω—è –Ω–∞ —É—Ä–æ–≤–Ω–µüòç —Å—Ç–µ–π–∫–∏ –æ—á–µ–Ω—å –≤–∫—É—Å–Ω—ã–µ –º—è–≥–∫–∏–µ –∏ —Å–æ—á–Ω—ã–µ) –¢–∞–∫–∂–µ –æ—Ç–¥–µ–ª—å–Ω–æ —Ö–æ—á–µ—Ç—Å—è –æ—Ç–º–µ—Ç–∏—Ç—å —á—Ç–æ —É –≤–∞—Å —Å–∞–º—ã–π –ª—É—á—à–∏–π –∫–∞–ª—å—è–Ω –≤ –≥–æ—Ä–æ–¥–µ! –ê –∫–∞–ª—å—è–Ω–Ω—ã–µ –º–∞—Å—Ç–µ—Ä–∞ —Ç–æ—á–µ—á–Ω–æ —É–≥–∞–¥—ã–≤–∞—é—Ç –≤–∫—É—Å –∫–æ—Ç–æ—Ä—ã–π —Ö–æ—á–µ—Ç—Å—è) –±–ª–∞–≥–æ–¥–∞—Ä—é –∑–∞ —Å–µ—Ä–≤–∏—Å),good
–ö–ª–∞—Å—Å–Ω–æ–µ –∑–∞–≤–µ–¥–µ–Ω–∏–µüëçüèª,good
–û—Ç–ª–∏—á–Ω—ã–π –∑–∞–≤–µ–¥–µ–Ω–∏–µ. –ö–ª–∞—Å—Å–Ω—ã–π –∞—Ç—Ñ–æ–º–æ—Å—Ñ–µ—Ä–∞. –û–±—Å–ª—É–∂–∏–≤–∞–Ω–∏–µ 10/10. –ö—É—Ö–Ω—è –≤–æ–æ–±—â–µ –¢–û–ü. –í—Å–µ–º —Å–æ–≤–µ—Ç—É—é,good
"–†–µ—Å—Ç–æ—Ä–∞–Ω –æ—Å—Ç–∞–≤–∏–ª –æ—Ç–ª–∏—á–Ω–æ–µ –≤–ø–µ—á–∞—Ç–ª–µ–Ω–∏–µ! –•–æ—Ç–µ–ª–æ—Å—å –±—ã –æ—Ç–º–µ—Ç–∏—Ç—å —Ä–∞–±–æ—Ç—É –æ—Ñ–∏—Ü–∏–∞–Ω—Ç–∞ –∫–æ—Ç–æ—Ä—ã–π –Ω–∞—Å –æ–±—Å–ª—É–∂–∏–≤–∞–ª —Å–µ–≥–æ–¥–Ω—è. –¢–∏–º—É—Ä –æ—á–µ–Ω—å –≤–µ–∂–ª–∏–≤—ã–π, –≤–Ω–∏–º–∞—Ç–µ–ª—å–Ω—ã–π –∏ –ø—Ä–æ—Ñ–µ—Å—Å–∏–æ–Ω–∞–ª—å–Ω—ã–π –≤ —Å–≤–æ–µ–º –¥–µ–ª–µ. –û–±—è–∑–∞—Ç–µ–ª—å–Ω–æ –≤–µ—Ä–Ω—ë–º—Å—è!",good
"–í—ã–Ω–æ—è—Ç —Ö—ã—á–∏–Ω—ã 20 –º–∏–Ω—É—Ç, –∏ –æ–Ω –ø–æ–ª–Ω–æ—Å—Ç—å—é –≤—ã—Å–æ—Ö—à–∏–π. –ö–∞–ª—å—è–Ω –≤—ã–Ω–æ—Å—è—Ç 40 –º–∏–Ω—É—Ç –∏ –≥–æ–≤–æ—Ä—è—Ç –º—ã —Å–¥–µ–ª–∞–ª–∏ –∑–∞ 15 –º–∏–Ω—É—Ç",bad
"–í—Å–µ –æ—á–µ–Ω—å –≤–∫—É—Å–Ω–æ,–ø—Ä–∏—è—Ç–Ω–∞—è –∞—Ç–º–æ—Å—Ñ–µ—Ä–∞. –õ–∏–º–æ–Ω–∞–¥ ¬´—Ç—Ä–æ–ø–∏—á–µ—Å–∫–∏–π –º–∏–∫—Å¬ª –ø—Ä–æ—Å—Ç–æ –í–∞—É",good
–ê—Ç–º–æ—Å—Ñ–µ—Ä–Ω–æüëç,good
"–°–æ–≤–µ—Ç—É—é —ç—Ç–æ –º–µ—Å—Ç–æ,–æ—Ç–ª–∏—á–Ω–æ–µ –º–µ—Å—Ç–æ —á—Ç–æ–±—ã –≤—Å—Ç—Ä–µ—Ç–∏—Ç—å—Å—è —Å –¥—Ä—É–∑—è–º–∏,–∫—É—Ö–Ω—è –æ—á–µ–Ω—å –≤–∫—É—Å–Ω–∞—è —Å–æ–≤–µ—Ç—É—é —ç—Ç–æ –º–µ—Å—Ç–æüíØ",good
"–†–µ—Å—Ç–æ—Ä–∞–Ω –æ—á–µ–Ω—å –∫—Ä–∞—Å–∏–≤—ã–π,–∞—Ç–º–æ—Å—Ñ–µ—Ä–Ω—ã–π,–∫—É—Ö–Ω—è 10/10 –≤—Å–µ –±—ã–ª–æ –æ—á–µ–Ω—å –≤–∫—É—Å–Ω–æ –∏ –æ–±—Å–ª—É–∂–∏–≤–∞—é—Ç –æ—á–µ–Ω—å —Ö–æ—Ä–æ—à–æ,—Å–ø–∞—Å–∏–±–æ –æ—Ñ–∏—Ü–∏–∞–Ω—Ç–∫–µ –ê–Ω–µ–ª—åüî•üî•",good
"–û—Ç–ª–∏—á–Ω—ã–π —Å–µ—Ä–≤–∏—Å, –µ–¥–∞ –≤–∫—É—Å–Ω–∞—è, –æ—Ç–¥–µ–ª—å–Ω–æ–µ —Å–ø–∞—Å–∏–±–æ –æ—Ñ–∏—Ü–∏–∞–Ω—Ç–∫–µ –ñ—É–ª–¥—ã–∑ –∑–∞ —Ö–æ—Ä–æ—à–æ–µ –Ω–∞—Å—Ç—Ä–æ–µ, —Ä–µ–∫–æ–º–µ–Ω–¥—É—é!!!!",good
"–ë—É–≥—ã–Ω —Ç–∞–Ω–µ—Ä—Ç–µ–Ω –æ—Å—ã —Ä–µ—Å—Ç–æ—Ä–∞–Ω–Ω–∞–Ω –∑–∞–≤—Ç—Ä–∞–∫ —ã—à—É–≥–µ –∫–µ–ª–≥–µ–Ω –±–æ–ª–∞—Ç—ã–Ω–º—ã–Ω, –æ—Ç–µ —É–Ω–∞–¥—ã. –ë—ã—Ä—ã–Ω—à—ã –∫–µ–ª—É—ã–º, –∫—É—Ö–Ω—è –æ—Ç–µ –¥–∞–º–¥—ã –µ–∫–µ–Ω, –æ—Ñ–∏—Ü–∏–∞–Ω—Ç—Ç–∞—Ä—ã –æ—Ç–∫ –∂–∞–π–ª—ã, —Ç–µ–∑ –∫–µ–ª–µ–¥—ã. –ë–∞—Ä–ª—ã–∫—Ç–∞—Ä—ã–Ω—ã–∑–≥–∞ —Ä–µ–∫–æ–º–µ–Ω–¥—É—éüòçüëçüëçüëç",good
"–ù–µ –¥–æ–≤–æ–ª—å–Ω–∞ –æ—Ñ–∏—Ü–∏–∞–Ω—Ç–∞–º–∏. –°–µ—Ä–≤–∏—Å 0, –æ–±—Å–ª—É–∂–∏–≤–∞–Ω–∏–µ 0! –ë–∞—à –∑–∞–∫–∞–∑–∞–ª–∞ –º—è—Å–æ —Ç–≤–µ—Ä–¥–æ–µ, —Ç–µ—Å—Ç–æ —Ä–∞–∑–≤–∞—Ä–µ–Ω–Ω–æ–µ, —Å–æ—Ä–ø–∞ —Ç–µ–ø–ª–∞—è",bad
"–£–∂–∞—Å–Ω–æ–µ –æ–±—Å–ª—É–∂–∏–≤–∞–Ω–∏–µ. –ü—Ä–∏—à–ª–∏ –≤ –æ–±–µ–¥, –Ω–∞—Ä–æ–¥—É –æ—á–µ–Ω—å –º–∞–ª–æ. –ù–æ –ø–æ—á–µ–º—É —Ç–æ –ú–∞–¥–∏–Ω–∞ –Ω–∞—Å –≤–æ–æ–±—â–µ –Ω–µ –æ–±—Å–ª—É–∂–∏–≤–∞–ª–∞. –í —Ä–∞–±–æ—á–µ–µ –≤—Ä–µ–º—è —Å–∏–¥–µ—Ç—å –±–µ–∑ –¥–µ–ª–∞-–Ω–µ–ø—Ä–∏–µ–º–ª–∏–º–æ. –ù–∞—à–∏ –≥—Ä—è–∑–Ω—ã–µ —Ç–∞—Ä–µ–ª–∫–∏ –Ω–µ —É–±–∏—Ä–∞–ª–∏, –∑–∞–∫–∞–∑ –Ω–µ—Å–ª–∏ –æ—á–µ–Ω—å –¥–æ–ª–≥–æ.–°—á–µ—Ç –ø—Ä–∏–Ω–æ—Å–∏–ª–∏ 3 —á–∞—Å–∞‚Ä¶ –í –æ–±—â–µ–º –æ–±—Å–ª—É–∂–∏–≤–∞–Ω–∏–µ –Ω–∞ –Ω—É–ª–µ, –Ω–µ–∑–Ω–∞—é, —á—Ç–æ –ø—Ä–æ–∏—Å—Ö–æ–¥–∏—Ç, –∫–æ–≥–¥–∞ –ª—é–¥–µ–π –º–Ω–æ–≥–æ. –ï–¥–∞ –æ—á–µ–Ω—å –≤–∫—É—Å–Ω–∞—è, –Ω–æ –°—ã—Ä–Ω–∏–∫–∏ –Ω–µ—Å–ª–∏ –º–∏–Ω—É—Ç 40, –µ—Å–ª–∏ –Ω–µ –±–æ–ª—å—à–µ. –ù—É –∞ —Ç–∞–∫, –∫ —Å–ª–æ–≤—É, –ø–æ—Ä—Ü–∏–∏ –æ—á–µ–Ω—å –º–∞–ª–µ–Ω—å–∫–∏–µ(",bad
"–ü–æ–µ–ª –ª–∞–≥–º–∞–Ω –ø–µ—Ä–µ–¥ –¥–æ—Ä–æ–≥–æ–π –∏ –≤—Å–µ, —á–µ—Ä–µ–∑ 5-6 –ø—Ä–∏—Ö–≤–∞—Ç–∏–ª–æ, –≤—Ç–æ—Ä–æ–π –¥–µ–Ω—å —Å –∫–µ—Ä–∞–º–∏—á–µ—Å–∫–∏–º –¥—Ä—É–≥–æ–º –Ω–µ —Ä–∞—Å—Å—Ç–∞–µ–º—Å—è
–û–±—Å–ª—É–∂–∏–≤–∞–Ω–∏–µ –±—ã–ª–æ —Å—É–ø–µ—Ä, –≤–æ–ø—Ä–æ—Å–æ–≤ –Ω–µ—Ç, –Ω–æ –ª–∞–≥–º–∞–Ω –∑–∞–ª–µ—Ç–µ–ª —à–∞–ª—å–Ω–æ–π, –¥—É–º–∞–ª –≤ —Å–∞–º–æ–ª–µ—Ç–µ –Ω–µ –¥–æ–ª–µ—á—É –¥–æ –¥–æ–º–∞ –∏ –Ω–µ —É—Å–ø–µ—é –≤ –¥–æ–º–∞—à–Ω–∏–π —Ç—É–∞–ª–µ—Çü•≤",bad
"–ü—Ä–∏–≤–µ—Ç–ª–∏–≤—ã–π –ø–µ—Ä—Å–æ–Ω–∞–ª, –≤—Å–µ –æ—á–µ–Ω—å –≤–∫—É—Å–Ω–æ.",good
"–•–æ–¥–∏–ª–∞ –Ω–µ–¥–∞–≤–Ω–æ,–∏ —Å–æ–≤–µ—Ç—É—é –≤—Å–µ–º)
–æ—Ñ–æ—Ä–º–ª–µ–Ω–∏–µ –∏ –∂–∏–ª–µ—Ç–∫–∏ —É –æ—Ñ–∏—Ü–∏–∞–Ω—Ç–æ–∫ –Ω–∞ –≤—ã—Å—à–µ–º —É—Ä–æ–≤–Ω–µ,–≤–∫—É—Å–Ω–∞—è –µ–¥–∞,–∏–Ω—å–µ—Ä—å–µ—Ä –ø—Ä–æ—Å—Ç–æ –≤–∞—É,–¥—ã–º–Ω—ã–µ –∫–∞–ª—å—è–Ω—ã,–æ–±—Å–ª—É–∂–∏–≤–∞–Ω–∏–µ –±–µ–∑ —Å–ª–æ–≤,—Å–ø–∞—Å–∏–±–æ –∑–∞ –≤–µ—á–µ—Äü§ç",good
–û–¥–∏–Ω –∏–∑ –ª—é–±–∏–º—ã—Ö –º–µ—Å—Ç. –ö—É—Ö–Ω—è –≤–∫—É—Å–Ω–∞—è –æ—Å–æ–±–µ–Ω–Ω–æ –õ–∞–≥–º–∞–Ωüòçüòªüòªü•∞,good