Comment,Sentiment
"–ë–∞—Ä–¥—ã–∫, —Ç–∞–º–∞–∫—Ç–∞—Ä—ã –æ—Ç–µ –¥–∞–º–¥–∏. –ö—ã–∑–º–µ—Ç –∫–æ—Ä—Å–µ—Ç—É —Å–∞–ø–∞—Å—ã –æ—Ç–µ –∂–æ–≥–∞—Ä—ã. –ê—Å–ø–∞–∑—à—ã–ª–∞—Ä–¥–∞, –¥–∞—è—à—ã–ª–∞—Ä–¥–∞ –æ—Ç–µ –∂–∞–∫—Å—ã. –ö–∞—Ñ–µ–Ω–∏–Ω –∏—à–∏ –¥–µ –µ—Ä–µ–∫—à–µ –∞—Ç–º–æ—Å—Ñ–µ—Ä–∞. –ë–∞–ª–∞–ª–∞—Ä–≥–∞ –¥–∞ —Ç–∞–º–∞–∫—Ç–∞—Ä—ã–Ω—ã–∑ —É–Ω–∞–¥—ã. –ï–Ω–¥–∏ –∂–∏—ã –±–∞—Ä—ã–ø —Ç—É—Ä–∞–º—ã–∑!",positive
"–ë–∞—Ä–∞—Ç—ã–Ω –∂–µ—Ä –µ–º–µ—Å. –î—ã–º “õ—ã–∑–º–µ—Ç –∂–æ“õ,1 —Å–∞“ì–∞—Ç –∫“Ø—Ç–µ—Å—ñ“£ –µ—â–µ —à–∞—Ç–∞—Å—ã–ø –∫–µ—Ç–µ–¥—ñ. –ú–∞—Å“õ–∞—Ä–∞,–µ—â–µ –∞“õ—à–∞ —Ç”©–ª–µ—Ç–µ–¥—ñ,“±—è—Ç –∂–æ“õ",negative
"–õ—é–±–ª—é –æ–∫–∞–¥–∑–∞–∫–∏ —Å —Ç–µ—Ö –ø–æ—Ä –∫–∞–∫ —Ç–æ–ª—å–∫–æ –ø–æ—è–≤–∏–ª–∏—Å—å, –ù–æ –∏—Å–ø–æ—Ä—Ç–∏–ª–∏—Å—å –∂–µ—Å—Ç–∫–æ.. —Å—É—à–∏ —Å—Ç–∞–ª–∏ –º–µ–Ω—å—à–µ, —Ü–µ–Ω—ã —Å—Ç–∞–ª–∏ –≤—ã—à–µ, –∞ –¥—É–±–∞–π—Å–∫–∏–π —à–æ–∫–æ–ª–∞–¥ –∫–∞–∫–æ–π –±—ã–ª –æ—Ç–º–µ–Ω–Ω—ã–π, –ø—Ä—è–º –ø–∞—Å—Ç–∞ –∏ –Ω–∞—á–∏–Ω–∫–∞, –∞ —Å–µ–π—á–∞—Å –≤–∏–¥–Ω–æ –ø–∞—Å—Ç–∞ –∫–∞–∫–∞—è-—Ç–æ –¥–µ—à–µ–≤–∞—è..üò≠ –≤–µ—Ä–Ω–∏—Ç–µ –ø—Ä–µ–∂–Ω–∏–π –≤–∫—É—Åüôèüèªüôèüèªüôèüèª —Ä–∞–Ω–Ω–µ–µ –±—ã–ª –≤–∫—É—Å–Ω–µ–µ —à–æ–∫–æ–ª–∞–¥, –∏ —Å—É—à–∏ –±—ã–ª–∏ –±–æ–ª—å—à–µü•∫ –Ω–µ —Ç–µ—Ä—è–π—Ç–µ –∫–ª–∏–µ–Ω—Ç–æ–≤ü´∂üèª",negative
"–û—á–µ–Ω—å –≤–∫—É—Å–Ω–æ, –≤—Å–µ –ø–æ–Ω—Ä–∞–≤–∏–ª–æ—Å—å. –°–ø–∞—Å–∏–±–æ –æ—Ñ–∏—Ü–∏–∞–Ω—Ç—É –ù—É—Ä–∂—ñ–≥—ñ—Ç—É –∑–∞ –æ—Ç–ª–∏—á–Ω–æ–µ –æ–±—Å–ª—É–∂–∏–≤–∞–Ω–∏–µ!!!",positive
"–í –ø—Ä–∏–Ω—Ü–∏–ø–µ –Ω–æ—Ä–º–∞–ª—å–Ω–æ, –ø–æ–π–¥–µ—Ç",positive
–û—á–µ–Ω—å –≤–∫—É—Å–Ω–æ üôÇ‚Äç‚ÜîÔ∏è,positive
–ñ–∞–∫—Å—ã —Ç–∞–º–∞–∫—Ç–∞—Ä—ã —É–Ω–∞–¥—ã,positive
"–°–µ–≥–æ–¥–Ω—è –±—ã–ª–∏ —Å —Å–µ–º—å–µ–π –∏ –¥–µ—Ç—å–º–∏, –æ—á–µ–Ω—å —É—é—Ç–Ω—ã–π —Ä–µ—Å—Ç–æ—Ä–∞–Ω. –í—Å–µ —á–∏—Å—Ç–æ –∫—Ä–∞—Å–∏–≤–æ, –≤–∫—É—Å–Ω–æ. –û—Ç–¥–µ–ª—å–Ω–æ —Ö–æ—á—É –æ—Ç–º–µ—Ç–∏—Ç—å –∑–∞–±–æ—Ç–ª–∏–≤–æ—Å—Ç—å –∞–¥–º–∏–Ω–∏—Å—Ç—Ä–∞—Ç–æ—Ä–∞ –ê–∏–¥—ãüëçüèª",positive
"–í–µ—á–µ—Ä –¥–æ–±—Ä—ã–π, —Å–µ–≥–æ–¥–Ω—è –±—ã–ª–∏ —Å–µ–º—å—ë–π –≤—Å—ë –ø–æ–Ω—Ä–∞–≤–∏–ª–æ—Å—å , —Ö–æ—Ç–µ–ª–æ—Å—å –±—ã –ø–æ –±–ª–∞–≥–æ–¥–∞—Ä–∏—Ç—å –æ—Ñ–∏—Ü–∏–∞–Ω—Ç–æ–≤ –Ω–∞ –≤—Ç–æ—Ä–æ–º —ç—Ç–∞–∂–µ –¥–≤—É—Ö –ø–∞—Ä–Ω–µ–π, –∏–º—è –∑–∞–±—ã–ª–∞ üòõ",positive
"–ö—É—Ö–Ω—è –≤–∫—É—Å–Ω–∞—è –≤—Å–µ –ø–æ–Ω—Ä–∞–≤–∏–ª–æ—Å—å ,—Å–ø–∞—Å–∏–±–æ !üëçüëçüëç",positive
"“ö—ã–∑–º–µ—Ç –∫”©—Ä—Å–µ—Ç—É –∂–æ“ì–∞—Ä“ì—ã –¥–µ“£–≥–µ–π–¥–µ, —Ä–∞—Ö–º–µ—Ç –ñ–µ“£—ñ—Å!",positive
–°—É—à–∏ –±–∞—à–Ω—è –∏–∑ —Ö—É–¥—à–∏—Ö –æ—Ç–≤—Ä–∞—Ç–∏—Ç–µ–ª—å–Ω—ã—Ö üòÇ,negative
"–ö—É—Ö–Ω—è –≤–∫—É—Å–Ω–∞—è, –æ–±—Å–ª—É–∂–∏–≤–∞–Ω–∏–µ üëçüèª",positive
–û—á–µ–Ω—å –≤–∫—É—Å–Ω–æ –∏ –ø—Ä–∏—è—Ç–Ω–∞—è –∞—Ç–º–æ—Å—Ñ–µ—Ä–∞ü´∂üèΩ,positive
"–ù“±—Ä–∂—ñ–≥—ñ—Ç –∫—Ä–∞—Å–∞–≤—á–∏–∫ üòª –ö—É—à—Ç–∏ –æ–±—Å–ª—É–∂–∫–∞ –∂–∞—Å–∞–ø , –±–∏–∑–¥–∏ —à—ã–≥–∞—Ä—ã–ø —Å–∞–ª–¥—ã",positive
"–§–∏–ª–∏–∞–ª –Ω–∞ –†–æ–∑—ã–±–∞–∫–∏–µ–≤–∞ –æ—á–µ–Ω—å —É—é—Ç–Ω—ã–π –∏ –∫—É—Ö–Ω—è –æ—Ç–ª–∏—á–Ω–∞—è. –ë–ª—é–¥–∞ —Å–≤–µ–∂–∏–µ. –û–±—Å–ª—É–∂–∏–≤–∞–ª –æ—Ñ–∏—Ü–∏–∞–Ω—Ç –ù—É—Ä–∂–∏–≥–∏—Ç, –æ—á–µ–Ω—å —á—É—Ç–∫–∏–π –ø–∞—Ä–µ–Ω—å",positive
"–í—Å–µ –±—ã–ª–æ –≤–∫—É—Å–Ω–æ, –æ—Ç–¥–µ–ª—å–Ω–æ–µ —Å–ø–∞—Å–∏–±–æ –ï—Ä–¥–µ–Ω—É‚ò∫Ô∏è",positive
"–ó–∞–∫–∞–∑–∞–ª–∏ —Å—É—à–∏ —Å —Å–æ–±–æ–π , –ø–æ—Ç–æ–º —Å–∫–∞–∑–∞–ª–∏ –º–æ–∂–µ–º –ø–æ—Å–∏–¥–µ—Ç—å –ø–æ–∫—É—à–∞—Ç—å –æ–Ω–∏ –æ—Ç–∫–∞–∑–∞–ª–∏ –Ω–∞–º –ø–æ—Å–∏–¥–µ—Ç—å —É –Ω–∏—Ö –≤ –∑–∞–≤–µ–¥–µ–Ω–∏–∏ ! –ú—ã –≥–æ–≤–æ—Ä–∏–º –¥–∞–≤–∞–π—Ç–µ —Ä–∞–∑–Ω–∏—Ü—É –æ–ø–ª–∞—Ç–∏–º –æ–Ω–∏ –≥–æ–≤–æ—Ä—è—Ç –Ω–∞–¥–æ –¥—Ä—É–≥–æ–π —á–µ–∫ –æ—Ç–∫—Ä—ã—Ç—å –∑–∞ —Å—Ç–æ–ª–∏–∫üôÑ –Ω–µ–ø–æ–Ω—è—Ç–Ω—ã–µ –ø—Ä–∞–≤–∏–ª–∞ ! –£ –≤–∞—Å –≤ –∑–∞–≤–µ–¥–µ–Ω–∏–∏ –Ω–µ—Ç –õ–Æ–î–ï–ô –í–û–û–ë–©–ï —Å—Ç–æ–ª–∏–∫–∏ —Å–≤–æ–±–æ–¥–Ω—ã ! –ù—É –∑–∞—á–µ–º –≤—ã –ø–æ—Ä—Ç–∏—Ç–µ –∫–ª–∏–µ–Ω—Ç–∞–º –Ω–∞—Å—Ç—Ä–æ–µ–Ω–∏–µ? –£–∂–∞—Å –ø—Ä–æ—Å—Ç–æ",negative
"–í–µ–∂–ª–∏–≤—ã–µ –æ—Ñ–∏—Ü–∏–∞–Ω—Ç—ã, –≤–∫—É—Å–Ω–∞—è –µ–¥–∞. –ï—Å—Ç—å –Ω–∞–º–∞–∑—Ö–∞–Ω–∞)",positive
–ù–∞–º–∞–∑—Ö–∞–Ω–∞—Å—ã –∂–∞“õ—Å—ã,positive
–û–±—Å–ª—É–∂–∫–∞üëçüèªüëçüèª –æ—Ñ–∏—Ü–∏–∞–Ω—Ç –ï—Ä–¥–µ–Ω,positive
"–í—Å–µ –ø–æ–Ω—Ä–∞–≤–∏–ª–æ—Å—å, —Å–ø–∞—Å–∏–±–æ! –û–±—Å–ª—É–∂–∫–∞ –∫–ª–∞—Å—Å–Ω–∞—è, –≤—Å–µ –±—ã–ª–æ —É—é—Ç–Ω–æ –∏ –∫—Ä–∞—Å–∏–≤–æ, –æ—Ñ–∏—Ü–∏–∞–Ω—Ç–æ–º –±—ã–ª –ï—Ä–¥–µ–Ωüëçüèº",positive
"12.02 –±—ã–ª–∏ —Ç—É—Ç. –ù–∞—Å –æ–±—Å–ª—É–∂–∏–≤–∞–ª –æ—Ñ–∏—Ü–∏–∞–Ω—Ç –ï—Ä–¥–µ–Ω, –æ—á–µ–Ω—å —Ö–æ—Ä–æ—à–æ –æ–±—Å–ª—É–∂–∏–ª –Ω–∞–º –≤—Å–µ –ø–æ–Ω—Ä–∞–≤–∏–ª–æ—Å—å, –º–æ–∂–Ω–æ —Å–º–µ–ª–æ –≤—ã–¥–∞–≤–∞—Ç—å –ø—Ä–µ–º–∏—éüëçüèª",positive
"–í–∫—É—Å–Ω–∞—è –µ–¥–∞,–ø—Ä–∏—è—Ç–Ω–∞—è –∞—Ç–º–æ—Å—Ñ–µ—Ä–∞
–•–æ–¥–∏–º –ø–æ—Å—Ç–æ—è–Ω–Ω–æ —Å –∫–æ–ª–ª–µ–≥–∞–º–∏ –ø–æ—Å–ª–µ —Ä–∞–±–æ—Ç—ã
—Å–ø–∞—Å–∏–±–æ –æ—Ñ–∏—Ü–∏–∞–Ω—Ç—É –ï—Ä–¥–µ–Ωüòò‚ò∫Ô∏è",positive
"–°–∞–º–æ–µ –ª—É—á—à–µ–µ –∑–∞–≤–µ–¥–µ–Ω–∏–µ –∏–∑ –º–æ–∏—Ö —Ç–æ–ø 10.–í–∫—É—Å–Ω–æ,—á–∏—Å—Ç–æ,–ø–µ—Ä—Å–æ–Ω–∞–ª —Å–∞–º—ã–π –ª—É—á—à–∏–π –∏ –æ—á–µ–Ω—å –≤—ã–≥–æ–¥–Ω—ã–µ —Ü–µ–Ω—ãü§åüèªüòö",positive
"–í—Å–µ –æ—á–µ–Ω—å –≤–∫—É—Å–Ω–æ,—Å–ø–∞—Å–∏–±–æ –æ—Ñ–∏—Ü–∏–∞–Ω—Ç—É –ê—è—É–ª—ã–º –∑–∞ –æ–±—Å–ª—É–∂–∏–≤–∞–Ω–∏–µ!–û—á–µ–Ω—å –ø—Ä–∏—è—Ç–Ω–∞—è –¥–µ–≤—É—à–∫–∞.",positive
"–í —Å—É—à–∏ –±—ã–ª–∞ –≤–æ—Ä—Å–∏–Ω–∫–∞, —Å–∞–º–∏ —Å—É—à–∏ –º–∞–ª–µ–Ω—å–∫–∏–µ –∏ –Ω–µ–∞–ø–ø–µ—Ç–∏—Ç–Ω—ã–µ",negative
–í–∫—É—Å—Ç–Ω–æ,positive
–ë—ã–ª–∏ —Å –∂–µ–Ω–æ–π –Ω–∞ –≤—Ç–æ—Ä–æ–º —ç—Ç–∞–∂–µ —Ö–æ–ª–æ–¥–Ω–æ(( –º—ã –∏ –¥—Ä—É–≥–∏–µ –∂–∞–ª–æ–≤–∞–ª–∏—Å—å –Ω–∞ —ç—Ç–æ –Ω–æ –Ω–∏—á–µ–≥–æ —Ç–∞–∫ –∏ –Ω–µ –∏–∑–º–µ–Ω–∏–ª–æ—Å—å. –£ –Ω–∏—Ö –æ–∫–Ω–∞ –Ω–∞ –∞–≤—Ç–æ–º–∞—Ç–∏–∫–µ –∏ –æ–Ω–∏ –æ—Ç–∫—Ä—ã–≤–∞—é—Ç—Å—è( –±—ã–ª–æ –≤–∫—É—Å–Ω–æ –≤–∑—è–ª–∏ —Å–µ—Ç. –ö–æ–ª–ª–∞ –¥–æ—Ä–æ–≥–∞—è 1300 —Ç–µ–Ω–≥–µ. –ù–∞ –≤—ã–Ω–æ—Å –¥–µ—à–µ–≤–ª–µ –∏ –∫–æ–ª–ª–∞ –µ—â—ë –≤ –ø–æ–¥–∞—Ä–æ–∫.,negative
–°–ø–∞—Å–∏–±–æ –ï—Ä–¥–µ–Ω—É –∑–∞ –æ–±—Å–ª—É–∂–∏–≤–∞–Ω–∏–µ üôåüèª,positive
"–ü–æ–æ–±–µ–¥–∞–ª–∞ –≤ –≤–∞—à–µ–º –∑–∞–≤–µ–¥–µ–Ω–∏–∏, –≤—Å–µ –æ—á–µ–Ω—å –≤–∫—É—Å–Ω–æ, –∫—Ä–∞—Å–∏–≤–æ –∏ —á–∏—Å—Ç–æ. –û–±—Å–ª—É–∂–∏–≤–∞–ª –æ—Ñ–∏—Ü–∏–∞–Ω—Ç –ï—Ä–¥–µ–Ω , –ø—Ä–∏–≤–µ—Ç–ª–∏–≤—ã–π –∏ —à—É—Å—Ç—Ä—ã–π. –°–ø–∞—Å–∏–±–æ , –ø–æ–±–æ–ª—å—à–µ –±—ã —Ç–∞–∫–∏—Ö –∑–∞–≤–µ–¥–µ–Ω–∏–π) –¥–æ–≤–æ–ª—å–Ω–∞ –≤ –æ–±—â–µ–ºü´∂",positive
Okadzaki –º–µ–π—Ä–∞–º—Ö–∞–Ω–∞—Å—ã –æ—Ç–µ –∫–µ—Ä–µ–º–µ—Ç üëçüëç—Ç–∞–º–∞–∫—Ç–∞—Ä—ã –¥–∞–º–¥–∏ –æ–±—Å–ª—É–∂–∏–≤–∞–Ω–∏–µ –æ—Ç–µ –∂–∞–∫—Å—ã –∂–∞–Ω–µ –∂—ã–ª–¥–∞–º üëç–¢–∞–ª—à—ã–Ω –æ—Ñ–∏—Ü–∏–∞–Ω—Ç–∫–∞ –æ—Ç–µ –∂–æ–≥–∞—Ä—ã –¥–µ–Ω–≥–µ–π–¥–µ –∫—ã–∑–º–µ—Ç –∫–æ—Ä—Å–µ—Ç—Ç–∏ ü´∞—Ä–∞—Ö–º–µ–µ—Ç,positive
"–ú–µ–π—Ä–∞–º—Ö–∞–Ω–∞ ”©—Ç–µ –¥”ô–º–¥—ñ ”ô—Ä—ñ –∂–∞–π–ª—ã. “ö—ã–∑–º–µ—Ç –∫”©—Ä—Å–µ—Ç—É –∂–æ“ì–∞—Ä—ã –¥–µ“£–≥–µ–π–¥–µ, –ù“±—Ä–¥–∏—è—Ä –¥–µ–≥–µ–Ω –æ—Ñ–∏—Ü–∏–∞–Ω—Ç ”©—Ç–µ –∂–∞“õ—Å—ã –æ–±—Å–ª—É–∂–∫–∞ –∂–∞—Å–∞–¥—ã –∂”ô–Ω–µ –∫”©–º–µ–∫—Ç–µ—Å—É–≥–µ –¥–∞–π—ã–Ω –±–æ–ª–¥—ã.",positive
"–ù“±—Ä–∂—ñ–≥—ñ—Ç ”©—Ç–µ –∂—ã–ª—ã —à—ã—Ä–∞–π–ª—ã, “õ—ã–∑–º–µ—Ç –∫”©—Ä—Å–µ—Ç—É —Å–∞–ø–∞—Å—ã –∫–µ—Ä–µ–º–µ—Ç –±–æ–ª–¥—ã. –¢–∞–º–∞“õ—Ç–∞—Ä –∂—ã–ª–¥–∞–º ”ô—Ä—ñ –¥”ô–º–¥—ñ –∂–µ—Ç–∫—ñ–∑—ñ–ª–¥—ñ. –ñ–∞–ª–ø—ã, –∞—Ç–º–æ—Å—Ñ–µ—Ä–∞—Å—ã ”©—Ç–µ –∂–∞–π–ª—ã ”ô—Ä—ñ –∫”©“£—ñ–ª-–∫“Ø–π –∫”©—Ç–µ—Ä–µ—Ç—ñ–Ω–¥–µ–π –±–æ–ª–¥—ã. –ë–∞—Ä–ª—ã“õ ”©—Ç—ñ–Ω—ñ—à—Ç–µ—Ä—ñ–º—ñ–∑–¥—ñ –∫”©“£—ñ–ª –±”©–ª–µ –æ—Ä—ã–Ω–¥–∞–ø, –±—ñ–∑–¥—ñ “õ“±—Ä–º–µ—Ç–ø–µ–Ω “õ–∞–±—ã–ª–¥–∞–¥—ã. –†–∞—Ö–º–µ—Ç!",positive
"”®—Ç–µ –∫–µ—Ä–µ–º–µ—Ç –∂–µ—Ä, —Ç–∞–º–∞“ì—ã –¥”ô–º–¥—ñ, “õ—ã–∑–º–µ—Ç –∫”©—Ä—Å–µ—Ç—É—ñ –∂–∞“õ—Å—ã, –æ—Ñ–∏—Ü–∏–∞–Ω—Ç –ù“±—Ä–∂—ñ–≥—ñ—Ç –¥–µ–≥–µ–Ω –±–∞–ª–∞ –∂–∞“õ—Å—ã “õ—ã–∑–º–µ—Ç –∫”©—Ä—Å–µ—Ç—Ç—ñ, —ñ—à—ñ ”©—Ç–µ –∫–µ—Ä–µ–º–µ—Ç –∂–µ—Ä –µ–∫–µ–Ω –±–∞—Ä–ª—ã“ì—ã “õ–∞—Ç—Ç—ã “±–Ω–∞–¥—ãüëçüëç",positive
"‚ÄúOkadzaki –Ω–∞ –†–æ–∑—ã–±–∞–∫–∏–µ–≤–∞ 336 ‚Äì —ç—Ç–æ –Ω–µ –ø—Ä–æ—Å—Ç–æ —Ä–µ—Å—Ç–æ—Ä–∞–Ω, —ç—Ç–æ –ø–æ—Ä—Ç–∞–ª –≤ –≥–∞—Å—Ç—Ä–æ–Ω–æ–º–∏—á–µ—Å–∫–∏–π –¥–∑–µ–Ω!

–ó–∞—à–µ–ª –ø–æ–µ—Å—Ç—å ‚Äì –≤—ã—à–µ–ª –ø—Ä–æ—Å–≤–µ—Ç–ª–µ–Ω–Ω—ã–º. –ö–∞–∂–¥–æ–µ –±–ª—é–¥–æ –±—É–¥—Ç–æ —Å–æ–∑–¥–∞–Ω–æ —à–µ—Ñ–æ–º, –ø—Ä–æ—à–µ–¥—à–∏–º —Å–µ–∫—Ä–µ—Ç–Ω–æ–µ –æ–±—É—á–µ–Ω–∏–µ —É —Å–∞–º—É—Ä–∞–µ–≤ –≤–∫—É—Å–∞. –°—É—à–∏ ‚Äì –∏–¥–µ–∞–ª—å–Ω—ã, —Ä–æ–ª–ª—ã ‚Äì –∫–∞–∫ –∏—Å–∫—É—Å—Å—Ç–≤–æ, –∞—Ç–º–æ—Å—Ñ–µ—Ä–∞ ‚Äì —Å–ª–æ–≤–Ω–æ —Ç—ã –≤ —Å–µ—Ä–¥—Ü–µ –¢–æ–∫–∏–æ, –Ω–æ –±–µ–∑ –≤–∏–∑—ã.

–ù–æ –≥–ª–∞–≤–Ω–∞—è –∑–≤–µ–∑–¥–∞ –≤–µ—á–µ—Ä–∞ ‚Äì –æ—Ñ–∏—Ü–∏–∞–Ω—Ç –ù—É—Ä–∂–∏–≥–∏—Ç. –≠—Ç–æ—Ç —á–µ–ª–æ–≤–µ–∫ –Ω–µ –ø—Ä–æ—Å—Ç–æ –ø—Ä–∏–Ω–æ—Å–∏—Ç –µ–¥—É, –æ–Ω –¥–µ–ª–∞–µ—Ç —ç—Ç–æ —Å —Ç–∞–∫–∏–º —É–≤–∞–∂–µ–Ω–∏–µ–º –∏ –≥—Ä–∞—Ü–∏–µ–π, —á—Ç–æ —è —á—É—Ç—å –Ω–µ –ø–æ–∫–ª–æ–Ω–∏–ª—Å—è –µ–º—É –≤ –æ—Ç–≤–µ—Ç. –í–Ω–∏–º–∞—Ç–µ–ª—å–Ω–æ—Å—Ç—å, —Å–∫–æ—Ä–æ—Å—Ç—å, —É–ª—ã–±–∫–∞ ‚Äì —É—Ä–æ–≤–µ–Ω—å ¬´–ü—Ä–µ–º–∏—É–º+¬ª.

–ï—Å–ª–∏ —Ç—ã –µ—â–µ –Ω–µ –±—ã–ª –≤ Okadzaki ‚Äì —Å—á–∏—Ç–∞–π, —á—Ç–æ –∂–∏–ª –∑—Ä—è. –ò—Å–ø—Ä–∞–≤–ª—è–π –æ—à–∏–±–∫—É!‚Äù",positive
"–≠—Ç–æ –∫–æ–Ω–µ—á–Ω–æ –±—ã–ª–æ —Ç—Ä–µ—à... –í–µ—á–µ—Ä –±—ã–ª –∏—Å–ø–æ—Ä—á–µ–Ω, —Å–ø–∞—Å–∏–±–æ... –ö–æ–º—É –Ω–µ –ø–æ–Ω—è—Ç–Ω–æ, —Ç–∞–º –ø—Ä–∏–ª–∏–ø—à–∏–π –í–û–õ–û–°..",negative
"–ø–æ—Å—Ç–æ—è–Ω–Ω–æ –∑–∞–∫–∞–∑—ã–≤–∞–µ–º —Å–µ—Ç—ã –æ—á–µ–Ω—å –≤–∫—É—Å–Ω—ã–µ
üëçüèª",positive
–û—Ç–ª–∏—á–Ω—ã–π —Å–µ—Ä–≤–∏—Å –∏ –µ–¥–∞! –û—á–µ–Ω—å —É—é—Ç–Ω–æ,positive
"–î–µ–ª–∞–ª–∞ –∑–∞–∫–∞–∑ —á–µ—Ä–µ–∑ Wolt, –≤—Å–µ –Ω–µ—Å–≤–µ–∂–µ–µ, –µ—Å—Ç—å –Ω–µ –≤–æ–∑–º–æ–∂–Ω–æ, –≤ –ø–∏—Ü—Ü–µ –ø–µ–ø–ø–µ—Ä–æ–Ω–∏ —Å–æ —Å—Ç—Ä–∞–Ω–Ω—ã–º –ø—Ä–∏–≤–∫—É—Å–æ–º —Ç–∞–∫–∂–µ –∫–∞–∫ –∏ –≤ –§–∏–ª–∞–¥–µ–ª—å—Ñ–∏–π —Ä—ã–±–∞ , —è –¥–µ–ª–∞–ª–∞ –∑–∞–∫–∞–∑ –Ω–µ –¥–ª—è —Ç–æ–≥–æ —á—Ç–æ–±—ã –≤—ã–∫–∏–Ω—É—Ç—å –≤ –º—É—Å–æ—Ä. –ó–∞–∫–∞–∑—ã–≤–∞—é –Ω–µ –≤–ø–µ—Ä–≤—ã–µ, –Ω–æ —Ç–∞–∫–æ–π –æ—Ç–≤—Ä–∞—Ç–∏—Ç–µ–ª—å–Ω—ã–π –∑–∞–∫–∞–∑ –∏ –∫–∞—á–µ—Å—Ç–≤–æ –≤ –ø–µ—Ä–≤—ã–π —Ä–∞–∑! –ë–æ–ª—å—à–µ –Ω–µ –±—É–¥–µ–º –∑–∞–∫–∞–∑—ã–≤–∞—Ç—å –∏ –≤–∞–º –Ω–µ —Å–æ–≤–µ—Ç—É—é, –ø–æ–ø—Ä–æ–±–æ–≤–∞–ª–∏ –∏ –Ω–µ —Å—Ç–∞–ª–∏ –µ—Å—Ç—å, —Ç–∞–∫ –∫–∞–∫ –æ—Ç—Ä–∞–≤–ª–µ–Ω–∏–µ –±—ã–ª–æ –±—ã üíØ –∑–∞–∫–∞–∑ –±—ã–ª –ø–æ–≤—Ä–µ–∂–¥–µ–Ω, –Ω–æ —ç—Ç–æ —É–∂–µ –≤–∏–Ω–∞ –∫—É—Ä—å–µ—Ä–∞. –ï–¥–∏–Ω—Å—Ç–≤–µ–Ω–Ω—ã–µ —Ç–µ–ø–ª—ã–µ —Ä–æ–ª–ª—ã –±—ã–ª–∏ –Ω–æ—Ä–º–∞–ª—å–Ω—ã–º–∏ –Ω–∞ –≤–∫—É—Å ü§∑‚Äç‚ôÄÔ∏è",negative
–°—É–ø–µ—Ä –≤–∫—É—Å–Ω–æ,positive
"–ë–∞—Ä–¥—ã–º ”©—Ç–µ –∫–µ—Ä–µ–º–µ—Ç –°—É—à–∏ –¥–∞ –ø–∏—Ü—Ü–∞—Å—ã–¥–∞ –∫–µ—Ä–µ–º–µ—Ç —Å–∞–±–æ–π —Å—É—à–∏ –∞–ª–≥–∞–º 3 —Ç“Ø—Ä–ª—ñ —Å–æ—É—Å—ã–Ω–¥–∞ —Å–∞–ª—ã–ø –∂–±–µ—Ä–¥—ñ —Å–æ–≤–µ—Ç—É—é –±–∞—Ä—É–≥–∞, –ª–∏–º–∞–Ω–∞–¥—Ç–∞—Ä—ã–¥–∞ —Å–æ–∑ –∂–æ–∫ –†–∞—Ö–º–µ—Ç –ø—Ä–æ—Å—Ç–æ –≤–∞—É",positive
"–û—á–µ–Ω—å –ø–æ–Ω—Ä–∞–≤–∏–ª–æ—Å—å, –≤—Å—ë –≤–∫—É—Å–Ω–æ, –≤–µ–∂–ª–∏–≤—ã–π –ø–µ—Ä—Å–æ–Ω–∞–ª ,–∫—Ä–∞—Å–∏–≤–æ –∏ —É—é—Ç–Ω–æ,–ø–æ—Å—Ç–∞—Ä–∞–µ–º—Å—è —á–∞—â–µ –ø—Ä–∏—Ö–æ–¥–∏—Ç—å –∫ –≤–∞–º",positive
"–•–æ—á—É –≤—ã—Ä–∞–∑–∏—Ç—å –±–æ–ª—å—à—É—é –±–ª–∞–≥–æ–¥–∞—Ä–Ω–æ—Å—Ç—å –æ—Ñ–∏—Ü–∏–∞–Ω—Ç—É –ï—Ä–¥–µ–Ω—É.
–û–±—Å–ª—É–∂–∏–≤–∞–Ω–∏–µ –±—ã–ª–æ –Ω–∞ –≤—ã—Å—à–µ–º –∫–ª–∞—Å—Å–µ.
–ù–∞—Å—á–µ—Ç –∫–∞—Ñ–µ,–æ—á–µ–Ω—å –∫–æ–º—Ñ–æ—Ä—Ç–Ω–æ–µ –º–µ—Å—Ç–æ –¥–ª—è –æ—Ç–¥—ã—Ö–∞ –∏ –¥–ª—è —Ç–æ–≥–æ —á—Ç–æ–±—ã –≤–∫—É—Å–Ω–æ –ø–æ–µ—Å—Ç—å.",positive
"–®–∏–∫–∞—Ä–Ω–æ–µ –∫–∞—á–µ—Å—Ç–≤–æ, —É–ø–∞–∫–æ–≤–∫–∞ –∏ –¥–æ—Å—Ç–∞–≤–∫–∞ –æ—Ç–ª–∏—á–Ω–æ –ª–∏—à—å –±—ã –Ω–µ —Å–≥–ª–∞–∑–∏—Ç—å)
–°–æ–≤–µ—Ç—É—é!!!",positive
"–ó–∞–≤–µ–¥–µ–Ω–∏–µ –æ—á–µ–Ω—å –º–∏–ª–æ–µ!–≤–∫—É—Å–Ω–∞—è –µ–¥–∞,—Ö–æ—Ä–æ—à–µ–µ –æ–±—Å–ª—É–∂–∏–≤–∞–Ω–∏–µ -–¢–∞–ª—à—ã–Ω –æ—Ç–¥–µ–ª—å–Ω–æ–µ —Å–ø–∞—Å–∏–±–æ))",positive
–ó–∞–≤—Ç—Ä–∞–∫–∏ –Ω–µ –≤–∫—É—Å–Ω—ã–µ –∏ —Ö–æ–ª–æ–¥–Ω—ã–µ! –û—Ñ–∏—Ü–∏–∞–Ω—Ç—ã –º–µ–¥–ª–µ–Ω–Ω—ã–µ –∏ –∑–∞–±—ã–≤–∞—é—Ç –∑–∞–∫–∞–∑!–ë–æ–ª—å—à–µ –Ω–µ –ø—Ä–∏–¥–µ–ºüò† —á–µ–∫ –ø—Ä–∏–∫—Ä–µ–ø–∏–ª–∞,negative
–û—Ñ–∏—Ü–∏–∞–Ω—Ç –ë–µ–∫—Å—É–ª—Ç–∞–Ω –æ—Ç–ª–∏—á–Ω—ã–π –ø–∞—Ä–µ–Ω—å,positive
"–û—á–µ–Ω—å –≤—Å–µ –ø–æ–Ω—Ä–∞–≤–∏–ª–æ—Å—å!–û—á–µ–Ω—å –≤–∫—É—Å–Ω–æ!–û–±—Å–ª—É–∂–∏–≤–∞–ª –ë–µ–∫—Å—É–ª—Ç–∞–Ω,–º–æ–ª–æ–¥–µ—Ü,—Å—É–ø–µ—Ä!–í—Å–µ –Ω–∞ –≤—ã—Å—à–µ–º —É—Ä–æ–≤–Ω–µüëç",positive
"–ë—ã–ª –∑–¥–µ—Å—å –≤–ø–µ—Ä–≤—ã–µ, –Ω–æ —Ç–æ—á–Ω–æ –≤–µ—Ä–Ω—É—Å—å. –ê—Ç–º–æ—Å—Ñ–µ—Ä–∞ —É—é—Ç–Ω–∞—è. –ï–¥–∞ –≤–∫—É—Å–Ω–∞—è, –ø–æ–¥–∞—á–∞ –∫—Ä–∞—Å–∏–≤–∞—è.

–û—Ç–¥–µ–ª—å–Ω–æ–µ —Å–ø–∞—Å–∏–±–æ –æ—Ñ–∏—Ü–∏–∞–Ω—Ç—É –ë–µ–∫—Å—É–ª—Ç–∞–Ω –∫–æ—Ç–æ—Ä—ã–π –±—ã–ª –æ—á–µ–Ω—å –≤–µ–∂–ª–∏–≤, –±—ã—Å—Ç—Ä–æ –ø—Ä–∏–Ω–∏–º–∞–ª –∑–∞–∫–∞–∑ –∏ –ø–æ–º–æ–≥ —Å –≤—ã–±–æ—Ä–æ–º. –í–∏–¥–Ω–æ, —á—Ç–æ —á–µ–ª–æ–≤–µ–∫ —Ä–∞–±–æ—Ç–∞–µ—Ç —Å –¥—É—à–æ–π.

–¶–µ–Ω—ã –∞–¥–µ–∫–≤–∞—Ç–Ω—ã–µ, –æ–±—Å–ª—É–∂–∏–≤–∞–Ω–∏–µ –Ω–∞ –≤—ã—Å–æ—Ç–µ. –†–µ–∫–æ–º–µ–Ω–¥—É—é!",positive
"–ü–æ—Å–µ—Ç–∏–ª –∑–∞–≤–µ–¥–µ–Ω–∏–µ –∏ –æ—Å—Ç–∞–ª—Å—è –ø–æ–¥ –ø—Ä–∏—è—Ç–Ω—ã–º –≤–ø–µ—á–∞—Ç–ª–µ–Ω–∏–µ–º! –ê—Ç–º–æ—Å—Ñ–µ—Ä–∞ –Ω–∞ –≤—Ç–æ—Ä–æ–º —ç—Ç–∞–∂–µ –æ—Å–æ–±–µ–Ω–Ω–æ —É—é—Ç–Ω–∞—è: —Ç–∏—Ö–æ, –∫–æ–º—Ñ–æ—Ä—Ç–Ω–æ, –º–æ–∂–Ω–æ —Å–ø–æ–∫–æ–π–Ω–æ –Ω–∞—Å–ª–∞–¥–∏—Ç—å—Å—è –≤–µ—á–µ—Ä–æ–º. –û–±—Å–ª—É–∂–∏–≤–∞–Ω–∏–µ –Ω–∞ –≤—ã—Å—à–µ–º —É—Ä–æ–≤–Ω–µ ‚Äî –æ—Ñ–∏—Ü–∏–∞–Ω—Ç—ã –≤–Ω–∏–º–∞—Ç–µ–ª—å–Ω—ã–µ, –≤–µ–∂–ª–∏–≤—ã–µ –∏ —Ö–æ—Ä–æ—à–æ –∑–Ω–∞—é—Ç —Å–≤–æ—é —Ä–∞–±–æ—Ç—É.

–û—Ç–¥–µ–ª—å–Ω–æ–µ —Å–ø–∞—Å–∏–±–æ –æ—Ñ–∏—Ü–∏–∞–Ω—Ç—É –ï—Ä–¥–µ–Ω—É! –û—á–µ–Ω—å –ø—Ä–æ—Ñ–µ—Å—Å–∏–æ–Ω–∞–ª—å–Ω—ã–π, –¥—Ä—É–∂–µ–ª—é–±–Ω—ã–π –∏ –æ—Ç–∑—ã–≤—á–∏–≤—ã–π. –û–Ω –Ω–µ —Ç–æ–ª—å–∫–æ –±—ã—Å—Ç—Ä–æ –ø—Ä–∏–Ω—è–ª –∑–∞–∫–∞–∑, –Ω–æ –∏ –ø–æ–º–æ–≥ —Å –≤—ã–±–æ—Ä–æ–º –±–ª—é–¥, –ø–æ–¥—Ä–æ–±–Ω–æ —Ä–∞—Å—Å–∫–∞–∑–∞–≤ –æ –∫–∞–∂–¥–æ–º. –í–∏–¥–Ω–æ, —á—Ç–æ —á–µ–ª–æ–≤–µ–∫ –¥–µ–π—Å—Ç–≤–∏—Ç–µ–ª—å–Ω–æ —Ä–∞–∑–±–∏—Ä–∞–µ—Ç—Å—è –≤ —Å–≤–æ–µ–º –¥–µ–ª–µ.

–û–±—è–∑–∞—Ç–µ–ª—å–Ω–æ –≤–µ—Ä–Ω—É—Å—å —Å—é–¥–∞ —Å–Ω–æ–≤–∞!",positive
"–•–æ—Ä–æ—à–µ–µ –∑–∞–≤–µ–¥–µ–Ω–∏–µ —Å –ø—Ä–∏—è—Ç–Ω–æ–π –∞—Ç–º–æ—Å—Ñ–µ—Ä–æ–π –∏ –¥–æ—Å—Ç–æ–π–Ω—ã–º —Å–µ—Ä–≤–∏—Å–æ–º. –û–±—Å–ª—É–∂–∏–≤–∞–Ω–∏–µ –≤–µ–∂–ª–∏–≤–æ–µ –∏ –Ω–µ–Ω–∞–≤—è–∑—á–∏–≤–æ–µ, –≤—Å–µ –ø–æ–¥–∞—é—Ç –±—ã—Å—Ç—Ä–æ.

–û—Ç–¥–µ–ª—å–Ω–æ–µ —Å–ø–∞—Å–∏–±–æ –æ—Ñ–∏—Ü–∏–∞–Ω—Ç—É –ï—Ä–¥–µ–Ω—É ‚Äî —Ç–æ–ª–∫–æ–≤—ã–π –ø–∞—Ä–µ–Ω—å, –∑–Ω–∞–µ—Ç —Å–≤–æ—é —Ä–∞–±–æ—Ç—É –∏ –≤—Å–µ–≥–¥–∞ –≥–æ—Ç–æ–≤ –ø–æ–º–æ—á—å —Å –≤—ã–±–æ—Ä–æ–º.

–í —Ü–µ–ª–æ–º, –º–µ—Å—Ç–æ –æ—Å—Ç–∞–≤–∏–ª–æ –ø—Ä–∏—è—Ç–Ω–æ–µ –≤–ø–µ—á–∞—Ç–ª–µ–Ω–∏–µ, –¥—É–º–∞—é, –∑–∞–≥–ª—è–Ω—É –µ—â–µ —Ä–∞–∑.",positive
"–£—é—Ç–Ω–æ–µ –º–µ—Å—Ç–æ, –æ–±—Å–ª—É–∂–∏–≤–∞–Ω–∏–µ —Ö–æ—Ä–æ—à–µ–µ.

–°–ø–∞—Å–∏–±–æ –æ—Ñ–∏—Ü–∏–∞–Ω—Ç—É –ï—Ä–¥–µ–Ω—É ‚Äî –≤–Ω–∏–º–∞—Ç–µ–ª—å–Ω—ã–π –∏ –ø—Ä–æ—Ñ–µ—Å—Å–∏–æ–Ω–∞–ª—å–Ω—ã–πüëçüèª",positive
"–≠—Ç–æ –∑–∞–≤–µ–¥–µ–Ω–∏–µ ‚Äî –Ω–∞—Å—Ç–æ—è—â–µ–µ –æ—Ç–∫—Ä—ã—Ç–∏–µ! –ê—Ç–º–æ—Å—Ñ–µ—Ä–∞ —Ä–∞—Å–ø–æ–ª–∞–≥–∞–µ—Ç –∫ –æ—Ç–¥—ã—Ö—É, –æ–±—Å–ª—É–∂–∏–≤–∞–Ω–∏–µ –Ω–∞ –≤—ã—Å—à–µ–º —É—Ä–æ–≤–Ω–µ, –∞ –∫—É—Ö–Ω—è ‚Äî –ø—Ä–æ—Å—Ç–æ –≤–æ—Å—Ö–∏—Ç–∏—Ç–µ–ª—å–Ω–∞—è. –ó–¥–µ—Å—å —á—É–≤—Å—Ç–≤—É–µ—à—å —Å–µ–±—è –∂–µ–ª–∞–Ω–Ω—ã–º –≥–æ—Å—Ç–µ–º —Å –ø–µ—Ä–≤–æ–π –º–∏–Ω—É—Ç—ã.

–û—Å–æ–±–∞—è –±–ª–∞–≥–æ–¥–∞—Ä–Ω–æ—Å—Ç—å –æ—Ñ–∏—Ü–∏–∞–Ω—Ç—É –ï—Ä–¥–µ–Ω—É! –≠—Ç–æ—Ç —á–µ–ª–æ–≤–µ–∫ –Ω–µ –ø—Ä–æ—Å—Ç–æ –ø—Ä–∏–Ω–æ—Å–∏—Ç –∑–∞–∫–∞–∑—ã, –∞ —Å–æ–∑–¥–∞–µ—Ç –Ω–∞—Å—Ç—Ä–æ–µ–Ω–∏–µ –≤–µ—á–µ—Ä–∞. –í–Ω–∏–º–∞—Ç–µ–ª—å–Ω—ã–π, –ø—Ä–æ—Ñ–µ—Å—Å–∏–æ–Ω–∞–ª—å–Ω—ã–π, —Å –æ—Ç–ª–∏—á–Ω—ã–º –∑–Ω–∞–Ω–∏–µ–º –º–µ–Ω—é –∏ –∏—Å–∫—Ä–µ–Ω–Ω–∏–º –∂–µ–ª–∞–Ω–∏–µ–º —Å–¥–µ–ª–∞—Ç—å –≤–∏–∑–∏—Ç –≥–æ—Å—Ç–µ–π –º–∞–∫—Å–∏–º–∞–ª—å–Ω–æ –∫–æ–º—Ñ–æ—Ä—Ç–Ω—ã–º.

–°—é–¥–∞ —Ö–æ—á–µ—Ç—Å—è –≤–æ–∑–≤—Ä–∞—â–∞—Ç—å—Å—è —Å–Ω–æ–≤–∞ –∏ —Å–Ω–æ–≤–∞",positive
"–ü—Ä–µ–∫—Ä–∞—Å–Ω–æ–µ –∑–∞–≤–µ–¥–µ–Ω–∏–µ —Å —É—é—Ç–Ω–æ–π –∞—Ç–º–æ—Å—Ñ–µ—Ä–æ–π –∏ –≤—ã—Å–æ–∫–∏–º —É—Ä–æ–≤–Ω–µ–º —Å–µ—Ä–≤–∏—Å–∞! –ó–¥–µ—Å—å –∫–æ–º—Ñ–æ—Ä—Ç–Ω–æ, –ø—Ä–∏—è—Ç–Ω–æ –Ω–∞—Ö–æ–¥–∏—Ç—å—Å—è –∏ –º–æ–∂–Ω–æ –ø–æ-–Ω–∞—Å—Ç–æ—è—â–µ–º—É —Ä–∞—Å—Å–ª–∞–±–∏—Ç—å—Å—è.

–û–±—Å–ª—É–∂–∏–≤–∞–Ω–∏–µ –Ω–∞ –≤—ã—Å—à–µ–º —É—Ä–æ–≤–Ω–µ! –û—Ñ–∏—Ü–∏–∞–Ω—Ç—ã –≤–µ–∂–ª–∏–≤—ã–µ, –≤–Ω–∏–º–∞—Ç–µ–ª—å–Ω—ã–µ –∏ –±—ã—Å—Ç—Ä–æ —Ä–µ–∞–≥–∏—Ä—É—é—Ç –Ω–∞ –ø—Ä–æ—Å—å–±—ã –≥–æ—Å—Ç–µ–π. –û—Ç–¥–µ–ª—å–Ω–∞—è –±–ª–∞–≥–æ–¥–∞—Ä–Ω–æ—Å—Ç—å –æ—Ñ–∏—Ü–∏–∞–Ω—Ç—É –ï—Ä–¥–µ–Ω—É ‚Äî –Ω–∞—Å—Ç–æ—è—â–∏–π –ø—Ä–æ—Ñ–µ—Å—Å–∏–æ–Ω–∞–ª! –ì—Ä–∞–º–æ—Ç–Ω–æ –∫–æ–Ω—Å—É–ª—å—Ç–∏—Ä—É–µ—Ç –ø–æ –º–µ–Ω—é, —É—á–∏—Ç—ã–≤–∞–µ—Ç –ø–æ–∂–µ–ª–∞–Ω–∏—è –≥–æ—Å—Ç–µ–π –∏ –æ—Å—Ç–∞–≤–ª—è–µ—Ç —Ç–æ–ª—å–∫–æ –ø–æ–ª–æ–∂–∏—Ç–µ–ª—å–Ω—ã–µ –≤–ø–µ—á–∞—Ç–ª–µ–Ω–∏—è.

–û–±—è–∑–∞—Ç–µ–ª—å–Ω–æ –≤–µ—Ä–Ω—É—Å—å —Å—é–¥–∞ —Å–Ω–æ–≤–∞ –∏ –±—É–¥—É —Ä–µ–∫–æ–º–µ–Ω–¥–æ–≤–∞—Ç—å –¥—Ä—É–∑—å—è–º!",positive
"–ù–∞ —É–¥–∏–≤–ª–µ–Ω–∏–µ, –∑–∞–≤–µ–¥–µ–Ω–∏–µ –¥–µ–π—Å—Ç–≤–∏—Ç–µ–ª—å–Ω–æ –≤—ã—Å–æ–∫–æ–≥–æ —É—Ä–æ–≤–Ω—è, –æ—Å–æ–±–µ–Ω–Ω–æ –Ω–∞ –≤—Ç–æ—Ä–æ–º —ç—Ç–∞–∂–µ! –ê—Ç–º–æ—Å—Ñ–µ—Ä–∞ –∑–¥–µ—Å—å —Ç–∏—Ö–∞—è –∏ —É—é—Ç–Ω–∞—è, –∞ –æ—Ñ–∏—Ü–∏–∞–Ω—Ç—ã ‚Äî –≤–µ–∂–ª–∏–≤—ã–µ, –≤–Ω–∏–º–∞—Ç–µ–ª—å–Ω—ã–µ –∏ –ø—Ä–æ—Ñ–µ—Å—Å–∏–æ–Ω–∞–ª—å–Ω—ã–µ.

–û—Ç–¥–µ–ª—å–Ω–∞—è –±–ª–∞–≥–æ–¥–∞—Ä–Ω–æ—Å—Ç—å –æ—Ñ–∏—Ü–∏–∞–Ω—Ç—É –ï—Ä–¥–µ–Ω—É ‚Äî –≤–∏–¥–Ω–æ, —á—Ç–æ –ø–∞—Ä–µ–Ω—å —Ç–æ–ª–∫–æ–≤—ã–π –∏ –æ—Ç–ª–∏—á–Ω–æ –∑–Ω–∞–µ—Ç —Å–≤–æ—é —Ä–∞–±–æ—Ç—É!",positive
"–ë”ô—Ä—ñ “±–Ω–∞–¥—ã , –ù“±—Ä–∂—ñ–≥—ñ—Ç –¥–µ–≥–µ–Ω –∂—ñ–≥—ñ—Ç–∫–µ —Ä–∞—Ö–º–µ—Ç !",positive
–°–ø–∞—Å–∏–±–æ –ê—è—É–ª—ã–º –∑–∞ –ø—Ä–∏—è—Ç–Ω–æ–µ –æ–±—Å–ª—É–∂–∏–≤–∞–Ω–∏–µ üòá –∏ –∑–¥–µ—Å—å –æ—á–µ–Ω—å –≤–∫—É—Å–Ω—ã–µ –±–ª—é–¥–∞üòã!,positive
–¥–æ–±—Ä—ã–π –¥–µ–Ω—å —á–∏—Ç–∞—Ç–µ–ª–∏ –æ—á–µ–Ω—å –ø—Ä–∏—è—Ç–Ω–æ–µ –º–µ—Å—Ç–æ –Ω–æ —Å–≤–æ–∏—Ö —Ü–µ–Ω —è –¥—É–º–∞—é –Ω–µ —Å—Ç–æ–∏—Ç –º–æ–∂–Ω–æ –∏ –≤ –¥—Ä—É–≥–æ–º –º–µ—Å—Ç–µ –ø–æ –∫—É—à–∞—Ç—å —Ç–∞–∫ –∫–∞–∫ –≤–∑—è–ª–∏ –¢–æ–º –Ø–º —Ç–∞–º –∫—Ä–æ–º–µ –∫—Ä–µ–≤–µ—Ç–æ–∫ –æ—Å–æ–±–æ –Ω–∏—á–µ–≥–æ –Ω–µ—Ç –Ω–µ —Å—Ç–æ–∏—Ç —Å—É—à–∏ –¥–∞ –±–æ–ª—å—à–∏–µ –Ω–æ —Ö–æ–ª–æ–¥–Ω—ã–µ —Ç–∞–∫ —Å–µ–±–µ –æ–¥–∏–Ω —Ä–∞–∑ –º–æ–∂–Ω–æ –ø–æ–ø—Ä–æ–±–æ–≤–∞—Ç—å,negative
–†–∞“õ–º–µ—Ç –¥”ô–º–¥—ñ –∞—Å–ø–µ–Ω ”ô—Ä—ñ –∫—ñ—à—ñ–ø–µ–π—ñ–ª “õ—ã–∑–º–µ—Ç–∫–µ—Ä–ª–µ—Ä—ñ–º–µ–Ω “õ—É–∞–Ω—Ç—Ç—ã!ü§ó,positive
"–ë—ã–ª —Ç—É—Ç —Å –¥–µ–≤—É—à–∫–æ–π –æ—á–µ–Ω—å –ø–æ–Ω—Ä–∞–≤–∏–ª–æ—Å—å,–ê–¥–º–∏–Ω–∏—Å—Ç—Ä–∞—Ç–æ—Ä –†–∞—Ö–∞—Ç –ø–æ–¥—Å–∫–∞–∑–∞–ª –ø–æ–º–æ–≥ —Å –º–µ–Ω—é –∏ –≤—ã–±–æ—Ä–æ–º, –æ–±—Å–ª—É–∂–∏–≤–∞–Ω–∏–µ –∏ —Å–µ—Ä–≤–∏—Å –Ω–∞ –≤—ã—Å—à–µ–º —É—Ä–æ–≤–Ω–µ üëçüèªü´∂üèª",positive
"–ü—Ä–∏—à–ª–∏ –ø–æ–∑–∞–≤—Ç—Ä–∞–∫–∞—Ç—å —Å —Å–µ–º—å–µ–π, –Ω–æ –≤ –∏—Ç–æ–≥–µ –æ—Å—Ç–∞–ª–∏—Å—å –≥–æ–ª–æ–¥–Ω—ã–µ.
1. –ó–∞–∫–∞–∑ –∂–¥–∞–ª–∏ –æ–∫–æ–ª–æ —á–∞—Å–∞.
2. –ó–∞–≤—Ç—Ä–∞–∫–∏ –±—ã–ª–∏ —Ö–æ–ª–æ–¥–Ω—ã–µ, –∞ –≤ –æ–¥–Ω–æ–º –∏–∑ –±–ª—é–¥ –Ω–µ–¥–æ–ª–æ–∂–∏–ª–∏ –∏–Ω–≥—Ä–µ–¥–∏–µ–Ω—Ç—ã.
3. –û—Ñ–∏—Ü–∏–∞–Ω—Ç—ã –º–µ–¥–ª–µ–Ω–Ω—ã–µ –∏ –¥–∞–∂–µ –Ω–µ –º–æ–≥—É—Ç –æ—Ç–ª–∏—á–∏—Ç—å –ª–∞—Ç—Ç–µ –æ—Ç –∫–∞–ø—É—á–∏–Ω–æ.

–ü–æ–≤–µ–ª–∏—Å—å –Ω–∞ –Ω–∞–∫—Ä—É—á–µ–Ω–Ω—ã–µ –æ—Ç–∑—ã–≤—ã –∏ –Ω–∞–ª–∏—á–∏–µ –∏–≥—Ä–æ–≤–æ–π –ø–ª–æ—â–∞–¥–∫–∏ –¥–ª—è –¥–µ—Ç–µ–π.

–ó–∞—à–ª–∏ –≤ –∑–∞–≤–µ–¥–µ–Ω–∏–µ —Å —Ö–æ—Ä–æ—à–∏–º –Ω–∞—Å—Ç—Ä–æ–µ–Ω–∏–µ–º, —Å—Ä–∞–∑—É –æ—Ç–º–µ—Ç–∏–ª–∏ –∫—Ä–∞—Å–∏–≤—ã–π –∏–Ω—Ç–µ—Ä—å–µ—Ä –∏ –∏–≥—Ä–æ–≤—É—é –∑–æ–Ω—É, –æ—Ç –∫–æ—Ç–æ—Ä–æ–π –¥–µ—Ç–∏ –±—ã–ª–∏ –≤ –≤–æ—Å—Ç–æ—Ä–≥–µ. –ù–æ, –∫ —Å–æ–∂–∞–ª–µ–Ω–∏—é, –æ–±—Å–ª—É–∂–∏–≤–∞–Ω–∏–µ –∏ –∫–∞—á–µ—Å—Ç–≤–æ –µ–¥—ã –∏—Å–ø–æ—Ä—Ç–∏–ª–∏ –≤—Å–µ –≤–ø–µ—á–∞—Ç–ª–µ–Ω–∏–µ.

–ü–æ–µ–ª–∏ —Ç–æ–ª—å–∫–æ –ø–æ—Ç–æ–º—É, —á—Ç–æ –±—ã–ª–∏ –≥–æ–ª–æ–¥–Ω—ã, –∞ –æ–¥–Ω–æ –∏–∑ –±–ª—é–¥ –¥–∞–∂–µ –ø—Ä–∏—à–ª–æ—Å—å –≤–µ—Ä–Ω—É—Ç—å!

–°—É–º–º–∞ —Ç–∞–∫–∞—è –º–∞–ª–µ–Ω—å–∫–∞—è, —Ç–∞–∫ –∫–∞–∫ –ø—Ä–∏—à–ª–æ—Å—å –µ—â–µ –ø—Ä–æ—Å–∏—Ç –∞–¥–º–∏–Ω–∏—Å—Ç—Ä–∞—Ç–æ—Ä–∞ —É–±—Ä–∞—Ç—å —Å—á–µ—Ç –∑–∞ –æ–¥–Ω–æ –±–ª—é–¥–æ –∏ –∑–∞ –æ–±—Å–ª—É–∂–∏–≤–∞–Ω–∏–µ, –∫–æ—Ç–æ—Ä–æ–≥–æ –∏ –Ω–µ –±—ã–ª–æ –ø–æ —Å—É—Ç–∏!

–ù–µ —Ä–µ–∫–æ–º–µ–Ω–¥—É—é —ç—Ç–æ –º–µ—Å—Ç–æ, –µ—Å–ª–∏ —Ö–æ—Ç–∏—Ç–µ –≤–∫—É—Å–Ω–æ –ø–æ–∫—É—à–∞—Ç—å!",negative
"–ü—Ä–∏—à–ª–∏ –ø–æ–∑–∞–≤—Ç—Ä–∞–∫–∞—Ç—å —Å–µ–º—å–µ–π, —É–≤–∏–¥–µ–≤ –¥–µ—Ç—Å–∫—É—é –∑–æ–Ω—É, –¥—É–º–∞–ª–∏ –±—É–¥–µ–º —á–∞—Å—Ç–æ –ø–æ—Å–µ—â–∞—Ç—å –¥–∞–Ω–Ω–æ–µ –∑–∞–≤–µ–¥–µ–Ω–∏–µ, –ù–û‚Ä¶.
–ó–∞–≤—Ç—Ä–∞–∫–∏ –º—ã –∂–¥–∞–ª–∏ –æ–∫–æ–ª–æ —á–∞—Å–∞, –≥–æ—Ç–æ–≤—ã –±—ã–ª–∏ –ø—Ä–æ–º–æ–ª—á–∞—Ç—å, –Ω–æ –µ–¥–∞ –±—ã–ª–∞ –•–û–õ–û–î–ù–û–ô, –≤ –æ–¥–Ω–æ–º –∑–∞–≤—Ç—Ä–∞–∫–µ —è–∏—á–Ω–∏—Ü—É –Ω–µ –¥–æ–∂–∞—Ä–∏–ª–∏, –µ—â–µ –∏ –Ω–µ –¥–æ–ª–æ–∂–∏–ª–∏ —á–∞—Å—Ç—å –∏–Ω–≥—Ä–µ–¥–∏–µ–Ω—Ç–æ–≤, —á—Ç–æ –±—ã–ª–æ —É–∫–∞–∑–∞–Ω–æ –≤ –º–µ–Ω—é, –ø–æ –∏—Ç–æ–≥—É –º—ã –≤–µ—Ä–Ω—É–ª–∏ –µ–≥–æ –æ–±—Ä–∞—Ç–Ω–æ.
–î–µ–≤—É—à–∫–∞ –æ—Ñ–∏—Ü–∏–∞–Ω—Ç –ø—Ä–∏–Ω–µ—Å–ª–∞ –∫–æ—Ñ–µ, —Å–ø—Ä–æ—Å–∏–≤ –µ–µ –∫–∞–ø—É—á–∏–Ω–æ —ç—Ç–æ –∏–ª–∏ –ª–∞—Ç—Ç–µ, –æ–Ω–∞ –Ω–µ —Å–º–æ–≥–ª–∞ –¥–∞—Ç—å –æ—Ç–≤–µ—Ç –∏ —É—à–ª–∞

–û—Ç–∫—É–¥–∞ —É –∑–∞–≤–µ–¥–µ–Ω–∏—è –æ—Ü–µ–Ω–∫–∞ 4,5?!

–ß–µ–∫ –∏ —Ñ–æ—Ç–æ –≤–æ –≤–ª–æ–∂–µ–Ω–∏–∏",positive
"–û—Ç–≤—Ä–∞—Ç–∏—Ç–µ–ª—å–Ω–æ–µ –æ–±—Å–ª—É–∂–∏–≤–∞–Ω–∏–µ –∏ –∫—É—Ö–Ω—è! –ù–∞—Å—Ç—Ä–æ–µ–Ω–∏–µ –∏—Å–ø–æ—Ä—á–µ–Ω–æ –Ω–∞ –≤–µ—Å—å –¥–µ–Ω—å!

–ß–∞—Å –∂–¥–∞–ª–∏ –∑–∞–≤—Ç—Ä–∞–∫, –ø–æ –∏—Ç–æ–≥—É –ø–æ–ª—É—á–∏–ª–∏ —Ö–æ–ª–æ–¥–Ω–æ–µ –±–ª—é–¥–æ. –ë–æ–ª–µ–µ —Ç–æ–≥–æ –µ–¥–∞ –ø–æ —Ñ–∞–∫—Ç—É –æ—Ç–ª–∏—á–∞–µ—Ç—Å—è –æ—Ç —Ç–æ–≥–æ —á—Ç–æ —É–∫–∞–∑–∞–Ω–æ –≤ –º–µ–Ω—é. –ù–µ –¥–æ–ª–æ–∂–∏–ª–∏ –µ–¥—É –≤ –±–ª—é–¥–æ.

–û—Ñ–∏—Ü–∏–∞–Ω—Ç—ã –Ω–µ –º–æ–≥—É—Ç –æ—Ç–ª–∏—á–∏—Ç—å –∫–∞–ø—É—á–∏–Ω–æ –∏ –ª–∞—Ç—Ç–µ.
–û–¥–∏–Ω –∫–æ—Ñ–µ –∂–¥–∞–ª–∏ –∂–¥–∞–ª–∏ –∏ –Ω–µ –¥–æ–∂–¥–∞–ª–∏—Å—å –ø–æ –∏—Ç–æ–≥—É.

–ü—Ä–∏—à–ª–∏ –∏–∑-–∑–∞ –∏–≥—Ä–æ–≤–æ–π –∑–æ–Ω—ã - —ç—Ç–æ –µ–¥–∏–Ω—Å—Ç–≤–µ–Ω–Ω–æ–µ —á—Ç–æ –ø–æ—Ä–∞–¥–æ–≤–∞–ª–æ.
–ü–æ–ª–æ–∂–∏—Ç–µ–ª—å–Ω—ã–µ –æ—Ç–∑—ã–≤—ã –Ω–∞–∫—Ä—É—á–µ–Ω—ã –±–æ—Ç–æ–º –≤–∏–¥–∏–º–æ.

–ë—ã–ª–∞ –±—ã –æ—Ç—Ä–∏—Ü–∞—Ç–µ–ª—å–Ω–∞—è –∑–≤–µ–∑–¥–∞ –ø–æ—Å—Ç–∞–≤–∏–ª –±—ã

–ó–∞–≤–µ–¥–µ–Ω–∏–µ –ø–æ—Å–µ—â–∞–ª–∏ 26.01.2025.
–ü—Ä–∏–ª–∞–≥–∞—é —á–µ–∫
–ù–æ–º–µ—Ä —á–µ–∫–∞: QR9309921952",negative
"–ü—Ä–∏–≤–µ—Ç—Å—Ç–≤—É—é –±—ã–ª–∞ –≤ —ç—Ç–æ–º –∑–∞–≤–µ–¥–µ–Ω–∏–∏ –∏ —Ç.–∫ –ø–æ—Å–µ—â–∞—é –≤—Å–µ–≥–¥–∞ —Ç–æ–ª—å–∫–æ –≤ –¥—Ä—É–≥–∏—Ö —Ç–æ—á–∫–∞—Ö,–±—ã–ª–æ –ø—Ä–∏—è—Ç–Ω–æ –ø–æ—Å–∏–¥–µ—Ç—å –∑–¥–µ—Å—å –æ—á–µ–Ω—å –≤–∫—É—Å–Ω—ã–π —Ç–æ–º —è–º –∏ —Ä–æ–ª–ª—ã,–∞ –æ—Ç–¥–µ–ª—å–Ω—É—é –±–ª–∞–≥–æ–¥–∞—Ä–Ω–æ—Å—Ç—å —Ö–æ—Ç–µ–ª–∞ –±—ã –ø—Ä–æ—è–≤–∏—Ç—å –æ–±—Å–ª—É–∂–∏–≤–∞–Ω–∏—é –∏ —á–µ–ª–æ–≤–µ–∫—É –ë–µ–∫—Å—É–ª—Ç–∞–Ω—É,–±—ã—Å—Ç—Ä–æ,—á–µ—Ç–∫–æ –∏ –≥–ª–∞–≤–Ω–æ–µ —Å –ø–æ–Ω–∏–º–∞–Ω–∏–µ–º‚ù§Ô∏è",positive
"–ê—Ç–º–æ—Å—Ñ–µ—Ä–∞,–ø—Ä–∏–≤–µ—Ç—Å—Ç–≤–∏–µ –æ–±—å—è—Å–Ω–µ–Ω–∏—è –æ—Ç –∞ –¥–æ —è –æ—Ç —Ä–∞–±–æ—Ç–Ω–∏–∫–∞ –ë–µ–∫—Å—É–ª—Ç–∞–Ω!,–ø—Ä–∏—Ö–æ–¥–∏–ª –≤ —Å—É–±–æ—Ç—É –∫ –≤–µ—á–µ—Ä—É —Å –¥–µ–≤—É—à–∫–æ–π –æ–Ω –ø–æ–¥–æ–±—Ä–∞–ª –¥–ª—è –Ω–∞—Å –±–ª—é–¥–æ –∏ –æ–±—Å–ª—É–∂–∏–ª –±—ã—Å—Ç—Ä–æ –∏ —á–µ—Ç–∫–æ,–±–ª–∞–≥–æ–¥–∞—Ä–µ–Ω –µ–º—É –∑–∞ –æ–ø–µ—Ä–∞—Ç–∏–≤–Ω—É—é –æ—Ç–∑—ã–≤—á–∏–≤–æ—Å—Ç—å —á–µ—Ä–µ–∑ –∫–Ω–æ–ø–∫—É –∏ —Ç–µ—Ä–ø–µ–Ω–∏–µ –∏–∑ –∑–∞ —Ç–æ–≥–æ —á—Ç–æ –º—ã –Ω–µ –º–æ–≥–ª–∏ –≤—ã–±—Ä–∞—Ç—å –±–ª—é–¥–æüòìüòì",positive
"–í–∫—É—Å–Ω–æ, –±—ã—Å—Ç—Ä–æ! –û—Ç–ª–∏—á–Ω–∞—è –ª–æ–∫–∞—Ü–∏—è, –≤–∫—É—Å–Ω–∞—è –µ–¥–∞, –±—ã—Å—Ç—Ä–æ–µ –æ–±—Å–ª—É–∂–∏–≤–∞–Ω–∏–µ, –∫—Ä—É–≥–ª–æ—Å—É—Ç–æ—á–Ω–æ! –û—Ç–¥–µ–ª—å–Ω–æ–µ —Å–ø–∞—Å–∏–±–æ –ù—É—Ä–∂–∏–≥–∏—Ç—É, –±—ã—Å—Ç—Ä–æ –∏ –≤–µ–∂–ª–∏–≤–æ –æ–±—Å–ª—É–∂–∏–ª, –ø–æ—Å–æ–≤–µ—Ç–æ–≤–∞–ª –≤–∫—É—Å–Ω—ã–π –¥–µ—Å–µ—Ä—ÇüëçüèΩ",positive
"–ó–∞–∫–∞–∑–∞–ª–∞ —Å—ã—Ä–Ω—ã–π —Ä–∞–º–µ–Ω, –∞–ª—è—Å–∫–∞ –∑–∞–ø —Å –∫—É—Ä–∏—Ü–µ–π –æ—á–µ–Ω—å –≤–∫—É—Å–Ω–æ ü§§ –ø–æ–≤—Ç–æ—Ä—É —Ä–µ—Å–ø–µ–∫—Ç üëç
–ò –æ—Ñ–∏—Ü–∏–∞–Ω—Ç–∫–∞ –¢–∞–ª—à—ã–Ω —Å–ø–∞—Å–∏–±–æ –≤–∞–º –æ–≥—Ä–æ–º–Ω–æ–µ, –æ—á–µ–Ω—å –∫–ª–∞—Å—Å–Ω–æ –ø–æ—Å–∏–¥–µ–ª–∏ ü•∞",positive
"–ú—ã —Å–≤–æ–µ–π –¥—Ä—É–∂–Ω–æ–π –∫–æ–º–ø–∞–Ω–∏–µ–π –æ—Ç–º–µ—á–∞–ª–∏ –¥–µ–Ω—å —Ä–æ–∂–¥–µ–Ω–∏—è!!! –û—Å—Ç–∞–ª–∏—Å—å –æ—á–µ–Ω—å –¥–æ–≤–æ–ª—å–Ω—ã –æ–±—Å–ª—É–∂–∏–≤–∞–Ω–∏–µ–º –æ—Ñ–∏—Ü–∏–∞–Ω—Ç–∫–∏ –¢–∞–ª—à—ã–Ω,–∫–æ—Ç–æ—Ä–∞—è –±—ã–ª–∞ –≤–Ω–∏–º–∞—Ç–µ–ª—å–Ω–æ–π, –¥–æ–±—Ä–æ–π, –æ—Ç–∑—ã–≤—á–∏–≤–æ–π –Ω–∞ –≤—Å–µ –Ω–∞—à–∏ –∫–∞–ø—Ä–∏–∑—ã!!! –ü–æ–∂–∞–ª—É–π—Å—Ç–∞, –¥–∞–π—Ç–µ –µ–π –ø—Ä–µ–º–∏—é =) –°–ø–∞—Å–∏–±–æ!!!",positive
"–û—Ñ–∏—Ü–∏–∞–Ω—Ç–∫–∞ –¢–∞–ª—à—ã–Ω –æ–±—Å–ª—É–∂–∏–ª–∞, —Å–ø–∞—Å–∏–±–æ –±–æ–ª—å—à–æ–µ, –¥–æ–≤–æ–ª—å–Ω—ã–µ, —Å—ã—Ç—ã–µ, –≤–∫—É—Å–Ω–∞—è –µ–¥–∞ –∏ –¥–µ—Å–µ—Ä—Ç—ã üçÆ –≤—Å–µ–≥–¥–∞ –ü–æ—Å–µ—â–∞–µ–º —ç—Ç–æ –∫–∞—Ñ–µ",positive
"–¢–∞–º–∞“õ –∂”ô–Ω–µ –¥–µ—Å–µ—Ä—Ç –∑–∞–∫–∞–∑ –±–µ—Ä–¥—ñ–∫, –±”ô—Ä—ñ “±–Ω–∞–¥—ã. –¢–∞–ª—à—ã–Ω –æ—Ñ–∏—Ü–∞–Ω—Ç“õ–∞ —Ä–∞—Ö–º–µ—Ç!!!",positive
"–û—á–µ–Ω—å –≤–∫—É—Å–Ω–∞—è –µ–¥–∞ –∏ —Ö–æ—Ä–æ—à–µ–µ –æ–±—Å–ª—É–∂–∏–≤–∞–Ω–∏–µ!
–û—Ñ–∏—Ü–∏–∞–Ω—Ç–∫–µ –ê—è—É–ª—ã–º –±–æ–ª—å—à–µ —Å–ø–∞—Å–∏–±–æ‚ù§Ô∏è",positive
–í—Å–µ –≤–∫—É—Å–Ω–æ –∏ –±—ã—Å—Ç—Ä–æ ‚ù§Ô∏è –æ—Ñ–∏—Ü–∏–∞–Ω—Ç –ü–∏—Ä –≤–æ–æ–±—â–µ —É–º–Ω–∏—á–∫–∞ üëç,positive
"–û—á–µ–Ω—å –≤–∫—É—Å–Ω–æ, –ê—è—É–ª—ã–º –∏ –ù–∞–¥–∏—Ä–∞–º –æ—á–µ–Ω—å –≤–µ–∂–ª–∏–≤–æ –æ–±—Å–ª—É–∂–∏–ª–∏",positive
"–ë—ã–ª–∏ —Å –¥—Ä—É–∑—å—è–º–∏,–Ω–∞—Å –±—ã–ª–æ 10 —á–µ–ª–æ–≤–µ–∫. –í—Å–µ–º –ø–æ–Ω—Ä–∞–≤–∏–ª–æ—Å—å,–æ–±—Å–ª—É–∂–∏–≤–∞–Ω–∏–µ —Ö–æ—Ä–æ—à–æ–µ,–∞ –≥–ª–∞–≤–Ω–æ–µ –≤–∫—É—Å–Ω–æ. –û—Ç–¥–µ–ª—å–Ω–∞—è –±–ª–∞–≥–æ–¥–∞—Ä–Ω–æ—Å—Ç—å –ï—Ä–¥–µ–Ω—Éüôåüèª",positive
"–ë—ã–ª–æ –æ—á–µ–Ω—å –≤–∫—É—Å–Ω–æ~~ –æ—á–µ–Ω—å –≤–µ–∂–ª–∏–≤—ã–π –ø–µ—Ä—Å–æ–Ω–∞–ª! –í —á–∞—Å—Ç–Ω–æ—Å—Ç–∏, —Ö–æ—Ç–µ–ª–æ—Å—å –æ—Ç–º–µ—Ç–∏—Ç—å –æ—Ñ–∏—Ü–∏–∞–Ω—Ç–∞ –ï—Ä–¥–µ–Ω–∞! –°–ø–∞—Å–∏–±–æ ~^^",positive
"–æ—á–µ–Ω—å –¥—Ä—É–∂–µ–ª—é–±–Ω—ã–π –ø–µ—Ä—Å–æ–Ω–∞–ª, –∞—Ç–º–æ—Å—Ñ–µ—Ä–∞ –≤ –∑–∞–≤–µ–¥–µ–Ω–∏–∏ –ø—Ä–∏—è—Ç–Ω–∞—è, –±—ã—Å—Ç—Ä–∞—è –ø–æ–¥–∞—á–∞ –∏ –≤—Å–µ –æ–∫–∞–∑–∞–ª–æ—Å—å –æ—á–µ–Ω—å –≤–∫—É—Å–Ω—ã–º!",positive
"–î–æ–±—Ä—ã–π –≤–µ—á–µ—Ä! –ñ–∞–Ω–¥–æ—Å –æ—á–µ–Ω—å –ø—Ä–∏—è—Ç–Ω—ã–π –æ—Ñ–∏—Ü–∏–∞–Ω—Ç! –í—Å–µ –≤–æ–≤—Ä–µ–º—è –ø—Ä–∏–Ω–æ—Å–∏—Ç, –Ω–∞ –≤—Å–µ –ø—Ä–æ—Å—å–±—ã —Ä–µ–∞–≥–∏—Ä—É–µ—Ç –æ–ø–µ—Ä–∞—Ç–∏–≤–Ω–æ, –æ–±—Å–ª—É–∂–∏–≤–∞–µ—Ç –æ–±–∞–ª–¥–µ–Ω–Ω–æ! üëç",positive
–û–±—Å–ª—É–∂–∏–≤–∞–ª –ñ–∞–Ω–¥–∞—Å –º–æ–ª–æ–¥–µ—Ü.,positive
–û–±—Å–ª—É–∂–∏–ª –æ—Ñ–∏—Ü–∏–∞–Ω—Ç –∂–∞–Ω–¥–æ—Å –º–æ–ª–æ–¥–µ—Ü –≤–æ–æ–±—â–µ —Ö–æ—Ä–æ—à–∏–π –ø–∞—Ä–µ–Ω—å üôèüèª,positive
"–í—á–µ—Ä–∞ –ø–æ–±—ã–≤–∞–ª –≤ –û–∫–∞–¥–∑–∞–∫–∏ ,–æ—á–µ–Ω—å –≤–∫—É—Å–Ω–æ! –û–±—Å–ª—É–∂–∏–≤–∞–ª –Ω–∞—Å –æ—Ñ–∏—Ü–∏–∞–Ω—Ç –ñ–∞–Ω–¥–æ—Å , —Å–ø–∞—Å–∏–±–æ !",positive
"–ü—Ä–∏—à–ª–∏ –Ω–µ–±–æ–ª—å—à–æ–π –≥—Ä—É–ø–ø–æ–π, —à–∏–∫–∞—Ä–Ω–æ –ø–æ—Å–∏–¥–µ–ª–∏, —Å–ø–∞—Å–∏–±–æ –ø–µ—Ä—Å–æ–Ω–∞–ª—É –∑–∞ –∫–∞—á–µ—Å—Ç–≤–µ–Ω–Ω–æ–µ –æ–±—Å–ª—É–∂–∏–≤–∞–Ω–∏–µ",positive
"–Ü—à—ñ–Ω–¥–µ –æ—Ä—ã–Ω –∫”©–ø. –ê–µ—Å—Ç–∏–∫. “ö—ã–∑–º–µ—Ç —Å–∞–ø–∞—Å—ã ”©—Ç–µ –∂–æ“ì–∞—Ä—ã. –¢–∞–º–∞“õ—Ç–∞—Ä—ã “±–Ω–∞–¥—ã. –†–∞–º–µ–Ω—á —Ä–æ–ª–ª—ã, –ø–∏—Ü—Ü–∞ –±”ô—Ä—ñ —É–∞“õ—ã—Ç—ã–º–µ–Ω –∫–µ–ª–¥—ñ, –¥”ô–º—ñ —Å—É–ø–µ—Ä üëç",positive
"—Ö–æ—Ä–æ—à–µ–µ –º–µ—Å—Ç–æ –¥–ª—è –ø—Ä–æ–≤–µ–¥–µ–Ω–∏—è —Å —Å–µ–º—å–µ–π,–æ—Å–æ–±–µ–Ω–Ω–æ —Å–ø–∞—Å–∏–±–æ –æ—Ñ–∏—Ü–∏–∞–Ω—Ç—É –ñ–∞–Ω–¥–æ—Å—É –æ–±—Å–ª—É–∂–∏–≤–∞–Ω–∏–µüëç",positive
"–•–æ—á—É —Å–∫–∞–∑–∞—Ç—å —á—Ç–æ –∫—É—Ö–Ω—è –æ—á–µ–Ω—å –≤–∫—É—Å–Ω–∞—è. –ê –æ–±—Å–ª—É–∂–∏–≤–∞–Ω–∏–µ –Ω–∞ –≤—Å–µ 10/10, –Ω–∞—Å –æ–±—Å–ª—É–∂–∏–≤–∞–ª –æ—Ñ–∏–∫ –ñ–∞–Ω–¥–æ—Å. –ú–æ–ª–æ–¥–µ—Üü§ó",positive
"—Å–µ–≥–æ–¥–Ω—è –∫—É—à–∞–ª –Ω–∞ –æ–∫–∞–¥–∑–∞–∫–∏ , –æ—á–µ–Ω—å –≤–∫—É—Å–Ω–æ , –æ–±—Å–ª—É–∂–∏–ª –ê—Ä—Å–µ–Ω",positive
"–ü–æ—Å—Ç–æ—è–Ω–Ω—ã–µ –∫–ª–∏–µ–Ω—Ç—ã —ç—Ç–æ–≥–æ –∑–∞–≤–µ–¥–µ–Ω–∏—è, –æ—á–µ–Ω—å –≤–∫—É—Å–Ω–æ. –û—Å–æ–±–µ–Ω–Ω–æ —Ä–∞–º–µ–Ω—å –∏ —Å—É—à–∏. –°–µ–≥–æ–¥–Ω—è –Ω–∞—Å –æ–±—Å–ª—É–∂–∏–≤–∞–ª –æ—Ñ–∏—Ü–∏–∞–Ω—Ç –î–∏–º–∞—à, –º–æ–ª–æ–¥–µ—Üüëçüèª",positive
–ñ–∞–Ω—Å–∞—è –æ–±—Å–ª—É–∂–∏–≤–∞–µ—Ç —Ö–æ—Ä–æ—à–æ!!!,positive
–í—Å–µ–≥–¥–∞ –≤–∫—É—Å–Ω–æü•∞üòç,positive
"–û–±—Å–ª—É–∂–∏–≤–∞–Ω–∏–µ –ø—Ä–∏—è—Ç–Ω–æ–µ, –æ—Ñ–∏—Ü–∏–∞–Ω—Ç—ã –≤–µ–∂–ª–∏–≤—ã–µ, –µ–¥—É –ø–æ–¥–∞–ª–∏ –±—ã—Å—Ç—Ä–æ, —á—Ç–æ —Ä–∞–¥—É–µ—Ç. –ò–Ω—Ç–µ—Ä—å–µ—Ä —É—é—Ç–Ω—ã–π, –∞—Ç–º–æ—Å—Ñ–µ—Ä–∞ —Ä–∞—Å–ø–æ–ª–∞–≥–∞—é—â–∞—è.",positive
–û—á–µ–Ω—å –≤–∫—É—Å–Ω–∞—è –ø–∏—Ü—Ü–∞ –±–æ–ª–∞–Ω—å–µ–∑–∞ –∏ —Å–µ—Ç—å —Å—É—à–∏ —á–∏–∫–∞–≥–æ üòã –æ–≥—Ä–æ–º–Ω–æ–µ –±–ª–∞–≥–æ–¥–∞—Ä–Ω–æ—Å—Ç—å –ê–π–≥–µ—Ä–∏–º –∑–∞ –∫–∞—á–µ—Å—Ç–≤–µ–Ω–Ω–æ–µ –æ–±—Å–ª—É–∂–∏–≤–∞–Ω–∏–µ ‚ù§Ô∏èü´∂ –æ—á–µ–Ω—å —É—é—Ç–Ω–æ –∏ –∫—Ä–∞—Å–∏–≤–æ–µ –æ—Ñ–æ—Ä–º–ª–µ–Ω–∏–µ –∑–∞–≤–µ–¥–µ–Ω–∏–µ üòç,positive
–ö—É—Ö–Ω—è –Ω–∞ –≤—ã—Å–æ—Ç–µ! –ê –æ—Ñ–∏—Ü–∏–∞–Ω—Ç –ê—è—É–ª—ã–º –≤–æ–æ–±—â–µ —É–º–Ω–∏—Ü–∞! —Å–µ—Ä–≤–∏—Å üëçüèΩ –µ—â–µ —Ä–∞–∑ —Å–ø–∞—Å–∏–±–æ –ê—è—É–ª—ã–º!,positive
"–í–ø–µ—á–∞—Ç–ª–µ–Ω–∏—è –æ—Å—Ç–∞–ª–∏—Å—å –ø—Ä–∏—è—Ç–Ω—ã–º–∏. –û–±—Å–ª—É–∂–∏–≤–∞–Ω–∏–µ –Ω–∞ —Ö–æ—Ä–æ—à–µ–º —É—Ä–æ–≤–Ω–µ. –ò–Ω—Ç–µ—Ä—å–µ—Ä —É—é—Ç–Ω—ã–π, —Ä–∞—Å–ø–æ–ª–∞–≥–∞–µ—Ç –∫ –ø—Ä–∏—è—Ç–Ω–æ–º—É –≤—Ä–µ–º—è–ø—Ä–µ–ø—Ä–æ–≤–æ–∂–¥–µ–Ω–∏—é. –ò —Ä–∞–¥—É–µ—Ç –∫—Ä—É–≥–ª–æ—Å—É—Ç–æ—á–Ω–∞—è —Ä–∞–±–æ—Ç–∞)",positive
–°—É–ø–µ—Ä –º–µ—Å—Ç–æ . –°–ø–∞—Å–∏–±–æ –∑–∞ —Å–µ—Ä–≤–∏—Å . –•–æ—Ä–æ—à–∞—è –∞—Ç–º–æ—Å—Ñ–µ—Ä–∞ . –±–æ–ª—å—à–æ–π –ø–ª—é—Å —Ä–∞–±–æ—Ç–∞–µ—Ç –∫—Ä—É–≥–ª–æ—Å—É—Ç–æ—á–Ω–æ üôÇ,positive
"–ó–∞–∫–∞–∑–∞–ª–∞ —á–µ—Ä–µ–∑ –≤–æ–ª—å—Ç –¥–æ—Å—Ç–∞–≤–∫—É , –≥—É–Ω–∫–∞–Ω –ø—Ä–∏–µ—Ö–∞–ª –≤–µ—Å—å —Ä–∞–∑–≤–∞–ª–µ–Ω–Ω—ã–π, –±–µ–∑ —à–∞–ø–æ—á–∫–∏ —Å–≤–µ—Ä—Ö—É. –§–∏–ª–∞–¥–µ–ª—å—Ñ–∏—è –±—ã–ª–∞ –±–ª–µ–¥–Ω–∞—è, –≤ –ø–æ–¥–¥–µ—Ä–∂–∫—É –ø–∏—Å–∞–ª–∞, —á—Ç–æ —Ä—ã–±–∞ –Ω–µ —Å–≤–µ–∂–∞—è. –ù–æ –æ–Ω–∞ –í–û–ù–Ø–õ–ê —Ç—É—Ö–ª–æ–π —Ä—ã–±–æ–π. –ü–æ –æ–¥–Ω–æ–π –ø–æ–ø—Ä–æ–±–æ–≤–∞–ª–∏ –∏ –≤ –∏—Ç–æ–≥–µ —è –æ—Ç—Ä–∞–≤–∏–ª–∞—Å—å –∏ —Ç–æ–ª—å–∫–æ —Å–µ–≥–æ–¥–Ω—è –ø—Ä–∏—à–ª–∞ –≤ —Å–µ–±—è. –£–∂–∞—Å–Ω–æ–µ –æ—Ç–Ω–æ—à–µ–Ω–∏–µ –∫ –≥–æ—Å—Ç—è–º, –ª–∞–¥–Ω–æ –ª–µ–∫–∞—Ä—Å—Ç–≤–æ —Ö–æ—Ç—è –±—ã –∑–∞ —Ç—É—Ö–ª—É—é —Ä—ã–±—É –≤–µ—Ä–Ω—É–ª–∏ –±—ã –¥–µ–Ω—å–≥–∏, –∑–∞ –≥—É–Ω–∫–∞–Ω —á–∞—Å—Ç—å –≤–µ—Ä–Ω—É–ª–∏ , –∞ –æ—Å—Ç–∞–ª—å–Ω–æ–µ –Ω–µ—Ç. –ù–∏–∫–æ–º—É –Ω–µ –ø–æ—Å–æ–≤–µ—Ç—É—é –≤–∞—à–µ –∑–∞–≤–µ–¥–µ–Ω–∏–µ‚Ä¶",negative
"–î–æ—Å—Ç–∞–≤–∫–∞ 2000 —Ç–µ–Ω–≥–µ —Ö–æ—Ç—è –Ω–∞ —Å–∞–π—Ç–µ —É–∫–∞–∑–∞–Ω–æ 1000, –Ω–µ –ø–æ–ª–æ–∂–∏–ª–∏ –æ–±–µ—â–∞–Ω–Ω—É—é –ø–∏—Ü—Ü—É –ø–æ –ø—Ä–æ–º–æ–∫–æ–¥—É, —Å—É—à–∏ –≤–∫—É—Å–Ω—ã–µ",positive
"–ü—Ä–∞–∑–¥–Ω–æ–≤–∞–ª–∏ –≤ –æ–∫–∞–¥–∑–∞–∫–∏ –¥–µ—Ç—Å–∫–∏–π –¥–µ–Ω—å —Ä–æ–∂–¥–µ–Ω–∏—è. –ó–¥–µ—Å—å –≤–∫—É—Å–Ω–∞—è –∫—É—Ö–Ω—è, –∫—Ä–∞—Å–∏–≤—ã–π –∏–Ω—Ç–µ—Ä—å–µ—Ä –∏ –ø—Ä–∏—è—Ç–Ω–∞—è –∞—Ç–º–æ—Å—Ñ–µ—Ä–∞! –£–¥–æ–±–Ω–æ, —á—Ç–æ –≤ –∑–∞–ª–µ –µ—Å—Ç—å –±–æ–ª—å—à–∞—è –∏–≥—Ä–æ–≤–∞—è –∑–æ–Ω–∞ –¥–ª—è –¥–µ—Ç–µ–π. –û—á–µ–Ω—å –ø—Ä–∏—è—Ç–Ω–∞—è –∞–¥–º–∏–Ω–∏—Å—Ç—Ä–∞—Ç–æ—Ä –∏ —Ö–æ—Ä–æ—à–µ–µ –æ–±—Å–ª—É–∂–∏–≤–∞–Ω–∏–µüëç",positive
–¢–∞“ì–∞–º–¥–∞—Ä—ã –º–∞“ì–∞–Ω “±–Ω–∞–¥—ã –¥”ô–º–¥—ñ ”ô—Ä—ñ “õ–æ–ª –∂–µ—Ç—ñ–º–¥—ñ –∫–µ–ª–≥–µ–Ω—ñ–º–µ ”©–∫—ñ–Ω–±–µ–¥—ñ–º,positive
"–¢–∞–º–∞“õ—Ç–∞—Ä—ã –¥”ô–º–¥—ñ,–∫–µ—à–µ –±–∞—Ä—ã–ø —Ç–∞–º–∞“õ —ñ—à—ñ–ø “õ–∞–π—Ç—Ç—ã–º, –º–∞“ì–∞–Ω “õ–∞—Ç—Ç—ã “±–Ω–∞–¥—ãü§©üëç",positive
–¢–∞–º–∞“õ—Ç–∞—Ä—ã –¥”ô–º–¥—ñ –∑–æ—Ä —Å—É—à–∏ “Ø–Ω–∞–¥—ã –º–∞“ì–∞–Ω üòçüíì‚ù§Ô∏è‚Äçüî•,positive