#,Review,Rate
1,"–ë—É—Ä–≥–µ—Ä—ã –Ω–∞–≥–≥–µ—Ç—Å—ã –≤–∫—É—Å–Ω—ã–µ, –Ω–∞–ø–∏—Ç–∫–∏ –∫–∞–∫ –≤—Å–µ–≥–¥–∞ –Ω–∞ –≤—ã—Å—à–µ–º —É—Ä–æ–≤–Ω–µ, –≤–æ—Ç —á–µ–º –æ—Ç–ª–∏—á–∞–ª–∏—Å—å i'm –¥–ª—è –º–µ–Ω—è, –∫–∞—Å—Å–∏—Ä—à–∞ –ê–∫–µ—Ä–∫–µ –æ–±—Å–ª—É–∂–∏–ª–∞ –ø—Ä–æ—Ñ–µ—Å—Å–∏–æ–Ω–∞–ª—å–Ω–æ, –≤—Å–µ –Ω–∞ –≤—ã—Å—à–µ–º —É—Ä–æ–≤–Ω–µ",positive
2,I'm —Å—ñ–∑–¥–µ—Ä–¥—ñ –∫“Ø—Ç–µ–¥—ñü§óü´∂üèª,positive
3,"–ó–¥—Ä–∞–≤—Å—Ç–≤—É–π—Ç–µ!
–û—á–µ–Ω—å –≥—Ä—É—Å—Ç–Ω–æ –Ω–æ –≤ –ø–æ—Å–ª–µ–¥–Ω–∏–π —Ä–∞–∑ —è –≤–∏–¥–µ–ª–∞ —á—Ç–æ –≤—ã —É–±—Ä–∞–ª–∏ —á–∏–∫–µ–Ω –¥–µ–ª—é–∫—Å –∏ –±—ã–ª–∞ –æ—á–µ–Ω—å —Å–∏–ª—å–Ω–æ —Ä–∞—Å—Å—Ç—Ä–æ–µ–Ω–∞ , –≤—Å–µ–≥–¥–∞ –µ–≥–æ –µ–ª–∞ ü§ï –≤–µ—Ä–Ω–∏—Ç–µ –ø–æ–∂–∞–ª—É–π—Å—Ç–∞ üôè",positive
4,–∫–∞—Ä–ª—ã–≥–∞—à üëçüèªüëçüèª,positive
5,"–ö–∞—Ä–ª—ã–≥–∞—à —Ç–æ–ø —Ç–æ–ø
–ü–∞–¥–∞–º –ø–∞–¥–∞–º –∑–∞–∫–∞–∑—ã —Ç–µ–∑ –±–µ—Ä–µ—Ç –∫—É—à—Ç—ã ü•∞ü•∞üòòüòòüòöüòç",positive
6,"“ö–∞—Ä–ª—ã“ì–∞—à –∫–∞—Å—Å–∏—Ä—à–∞ –∫“Ø—à—Ç—ñ –ª—é–±–ª—é –∂–∞“õ—Å—ã “õ—ã–∑, –∑–∞–∫–∞–∑—ã–º—ã–∑–¥—ã —Ç–µ–∑ –±–µ—Ä–¥—ñü•πüíîüíîüíîüíîüíî",positive
7,–ö—É—Ä–µ—Ä—ã –≤–æ–ø—à–µ –∫–µ–º–µ–Ω–¥–µ—Ä,positive
8,–ù–∞–º –æ—á–µ–Ω—å –ø–æ–Ω—Ä–∞–≤–∏–ª–æ—Å—å I‚Äô–ú –≤ –∞–ø–æ—Ä—Ç–µ –≤–µ–∂–ª–∏–≤—ã–π –ø–µ—Ä—Å–æ–Ω–∞–ª –∏ –æ—á–µ–Ω—å –±—ã—Å—Ç—Ä–æ –ø—Ä–∏–Ω–µ—Å–ª–∏ –∑–∞–∫–∞–∑ —Å–ø–∞—Å–∏–±–æ –±–æ–ª—å—à–æ–µ –∂–µ–ª–∞–µ–º –≤–∞–º –ø—Ä–æ—Ü–≤–µ—Ç–∞–Ω–∏–µ ‚ù§Ô∏è‚ù§Ô∏è‚ù§Ô∏è,positive
9,"–£–ñ–ê–°–ù–´–ô –§–ò–õ–ò–ê–õ, –ó–ê–ö–ê–ó–ê–õ–ò –û–î–ù–û , –ø—Ä–∏–≤–µ–∑–ª–∏ —Å–æ–≤–µ—Ä—à–µ–Ω–Ω–æ –¥—Ä—É–≥–æ–π –∑–∞–∫–∞–∑, –≥–¥–µ –≤–∞—à–∞ —Å–æ–≤–µ—Å—Ç—å?, –º—ã –∂–¥–∞–ª–∏ —Å–≤–æ–π –∑–∞–∫–∞–∑ –±–æ–ª—å—à–µ —á–∞—Å–∞, —á—Ç–æ–±—ã –ø–æ–ª—É—á–∏—Ç—å –Ω–µ —Å–≤–æ–π –∑–∞–∫–∞–∑?!!!!",negative
10,“ö–∞—Ä–ª—ã“ì–∞—à —Å–∏–ª–∞,positive
11,“ö–∞—Ä–ª—ã“ì–∞—à —Å–∏–ª–∞,positive
12,“ö–∞—Ä–ª—ã“ì–∞—à ”©—Ç–µ –∂–∞“õ—Å—ã “õ—ã–∑–º–µ—Ç –±–µ—Ä–µ–¥—ñ,positive
13,–ß–∏–∫–µ–Ω –±—É—Ä–≥–µ—Ä üòçüòçüòçüòçüòçüòçüòçüòçüòçüòçüòçüòçüòçüòçüòçüòçüòçüòãü§§ü§§ü§§ü§§ü§§ü§§ü§§ü§§ü§§ü§§üòãüòãü§§ü§§,positive
14,”®—Ç–µ –∂–∞“õ—Å—ã –∫–∞—Ñ–µ–π–Ω—è. –ö–æ—Ñ–µ–ª–µ—Ä—ñ –¥”ô–º–¥—ñ. “ö–∞—Ä–ª—ã“ì–∞—à —Ö–∞–Ω—ã–º ”©—Ç–µ –∂–∞“õ—Å—ã “õ—ã–∑–º–µ—Ç—ñ–Ω –∞—Ç“õ–∞—Ä–¥—ã.,positive
15,–ö–∞—Ä–ª—ã–≥–∞—à–∫–∞ —Ä–∞—Ö–º–µ—Ç –∫—ã–∑–º–µ—Ç–∏ –∫–µ—Ä–µ–º–µ—Ç.,positive
16,–î”ô–º–¥—ñ –±”ô—Ä—ñ –∫“Ø—à—Ç—ñ –∫–∞—Å—Å–∏—Ä—à–∞ “ö–∞—Ä–ª—ã“ì–∞—à ”®—Ç–µ –¥”ô–º–¥—ñ –î–æ—Å—Ç–∞–≤–∫–∞ –±–∞—Ä “ö–∞—Ä–ª—ã“ì–∞—à ”©—Ç–µ –∂–∞“õ—Å—ã –±—ñ–∑–≥–µ “±–Ω–∞–ª—ã –¢–∞“ì—ã–¥–∞ –∫–µ–ª–µ–º—ñ–∑ –º“Ø–Ω–¥–µ—Ç—Ç—ñ —Ç“Ø—Ä–¥–µ –º–µ–Ω —Ç“±—Ä–∞“õ—Ç—ã –∫–ª–∏–µ–Ω—Ç–ø—ã–Ω –±”ô—Ä—ñ –¥”ô–º–¥—ñ!!,positive
17,“ö–∞—Ä–ª—ã“ì–∞—à –∫–µ—Ä–µ–º–µ—Ç –∫–∞—Å—Å–∏—Ä üëç,positive
18,"–í—Å–µ –≤–∫—É—Å–Ω–æ, –±—ã—Å—Ç—Ä–æüòç–î–µ–≤—É—à–∫–∞ –ö–∞—Ä–ª—ã–≥–∞—à –º–æ–ª–æ–¥–µ—Ü!üòç –æ–±—Å–ª—É–∂–∏–≤–∞–ª–∞ –Ω–∞ –æ—Ç–ª–∏—á–Ω–æ –∏ –ø—Ä–∏—è—Ç–Ω–∞—èü´∂ —Å–ø–∞—Å–∏–±–æ –±–æ–ª—å—à–æ–µ —Å–æ—Ç—Ä—É–¥–Ω–∏–∫–æ–º üéäüéäüéä",positive
19,–°–∞–º—ã–π –ª—É—á—à–∏–π —Ä–µ—Å—Ç–æ—Ä–∞–Ω. “ö–∞—Ä–ª—ã“ì–∞—à –∂–∞“õ—Å—ã “õ—ã–∑–º–µ—Ç –∫”©—Ä—Å–µ—Ç—Ç—ñ ‚ù§,positive
20,–ö–∞—Ä–ª—ã–≥–∞—à –∫–∞—Å—Å–∏—Ä—à–∞üòª —Å–ø–∞—Å–∏–±–æ –µ–π,positive
21,–û–±—Å–ª—É–∂–∏–ª–∏ —Ö–æ—Ä–æ—à–æ. –î–µ–≤—É—à–∫–∞ –Ω–∞ –∫–∞—Å—Å–µ –ö–∞—Ä–ª—ã–≥–∞—à –æ–∫–∞–∑–∞–ª–æ—Å—å –ø—Ä–∏—è—Ç–Ω–æ–π. –û–±—Å–ª—É–¥–∏–ª–∞ –æ—á–µ–Ω—å —Ö–æ—Ä–æ—à–æ. –¢–µ–∑ –¥–∞–π—ã–Ω –±–æ–ª–¥—ã –∑–∞–∫–∞–∑. –†–∞—Ö–º–µ—Ç —Å—ñ–∑–¥–µ—Ä–≥–µ.,positive
22,"–û–±—Å–ª—É–∂–∏–ª–∏ —Ö–æ—Ä–æ—à–æ. –î–µ–≤—É—à–∫–∞ –Ω–∞ –∫–∞—Å—Å–µ –ö–∞—Ä–ª—ã–≥–∞—à –æ–∫–∞–∑–∞–ª–∞—Å—å –ø—Ä–∏—è—Ç–Ω–æ–π, –æ–±—â–∞–µ—Ç—Å—è –Ω–∞ –≤—ã, –æ–±—Å–ª—É–∂–∏–ª–∞ –æ—á–µ–Ω—å —Ö–æ—Ä–æ—à–æ. –ü—Ä–∏–≥–æ—Ç–æ–≤–∏–ª–∏ –±—ã—Å—Ç—Ä–æ. –°–ø–∞—Å–∏–±–æ –≤–∞–º, –º–Ω–µ –≤—Å–µ –ø–æ–Ω—Ä–∞–≤–∏–ª–æ—Å—å, –µ–¥–∞ –≤–∫—É—Å–Ω–∞—è.",positive
23,"–°–µ—Ä–≤–∏—Å —Å—É–ø–µ—Ä, –∫–æ—Ñ–µ –∫–µ—Ä–µ–º–µ—Ç. –ü–µ—Ä—Å–æ–Ω–∞–ª —Ç–∞–º–∞—à–∞",positive
24,"–ö–∞—Ä–ª—ã–≥–∞—à, –∂–∞—Ä–∞–π—Å—ã–Ω!",positive
25,"–ë—ã–ª–∏ ,—Å–æ—Ç—Ä—É–¥–Ω–∏–∫ –ö–∞—Ä–ª—ã–≥–∞—à –ø—Ä–∏—è—Ç–Ω–∞—è ü´∂üèª –∏ —Ö–æ—Ä–æ—à–æ –æ–±—Å–ª—É–∂–∏–≤–∞–µ—Ç",positive
26,"”®—Ç–µ –¥”ô–º–¥—ñ “ö–∞—Ä–ª—ã“ì–∞—à –¥–µ–≥–µ–Ω “õ—ã–∑ ”©—Ç–µ –∂–∞“õ—Å—ã
üíñ",positive
27,“ö—ã–∑–º–µ—Ç –∫”©—Ä—Å–µ—Ç—É–ª–µ—Ä—ñ ”©—Ç–µ –∂–∞“õ—Å—ã.,positive
28,–ö–∞—Ä–ª—ã–≥–∞—à–∫–∞ —Ä–∞—Ö–º–µ—Ç –Ω–æ–º–µ—Ä–∏ 630 —Ç–∞–ø—Å—ã—Ä—ã—Å—Ç—ã —Ç–µ–∑ –∂”ô–Ω–µ ”ô–ø-”ô–¥–µ–º—ñ –∂–∏–Ω–∞–ø –±–µ—Ä–¥—ñ.,positive
29,–ö–∞—à–∞–Ω –∫–µ–ª—Å–µ–Ω–¥–µ –∑–∞–∫–∞–∑ –¥–∞–∏—ã–Ω –µ–º–µ—Å –æ–º–∏—Ä–∏ –∑–∞–∫–∞–∑–¥–∞—Ä–¥—ã –∞—É—ã—Å—Ç—ã—Ä–∞–¥—ã–¥–∞ –∂—É—Ä–µ–¥–∏ –±–µ—Ä–≥–µ–Ω –∑–∞–∫–∞–∑–¥–∞—Ä—ã–Ω–¥—ã –∫–∞—Ä–∞–ø –∞–ª—ã–Ω–¥–∞—Ä –∫–∞—Ç–µ–ª–µ—Å–ø–µ–∏,negative
30,"–ó–∞–∫–∞–∑ –±–µ—Ä—É–≥–µ –º“Ø–ª–¥–µ –∫–µ“£–µ—Å –±–µ—Ä–º–µ–π–º—ñ–Ω,
–¢—É–∫ –¥”ô–º—ñ –∂–æ“õ –±–∞“ì–∞—Å—ã–Ω–∞ –¥–∞ —Å–∞–π –µ–º–µ—Å
–§—Ä–∏ —à–∏–∫—ñ “õ–∞—Ç—ã–ø “õ–∞–ª“ì–∞–Ω –¥”ô–º—Å—ñ–∑ ”ô–ø–ø–∞“õ –∞–¥–∞–º–¥–∞—Ä
–°–æ–Ω—à–∞ –∞“õ—à–∞“ì–∞ –∞–¥–∞–º –∑–∞–∫–∞–∑ –±–µ—Ä–≥–µ—Å—ñ–Ω —Å–≤–µ–∂–∏–π –∂–∞“õ—Å—ã –Ω”ô—Ä—Å–µ –∫“Ø—Ç–µ–¥—ñ “ì–æ–π
–ê–ª–º–∞–Ø“õ“õ–æ–π—ã“£–¥–∞—Ä –≤–æ–æ–±—â–µ –±—É–¥–∞–Ω
–î”ô–º—Å—ñ–∑ –∞–π—Ç–∞–∞–ª–º–∞–π–º
–ê“õ—à–∞—Å—ã–Ω–∞ –Ω–µ –∂–∞–ª–∫–æ –ø—Ä–æ—Å—Ç–æ –Ω–µ —ñ—à—ñ–ø –Ω–µ –∂–µ–≥–µ–Ω—ñ“£–¥—ñ –±—ñ–ª–º–µ–π –±–æ—Å“õ–∞ –∑–∞–∫–∞–∑ –±–µ—Ä—ñ–ø —É–∂–∞—Å –µ–∫–µ–Ω
–ù–µ —Å–æ–≤–µ—Ç—É—é!!!
–û–¥–∞–Ω —Å–∞–ª–∞–º –±—Ä–æ –∂–∞“õ—Å—ã–º–∞ –¥–µ–ø “õ–∞–ª–¥—ã–º“ì–æ–πüòèüòèüòèüëéüèªüëéüèªüëéüèª",negative
31,"–ú–æ–∂–µ—Ç–µ —É–ø–∞–∫–æ–≤—ã–≤–∞—Ç—å –Ω–∞–ø–∏—Ç–∫–∏ –Ω–æ—Ä–º–∞–ª—å–Ω–æ?! –ü–æ—É—á–∏—Ç–µ—Å—å —É —Å–≤–æ–∏—Ö –∫–æ–Ω–∫—É—Ä–µ–Ω—Ç–æ–≤, –æ–Ω–∏ –Ω–∞–ø–∏—Ç–∫–∏ –µ—â—ë –ø–∞–∫–µ—Ç–æ–º –æ–±–æ—Ä–∞—á–∏–≤–∞—é—Ç, –≤—Å–µ —Ä–∞–∑–ª–∏–ª–æ—Å—å –ø–æ –µ–¥–µ, –∫–∞—à—É –º–∞–ª–∞—à—É –ø—Ä–∏–≤–µ–∑–ª–∏!",negative
32,–ö–∞—Ä–ª—ã–≥–∞—à –æ–≥—Ä–æ–º–Ω–æ–µ —Å–ø–∞—Å–∏–±–æ ü•∞ –æ–±—Å–ª—É–∂–∏–≤–∞–Ω–∏–µ —Ç–æ–ø!,positive
33,"–ö–ê–†–õ–´–ì–ê–® –õ–£–ß–®–ê–Ø, –û–ß–ï–ù–¨ –ë–´–°–¢–†–û –ò –û–ü–ï–†–ê–¢–ò–í–ù–û, –ª—É—á—à–∞—è —Ä–∞–±–æ—Ç–Ω–∏—Ü–∞, –Ω–∞–≥—Ä–∞–¥–∏—Ç–µ –µ—ë",positive
34,"–•–æ—á—É –ø–æ–±–ª–∞–≥–æ–¥–∞—Ä–∏—Ç—å “ö–∞—Ä–ª—ã“ì–∞—à –∑–∞ –æ—Ç–ª–∏—á–Ω—ã–π —Å–µ—Ä–≤–∏—Å! –í—Å—ë –±—ã–ª–æ –±—ã—Å—Ç—Ä–æ, –∫–∞—á–µ—Å—Ç–≤–µ–Ω–Ω–æ –∏ —Å —É–ª—ã–±–∫–æ–π. –û—á–µ–Ω—å –ø—Ä–∏—è—Ç–Ω–æ, –∫–æ–≥–¥–∞ —Å–æ—Ç—Ä—É–¥–Ω–∏–∫–∏ —Ç–∞–∫ –≤–µ–∂–ª–∏–≤—ã –∏ –≤–Ω–∏–º–∞—Ç–µ–ª—å–Ω—ã. –°–ø–∞—Å–∏–±–æ!",positive
35,"–ë–æ–ª—å—à–æ–µ —Å–ø–∞—Å–∏–±–æ “ö–∞—Ä–ª—ã“ì–∞—à –∑–∞ –∑–∞–º–µ—á–∞—Ç–µ–ª—å–Ω–æ–µ –æ–±—Å–ª—É–∂–∏–≤–∞–Ω–∏–µ –≤ –ú–∞–∫–¥–æ–Ω–∞–ª—å–¥—Å–µ! –í—Å–µ –±—ã–ª–æ –±—ã—Å—Ç—Ä–æ, –≤–∫—É—Å–Ω–æ –∏ —Å —É–ª—ã–±–∫–æ–π. –ü—Ä–æ—Ñ–µ—Å—Å–∏–æ–Ω–∞–ª—å–Ω—ã–π –∏ –¥–æ–±—Ä–æ–∂–µ–ª–∞—Ç–µ–ª—å–Ω—ã–π –ø–æ–¥—Ö–æ–¥ —Å–¥–µ–ª–∞–ª–∏ –º–æ–π –≤–∏–∑–∏—Ç –ø—Ä–∏—è—Ç–Ω—ã–º. –û–±—è–∑–∞—Ç–µ–ª—å–Ω–æ –≤–µ—Ä–Ω—É—Å—å —Å–Ω–æ–≤–∞!",positive
36,"–û—á–µ–Ω—å –æ—Ç–∑—ã–≤—á–∏–≤–∞—è –¥–µ–≤—É—à–∫–∞ –ø–æ –∏–º–µ–Ω–∏ –ö–∞—Ä–ª—ã–≥–∞—à!
–ë–ª–∞–≥–æ–¥–∞—Ä—é –∑–∞ —Ä–∞–±–æ—Ç—Éüôåüèª",positive
37,–ö–∞—Ä–ª—ã–≥–∞—à –¥–µ–≥–µ–Ω –∫—ã–∑ –∫—É—à—Ç—ã –µ–∫–µ–Ωüëçüèªüëçüèª,positive
38,“ö–∞—Ä–ª—ã“ì–∞—à —Ç”ô—Ç–µ ‚ù§Ô∏è‚ù§Ô∏è‚ù§Ô∏è‚ù§Ô∏è,positive
39,“ö–∞—Ä–ª—ã“ì–∞—à —Ç”ô—Ç–µ –ø—Ä—è—è—è–º –∫—É—à—Ç—ã “õ—ã–∑–º–µ—Ç–∫–µ—Ä –º–∞“ì–∞–Ω “õ–∞—Ä–ª—ã“ì–∞—à —Ç”ô—Ç–µ–Ω—ñ“£ –∞“õ –∫”©–Ω—ñ–ª–¥—ñ–ª—ñ–≥—ñ “õ–∞—Ç—Ç—ã “±–Ω–∞–¥—ã “õ–∞—Ä–ª—ã–≥–∞—à —Ç–∞—Ç–µ –Ω–∞ —Å—Ç–æ –≥–æ –ª—é–±–ª—é –µ–µ‚ù§Ô∏è‚ù§Ô∏èüíãüíã,positive
40,–ö–∞—Ä–ª–≤–≥–∞—à —Ç–∞—Ç–µ–µ –∫—É—à—Ç—ã –µ–∫–µ–Ω,positive
41,"“ö–∞—Ä–ª—ã“ì–∞—à ”ô–ø–∫–µ –∑–æ–æ–æ—Ä “õ–∞–±—ã–ª–¥–∞–π–¥—ã!! –ê–π–¥—ã“£ –µ“£ –∂–∞“õ—Å—ã “õ—ã–∑–º–µ—Ç—à—ñ—Å—ñ –±–æ–ª—É—ã–Ω–∞ –ª–∞–π—ã“õ—Ç—ã—ã! ”®—Ç–µ ”ô–¥–µ–º—ñ, –∞–¥–∞–º–¥—ã —Å–∏–ª–∞–π–¥—ã –µ–∫–µ–Ω! –ï—â—ë —Å–æ—Å–∫–∞–∞ —Å—ã–Ω–¥—ã–º üòçüòç",positive
42,"–ö–∞—Ä–ª—ã–≥–∞—à - –æ—Ç–≤–µ—Ç—Å—Ç–≤–µ–Ω–Ω—ã–π –∏ –ø—Ä–æ—Ñ–µ—Å—Å–∏–æ–Ω–∞–ª—å–Ω—ã–π —Ä–∞–±–æ—Ç–Ω–∏–∫, –≤—Å–µ–≥–¥–∞ –≤—ã–ø–æ–ª–Ω—è–µ—Ç –∑–∞–¥–∞—á–∏ –∫–∞—á–µ—Å—Ç–≤–µ–Ω–Ω–æ –∏ –≤ —Å—Ä–æ–∫. –†–µ–∫–æ–º–µ–Ω–¥—É—é!",positive
43,"–ö–∞—Ä–ª—ã–≥–∞—à –¥–µ–≥–µ–Ω –∫—ã–∑ ”©—Ç–µ –æ–∑–Ω –∂–∞–∫—Å—ã –∫”©—Ä—Å–µ—Ç—ñ
–ú–∞“ì–∞–Ω ”©—Ç–µ –∫—ã–∑–º–µ—Ç—ã —É–Ω–∞–¥—ã
–¢–∞“ì—ã–¥–∞ –∫–µ–ª–µ–º—ñ–Ω üëã",positive
44,"“ö–∞—Ä–ª—ã“ì–∞—à –û—Ç–ª–∏—á–Ω–æ–µ –æ–±—Å–ª—É–∂–∏–≤–∞–Ω–∏–µ, –≤–Ω–∏–º–∞—Ç–µ–ª—å–Ω–∞—è –∏ –¥–æ–±—Ä–æ–∂–µ–ª–∞—Ç–µ–ª—å–Ω–∞—è. –°–ø–∞—Å–∏–±–æ –∑–∞ –∑–∞–º–µ—á–∞—Ç–µ–ª—å–Ω—ã–π —Å–µ—Ä–≤–∏—Å!",positive
45,"–ú–∞“ì–∞–Ω –ö–∞—Ä–ª—ã–≥–∞—à –¥–µ–≥–µ–Ω –æ—Ñ–∏—Ü–∞–Ω—Ç–∫–∞ —É–Ω–∞–¥—ã, –æ–ª ”©—Ç–µ “õ–æ–Ω–∞“õ–∂–∞–π–ª—ã –∫—É—Ç–∏–ø –∞–ª–¥—ã, –∑–∞–∫–∞–∑—ã–º—ã–∑–¥—ã –¥”ô–ª —É–∞–∫—Ç—ã–Ω—ã–¥–∞ –∞–∫–µ–ø –±–µ—Ä–∏–ø, –±–∏–∑–≥–µ –∂–∞–∫—Å—ã –æ–±—Å–ª—É–∂–∏–≤–∞–Ω–∏–µ –∫–æ—Ä—Å–µ—Ç—Ç–∏, –∂”ô–Ω–µ –æ—Å—ã Im –Ω—ã“£ –µ“£ –∞–¥–µ–º–∏, –µ“£ –∫“Ø—à—Ç—ñ, –µ“£ –º—ã–∫—Ç—ã –æ—Ñ–∏—Ü–∞–Ω—Ç–∫–∞ –±–æ–ª–¥—ã, —Å–æ–ª “Ø—à—ñ–Ω –∫–∞—Ä–ª—ã–≥–∞—à–∫–∞ –∫–æ–ø —Ä–∞—Ö–º–µ—Ç",positive
46,"–ú–µ–Ω—è —Å–µ–≥–æ–¥–Ω—è –æ–±—Å–ª—É–∂–∏–≤–æ–≤–∞–ª–∞ –¥–µ–≤—É—à–∫–∞ –ö–∞—Ä–ª—ã–≥–∞—à,–æ–Ω–∞ –æ—á–µ–Ω—å –≤–µ–∂–ª–∏–≤–∞—è –∏ –º–Ω–µ –ø–æ–Ω—Ä–∞–≤–∏–ª–æ—Å—å –µ—ë –æ—å—Å–ª—É–∂–∏–≤–∞–Ω–∏–µ!üòÅ",positive
47,"–ú–µ–Ω—è –æ–±—Å–ª—É–∂–∏–≤–æ–≤–∞–ª–∞ –ö–∞—Ä–ª—ã–≥–∞—à –æ–Ω–∞ –æ—á–µ–Ω—å –∫—Ä–∞—Å–∏–≤–∞—è –∏ –≤–µ–∂–ª–∏–≤–∞—è, –æ–±—Å–ª—É–∂–∏–≤–∞–Ω–∏–µ –Ω–∞ –≤—ã—à–µ–º —É—Ä–æ–≤–Ω–µ.",positive
48,–û–±—Å–ª—É–∂–∏–≤–∞–ª–∞ –ö–∞—Ä–ª—ã–≥–∞—à.–û–±—Å–ª—É–∂–∏–≤–∞–Ω–∏–µ –æ—á–µ–Ω—å —Ö–æ—Ä–æ—à–æ–µ.–ú–Ω–µ –≤—Å–µ –æ—á–µ–Ω—å –ø–æ–Ω—Ä–∞–≤–∏–ª–æ—Å—å.–û–±—è–∑–∞—Ç–µ–ª—å–Ω–æ –ø—Ä–∏–¥—É –µ—â—ë —Ä–∞–∑.,positive
49,–ë—É–≥–∏–Ω –ê–∫–±–æ–ø–µ –î–µ–≥–µ–Ω –∫—ã–∑–¥–∞–Ω –∫–æ—Ñ–µ –∞–ª–¥—ã–∫. –û—Ç–µ –¥–∞–º–¥–∏ —Ä–∞–∫–º–µ—Çüòç,positive
50,"–û—á–µ–Ω—å —Ö–æ—Ä–æ—à–æ–µ –æ–±—Å–ª—É–∂–∏–≤–∞–Ω–∏–µ, –≤—Å–µ —Å–æ—Ç—Ä—É–¥–Ω–∏–∫–∏ –≤–µ–∂–ª–∏–≤—ã–µ,–µ–¥–∞ –≤—Å–µ–≥–¥–∞ –≥–æ—Ä—è—á–∞—è –∏ –≤–∫—É—Å–Ω–∞—è üëçüëçüëçüëç",positive
51,–ê–ª–∏–Ω–∞ –æ—á–µ–Ω—å –∫–ª–∞—Å—Å–Ω–∞—è –¥–µ–≤—É—à–∫–∞ü´∂üèª–í—Å–µ –ø–æ–Ω—Ä–∞–≤–∏–ª–æ—Å—å,positive
52,–ê–ª–∏–Ω–∞ —Å–∞–º–∞—è –ª—É—á—à–∞—è‚ù§Ô∏è,positive
53,"–î–µ–≤—É—à–∫–∞ –ø–æ –∏–º–µ–Ω–∏ –ê–ª–∏–Ω–∞ –±–æ–ª—å—à–∞—è –º–æ–ª–æ–¥—á–∏–Ω–∞ üòç–û—á–µ–Ω—å –≤–µ–∂–ª–∏–≤–∞—è,–ø—Ä–∏—è—Ç–Ω–∞—è üëçüèª",positive
54,"–û—á–µ–Ω—å –≤–∫—É—Å–Ω–æ, –ø—Ä–∏—è—Ç–Ω—ã–π –ø–µ—Ä—Å–æ–Ω–∞–ª, –æ–±—Å–ª—É–∂–∏–≤–∞–ª–∞ –ê–ª–∏–Ω–∞üòä",positive
55,"–ê—Ç–º–æ—Å—Ñ–µ—Ä–∞ –∫–ª–∞—Å—Å–Ω–∞—è –∏ –≤–∫—É—Å–Ω–∞—è –µ–¥–∞ , —Å–ø–∞—Å–∏–±–æ –ê–ª–∏–Ω–µ –æ—á–µ–Ω—å –≤–µ–∂–ª–∏–≤–∞—è‚úÖüòò",positive
56,"–ê–ª–∏–Ω–∞–∞ üëçüî•–û—á–µ–Ω—å –≤–µ–∂–ª–∏–≤–∞—è ,–æ—á–µ–Ω—å –≤–∫—É—Å–Ω–∞—è –µ–¥–∞))–°–ø–∞—Å–∏–±–æ –ê–ª–∏–Ω–µ",positive
57,"–û—á–µ–Ω—å –∫–ª–∞—Å—Å–Ω–æ–µ –º–µ—Å—Ç–æ,–æ—Ç–¥–µ–ª—å–Ω–æ —Å–ø–∞—Å–∏–±–æ –ê–ª–∏–Ω–∞üòò",positive
58,"–û—á–µ–µ–µ–Ω—å –≤–∫—É—Å–Ω–æ, –°–ø–∞—Å–∏–±–æ –ê–ª–∏–Ω–µ –∑–∞ —Ö–æ—Ä–æ—à–µ–µ –æ–±—Å–ª—É–∂–∏–≤–∞–Ω–∏–µ, –æ—á–µ–Ω—å –≤–µ–∂–ª–∏–≤–∞—è –∏ –º–∏–ª–∞—èüòçüòÆ‚Äçüí®",positive
59,"–ß–∞—Å—Ç–æ –±—ã–≤–∞–µ–º —Å –ø–æ–¥—Ä—É–≥–æ–π, –æ—á–µ–Ω—å –≤–∫—É—Å–Ω–æ –∏ –±—ã—Å—Ç—Ä–æ. –°–ø–∞—Å–∏–±–æ –ê–ª–∏–Ω–µ –∑–∞ —Ö–æ—Ä–æ—à–µ–µ –æ–±—Å–ª—É–∂–∏–≤–∞–Ω–∏–µ, –æ—á–µ–Ω—å –ø—Ä–∏—è—Ç–Ω–∞—è –∏ —Ö–æ—Ä–æ—à–∞—è –¥–µ–≤—É—à–∫–∞üòªüòª",positive
60,–í—Å–µ –±—ã–ª–æ –æ—á–µ–µ–µ–Ω—å –≤–∫—É—Å–Ω–æü§§ –ê–ª–∏–Ω–∞ —Ö–æ—Ä–æ—à–æ –æ–±—Å–ª—É–∂–∏–ª–∞ü•∞,positive
61,–û—á–µ–Ω—å –∫–ª–∞—Å—Å–Ω–æ–µ –æ–±—Å–ª—É–∂–∏–≤–∞–Ω–∏–µüëç–ê–ª–∏–Ω–∞ –æ—á–µ–Ω—å –¥–æ–±—Ä–∞—è)),positive
62,"–ê–ª–∏–Ω–∞ –æ—á–µ–Ω—å –≤–µ–∂–ª–∏–≤–∞—è,–ø–æ–º–æ–≥–ª–∞ –≤–æ –≤—Å–µ–ºü§ç",positive
63,–î–æ–±—Ä—ã–µ –∫–æ–Ω—Å—É–ª—å—Ç–∞–Ω—Ç—ã,positive
64,–û–±–æ–∂–∞—é —ç—Ç–æ—Ç —Ñ–∏–ª–∏–∞–ª,positive
65,"–•–æ—Ä–æ—à–µ–µ –æ–±—Å–ª—É–∂–∏–≤–∞–Ω–∏–µ, –≤–µ–∂–ª–∏–≤—ã–π –ø–µ—Ä—Å–æ–Ω–∞–ª –ñ–∞—Ä–∫—ã–Ω –≤–æ–ª–±—â–Ω –ª—É—á—à–∞—è",positive
66,–ù–∞–º –≤—Å–µ –ø–æ–Ω—Ä–∞–≤–∏–ª–æ—Å—å‚ú®‚ù§Ô∏èüòª,positive
67,–° –¥–æ—Å—Ç–∞–≤–∫–∏ —Å –ø–∞–∫–µ—Ç–∞ –≤—ã–ø–æ–ª–∑ –±–æ–ª—å—à–æ–π —Ç–∞—Ä–∞–∫–∞–Ω,negative
68,"–ü–æ—á–∏–Ω–∏—Ç–µ –≤—ã —É–∂–µ QR —Ç–µ—Ä–º–∏–Ω–∞–ª –≥–¥–µ –º–∞—à–∏–Ω—ã –¥–µ–ª–∞—é—Ç –∑–∞–∫–∞–∑, —É–∂–µ –ø–æ–ª –≥–æ–¥–∞ —á–µ—Ä–µ–∑ QR –Ω–µ –ø–ª–∞—Ç–∏—Ç—Å—è, –ø—Ä–∏—Ö–æ–¥–∏—Ç—Å—è –æ—Ç–¥–∞–≤–∞—Ç—å —Ç–µ–ª–µ—Ñ–æ–Ω —á—Ç–æ –±—ã –æ—Ç—Å–∫–∞–Ω–∏—Ä–æ–≤–∞–ª–∏ –Ω–∞ –∫–æ–º–ø—å—é—Ç–µ—Ä–µ",negative
69,–•–æ—Ä–æ—à–∏–π —Å–µ—Ä–≤–∏—Å,positive
70,–í—Å–µ –±—ã–ª–æ –æ—á–µ–Ω—å –æ—á–µ–Ω—å –≤–∫—É—Å–Ω–æ üôÇ‚Äç‚ÜïÔ∏èüôÇ‚Äç‚ÜïÔ∏è –ê–∫–∂–∞—Ä–∫—ã–Ω —Ö–æ—Ä–æ—à–æ –æ–±—Å–ª—É–∂–∏–ª–∞üòçü•∞,positive
71,"–ù–∞–º –≤—Å–µ –ø–æ–Ω—Ä–∞–≤–∏–ª–æ—Å—å, –∏ –µ–¥–∞ –∏ –∞—Ç–º–æ—Å—Ñ–µ—Ä–∞, –ê–∫–∂–∞—Ä–∫—ã–Ω –ª–∞–π–∫üôÇ‚Äç‚ÜîÔ∏è",positive
72,"–û—á–µ–Ω—å –ø—Ä–∏—è—Ç–Ω–æ–µ –º–µ—Å—Ç–æ –∏ –ø–µ—Ä—Å–æ–Ω–∞–ª, —á–∞—Å—Ç–æ —Ö–æ–¥–∏–º —Å—é–¥–∞üëç",positive
73,"–í–µ–∂–ª–∏–≤—ã–π –ø–µ—Ä—Å–æ–Ω–∞–ª, –≥–æ—Ç–æ–≤—è—Ç –±—ã—Å—Ç—Ä–æ –∏ –≤–∫—É—Å–Ω–æü§©üëç",positive
74,"–ï–¥–∞ –≤–∫—É—Å–Ω–∞—è –∏ —Ç—É—Ç –æ—á–µ–Ω—å —É—é—Ç–Ω–æ. –ê–∫–∂–∞—Ä–∫—ã–Ω –æ—á–µ–Ω—å –º–∏–ª–∞—è, —Ö–æ—Ä–æ—à–æ –æ–±—Å–ª—É–∂–∏–ª–∞üòäüôåüèª",positive
75,"–ï–¥–∞ –æ—á–µ–Ω—å –≤–∫—É—Å–Ω–∞—è —Å–ø–∞—Å–∏–±–æ –±–æ–ª—å—à–æ–µ, –ê–∫–∂–∞—Ä–∫—ã–Ω –º–∏–ª–∞—è –¥–µ–≤—É—à–∫–∞ –†–∞—Ö–º–µ—Ç –µ–π –∑–∞ –æ–±—Å–ª—É–∂–∏–≤–∞–Ω–∏–µüòãüòç",positive
76,–ú–∏–ª–∞—è –¥–µ–≤—É—à–∫–∞ –ê–∫–∂–∞—Ä–∫—ã–Ω –ø–æ–º–æ–≥–ª–∞ –Ω–∞–º —Å –≤—ã–±–æ—Ä–æ–º –∑–∞–∫–∞–∑–∞ —Ä–∞—Ö–º–µ–µ–µ–µ—Ç üòçüôè,positive
77,"–ê—Ç–º–æ—Å—Ñ–µ—Ä–∞ –∫–ª–∞—Å—Å–Ω–∞—è, –µ–¥–∞ –≤–∫—É—Å–Ω–∞—è, –ê–∫–∂–∞—Ä–∫—ã–Ω –æ—á–µ–Ω—å –º–∏–ª–∞—è –¥–µ–≤—É—à–∫–∞ —Å–ø–∞—Å–∏–±–æ –µ–π üíñ",positive
78,"–ê–∫–∂–∞—Ä–∫—ã–Ω –æ—á–µ–Ω—å –º–∏–ª–∞—è –¥–µ–≤—É—à–∫–∞, –∫–ª–∞—Å—Å–Ω–æ –æ–±—Å–ª—É–∂–∏–ª–∞ –Ω–∞—Å ü´∂üèª",positive
79,”®—Ç–µ –¥”ô–º–¥—ñ! –¢—ã–Ω—ã—à –∂”ô–Ω–µ –∞—Ç–º–æ—Å—Ñ–µ—Ä–Ω–æ,positive
80,"–í—Å–µ —á–∏—Å—Ç–æ, –∏ –µ–¥–∞ –ø—Ä–∏—à–ª–∞ –≥–æ—Ä—è—á–∞—è. –ê—Ç–º–æ—Å—Ñ–µ—Ä–∞ –±—ã–ª–∞ –Ω–µ –¥–∞–≤—è—â–∞—è, –º—ã —Å –ø–æ–¥—Ä—É–≥–∞–º–∏ —Ö–æ—Ä–æ—à–æ –ø–æ—Å–∏–¥–µ–ª–∏üëç",positive
81,–¢–∞–º–∞–∫—Ç–∞—Ä—ã –û—Ç–µ –∫—É—à—Ç–∏üòç,positive
82,"–ê–∫–∂–∞—Ä–∫—ã–Ω –æ—á–µ–Ω—å –º–∏–ª–∞—è –¥–µ–≤—É—à–∫–∞, –ø–æ–º–æ–≥–ª–∞ –Ω–∞–º —Å –∑–∞–∫–∞–∑–æ–º, —Ö–æ—Ä–æ—à–∏–π –ø–æ–¥—Ö–æ–¥ –∫ –¥–µ—Ç—è–ºüòä",positive
83,"–ú–Ω–µ –≤—Å–µ –ø–æ–Ω—Ä–∞–≤–∏–ª–æ—Å—å, –µ–¥–∞ –∑–¥–µ—Å—å –æ—á–µ–Ω—å –≤–∫—É—Å–Ω–∞—è!! –ü–µ—Ä—Å–æ–Ω–∞–ª –∏ –æ–±—Å–ª—É–∂–∏–≤–∞–Ω–∏–µ –Ω–∞ –≤—ã—Å—à–µ–º —É—Ä–æ–≤–Ω–µ! –ê–ª–∏–Ω–∞ –æ—Ç–ª–∏—á–Ω—ã–π —Å–æ—Ç—Ä—É–¥–Ω–∏–∫",positive
84,"–≤—Å–µ –±—ã–æ–æ –≤–∫—É—Å–Ω–æ, —Å–ø–∞—Å–∏–±–æ –∫–æ–º–∞–Ω–¥—É I,müòçüëçüèªü•∞",positive
85,–ù–µ –æ—á–µ–Ω—å,negative
86,"–í—Å–µ –ø–æ–Ω—Ä–∞–≤–∏–ª–æ—Å—å, —Å–ø–∞—Å–∏–±–æ",positive
87,–°–ø–∞—Å–∏–±–æ –±–æ–ª—å—à–æ–µ –∑–∞ –ê–∫–∂–∞—Ä–∫—ã–Ω,positive
88,"–ê–∫–∂–∞—Ä–∫—ã–Ω —Ç–∞–∫–∞—è –¥–æ–±—Ä–∞—è,—Å–ø–∞—Å–∏–±–æ –µ–π‚ù§Ô∏è",positive
89,"–ê–∫–∂–∞—Ä–∫—ã–Ω“ì–∞ —Ä–∞—Ö–º–µ–µ—Ç
–ë–∞—Ä–ª—ã“ì—ã ”©—Ç–µ –¥”ô–º–¥—ñ, —Ç–µ–∑ –¥–∞–π—ã–Ω –±–æ–ª–¥—ãüòç",positive
90,–ê–∫–∂–∞—Ä–∫—ã–Ω –æ—Ç–ª–∏—á–Ω–æ –æ–±—Å–ª—É–∂–∏–≤–∞–ª–∞ ü§©,positive
91,"I‚Äôm —Ä–µ—Å—Ç–æ—Ä–∞–Ω ,—á–∞—Å—Ç–æ –∫–µ–ª–µ–º—ã–∑ –æ—Ç–µ –¥–∞–º–¥—ã . –ê–∫–∂–∞—Ä–∫—ã–Ω —Å–æ—Ç—Ä—É–¥–Ω–∏—Ü–∞–≥–∞ —Ä–∞—Ö–º–µ—Ç ‚ù§Ô∏è",positive
92,"–ê–∫–∂–∞—Ä–∫—ã–Ω –æ—á–µ–Ω—å –º–∏–ª–∞—è –¥–µ–≤—É—à–∫–∞, –ø–æ–¥—Å–∫–∞–∑–∞–ª–∞ –ø—Ä–æ –Ω–æ–≤—ã–µ –∞–∫—Ü–∏–∏üíã",positive
93,–•–æ—Ä–æ—à–æ–µ –æ–±—Å–ª—É–∂–∏–≤–∞–Ω–∏–µ –ê–∫–∂–∞—Ä–∫—ã–Ω–≥–∞ –†–∞—Ö–º–µ—Ç üëçüëç,positive
94,–°–ø–∞—Å–∏–±–æ –∑–∞ –µ–¥—É –∏ —Å–ø–∞—Å–∏–±–æ –æ—Ç–¥–µ–ª—å–Ω–æ –∑–∞ –ê–∫–∂–∞—Ä–∫—ã–Ω –∑–∞ —Ö–æ—Ä–æ—à–µ–µ –æ–±—Å–ª—É–∂–∏–≤–∞–Ω–∏–µ,positive
95,–•–æ—Ä–æ—à–∏–π –ø–µ—Ä—Å–æ–Ω–∞–ª üëç –≤—Å–µ –≤–∫—É—Å–Ω–æ –∏ –ø–æ–ª–µ–∑–Ω–æ ‚ù§Ô∏èüôå,positive
96,"–•–æ—Ä–æ—à–∏–π –ø–µ—Ä—Å–æ–Ω–∞–ª, –≤—Å—ë –±—ã—Å—Ç—Ä–æ –∏ –≤–∫—É—Å–Ω–æ.",positive
97,"–û—á–µ–Ω—å –ø—Ä–∏—è—Ç–Ω—ã–π –ø–µ—Ä—Å–æ–Ω–∞–ª , –æ—Ñ–∏—Ü–∏–∞–Ω—Ç–∫–∞ –ê–ª–∏–Ω–∞ –æ—á–µ–Ω—å –ø–æ–º–æ–≥–ª–∞ –≤ –≤—ã–±–æ—Ä–µ –∑–∞–∫–∞–∑–∞,–≤—Å–µ –Ω–∞ –≤—ã—Å—à–µ–º —É—Ä–æ–≤–Ω–µ",positive
98,"–û—á–µ–Ω—å —Ö–æ—Ä–æ—à–µ–µ –æ–±—Å–ª—É–∂–∏–≤–∞–Ω–∏–µ, –ê–ª–∏–Ω–µ –æ—Ç–¥–µ–ª—å–Ω–æ–µ —Å–ø–∞—Å–∏–±–æ.",positive
99,"–•–æ—Ä–æ—à–µ–µ –∑–∞–≤–µ–¥–µ–Ω–∏–µ, –≤–∫—É—Å–Ω–∞—è –µ–¥–∞ , –ø—Ä–∏—è—Ç–Ω—ã–π –∫–æ–ª–ª–µ–∫—Ç–∏–≤ –æ—á–µ–Ω—å —Ö–æ—Ä–æ—à–∏–µ –ª—é–¥–∏",positive
100,"–ø—Ä–µ–∫—Ä–∞—Å–Ω–æ–µ –º–µ—Å—Ç–æ,–æ—á–µ–Ω—å –≤–∫—É—Å–Ω–æ –∫–æ—Ä–º—è—Ç,–æ—á–µ–Ω—å –¥–æ–±—Ä—ã–π –∏ –≤–µ–∂–ª–∏–≤—ã–π –ø–µ—Ä—Å–æ–Ω–∞–ª,–≤—Å–µ–≥–¥–∞ —Ö–æ–¥–∏–º –∏–º–µ–Ω–Ω–æ –≤ —ç—Ç—É —Ç–æ—á–∫—É",positive
101,"–£–∂–∞—Å–Ω–∞—è –¥–æ—Å—Ç–∞–≤–∫–∞ , –Ω–µ –¥–æ–ª–æ–∂–∏–ª–∏ –¥–≤–µ –ø–æ–∑–∏—Ü–∏–∏ –±–ª—é–¥–∞ –≤—Å–µ –ø—Ä–∏–µ—Ö–∞–ª–æ –≤ –æ—Å—Ç—ã–≤—à–æ–º –≤–∏–¥–µ –∞ —Ç–∞–∫–∂–µ –Ω–µ—Ç—É –ê–ë–°–û–õ–Æ–¢–ù–û –ù–ò–ö–ê–ö–û–ô –û–ë–†–ê–¢–ù–û–ô –°–í–Ø–ó–ò.",negative
102,"–ü–æ –∑–∞–∫–æ–Ω—É –†–ö –ö–∞–∑–∞—Ö—Å—Ç–∞–Ω –æ–±—Å–ª—É–∂–∏–≤–∞–Ω–∏–µ –¥–æ–ª–∂–Ω–æ –±—ã—Ç—å –Ω–∞ —è–∑—ã–∫–µ –æ–±—Ä–∞—â–µ–Ω–∏—è. –ü—Ä–∏—Ö–æ–∂—É –∏ —á–∞—Å—Ç–æ –±—ã–ª–æ, —á—Ç–æ –Ω–∞ —Ä—É—Å—Å–∫–æ–º –º–µ–Ω—è –Ω–µ –ø–æ–Ω–∏–º–∞—é—Ç. –ß–µ—Å—Ç–Ω–æ –≥–æ–≤–æ—Ä—è –Ω–µ–ø—Ä–∏—è—Ç–Ω–æ. –¢–∞–∫–∂–µ —Ü–µ–Ω–Ω–∏–∫ —Ä–∞—Å—Ç–µ—Ç –∞ –≤–∫—É—Å–Ω—ã—Ö –ø–æ–∑–∏—Ü–∏–π –Ω–µ—Ç—É. –í –∑–∞–≤–µ–¥–µ–Ω–∏–∏ —á–∏—Å—Ç–æ –∏ –æ–±—Å–ª—É–∂–∏–≤–∞–Ω–∏–µ —Ö–æ—Ä–æ—à–µ–µ",negative
103,"–í—Å–µ –æ—á–µ–Ω—å –ø–æ–Ω—Ä–∞–≤–∏–ª–æ—Å—å, —Å–ø–∞—Å–∏–±–æ –±–æ–ª—å—à–æ–µ ‚ù§Ô∏è",positive
104,–¥–æ–≤–æ–ª—å–Ω–æ –≤–∫—É—Å–Ω–æ –∏ —Ö–æ—Ä–æ—à–µ–µ –æ–±—Å–ª—É–∂–∏–≤–∞–Ω–∏–µ,positive
105,"–º–µ–Ω–µ–¥–∂–µ—Ä –∏–ª–∏ –∫–∞—Å—Å–∏—Ä—à–∞ —Å–µ–≥–æ–¥–Ω—è –≤–æ –≤—Ä–µ–º—è 14:00 –æ–∫–æ–ª–æ –∫–∞–∫ –ø–æ–ø–∞–ª–∞ –ø—Ä–∏–Ω–∏–º–∞–ª–∞ –∑–∞–∫–∞–∑, –∏ —Å –Ω–µ–≥–∞—Ç–∏–≤–æ–º –æ–±—â–∞–ª–∞—Å—å, –∏ –æ—Ç –Ω–µ —Ö–æ—á—É —Ä–∞–±–æ—Ç–∞–ª–∞, —è –≤–µ–∂–ª–∏–≤–æ –æ–±—â–∞–ª—Å—è –¥–æ –∫–æ–Ω—Ü–∞, –ø–æ–∫–∞ –æ–Ω–∞ –Ω–µ –±—Ä–æ—Å–∏–ª–∞ –Ω–∞ –º–µ–Ω—è —Ñ—Ä–∏ –∏ —Å–∫–∞–∑–∞–ª–∞ —Å–∞–º –ø–æ–ª–æ–∂–∏ –≤ –ø–∞–∫–µ—Ç –≤—Ä–æ–¥–µ –±—ã –∑–æ–≤—É—Ç –ê—Å–µ–ª—å –∏–ª–∏ –∫–∞–∫ —Ç–æ —Ç–∞–∫ –Ω–µ–º–Ω–æ–∂–∫–æ –ø–æ–ª–Ω–∞—è –¥–µ–≤—É—à–∫–∞ ( —è –Ω–µ –æ—Å—É–∂–¥–∞—é —Ç–µ–ª–æ—Å–ª–æ–∂–µ–Ω–∏–µ –∞ –¥–∞—é –ø–æ–∫–∞–∑–∞–Ω–∏—è –Ω–∞ —Ç–æ —á—Ç–æ –±—ã –Ω–∞—à–ª–∏ —ç—Ç—É –¥–µ–≤—É—à–∫—É) –ø—Ä–æ—à—É –µ–µ –ø—Ä–æ–≤–µ—Ä–∏—Ç—å –Ω–∞ –ø—Å–∏—Ö–∏–∫—É",negative
106,"–û—á–µ–Ω—å –≤–∫—É—Å–Ω–æ, —á–∏—Å—Ç–æüëç —Ç–∞–∫ –µ—â–µ —É –º–µ–Ω—è –∫–ª–∞—Å—Å–Ω–∞—è —Ñ–æ—Ç–∫–∞ –ø–æ–ª—É—á–∏–ª–æ—Å—å.",positive
107,–æ—á –≤–∫—É—Å–Ω–∞ –Ω—è–º–Ω—è–º–Ω—è–º,positive
108,–û–±—Å–ª—É–∂–∏–≤–∞–Ω–∏–µ –Ω–∞ –≤—ã—Å–æ—Ç–µ,positive
109,–°–ø–∞—Å–∏–±–æ –∫–∞–∫ –≤—Å–µ–≥–¥–∞ –≤—Å–µ –≤–∫—É—Å–Ω–æ –∏ –æ—Ç–¥–µ–ª—å–Ω–æ–µ —Å–ø–∞—Å–∏–±–æ –ê—Ä—É–∂–∞–Ωü•∞ü´∂,positive
110,"–¶–µ–Ω—ã –≤ –º–µ–Ω—é —Ä–µ–∫–ª–∞–º–Ω–æ–≥–æ —Å—Ç–µ–Ω–¥–∞ –æ—Ç–ª–∏—á–∞—é—Ç—Å—è –æ—Ç —Ä–µ–∞–ª—å–Ω—ã—Ö, –∫–∞—Ä—Ç–æ—à–∫–∞ —Ñ—Ä–∏ 800 —Ç–≥ —Å—Ç–∞–ª–æ, —Ö–æ—Ç—è –Ω–∞–ø–∏—Å–∞–Ω–æ 700, –≤—Å–µ –ø–æ–¥–æ—Ä–æ–∂–∞–ª–æ, –∑–∞–∫–∞–∑–∞–≤ –µ–¥—É –∏ –æ–ø–ª–∞—á–∏–≤–∞—è –∏—Ç–æ–≥–æ–≤–∞—è —Å—É–º–º–∞ –æ—Ç–ª–∏—á–∞–µ—Ç—Å—è —Å—É—â–µ—Å—Ç–≤–µ–Ω–Ω–æ, –∞ —Ç–∞–∫ –≤ —Ü–µ–ª–æ–º —Ç–∞–∫–∂–µ –≤—Å–µ –≤–∫—É—Å–Ω–æ",neutral
111,"–¢—Ä—É–±–æ—á–∫–∞–ª–∞—Ä—ã“£—ã–∑–¥—ã –∞—É—ã—Å—Ç—ã—Ä—ã“£—ã–∑–¥–∞—Ä—à—ã. –ö–æ–∫—Ç–µ–π–ª—å —ñ—à—É –º“Ø–º–∫—ñ–Ω –µ–º–µ—Å, —Ç—Ä—É–±–æ—á–∫–∞–ª–∞—Ä—Ç”©—Ç–µ –∂“±–º—Å–∞“õ",negative
112,"–≤–∫—É—Å–Ω–∞—è –µ–¥–∞ –∏ —Ä–∞–±–æ—Ç–Ω–∏–∫–∏ –æ—Ç–ª–∏—á–Ω—ã–µ!!–∫–æ–º—Ñ–æ—Ä—Ç–Ω–æ–µ –º–µ—Å—Ç–æ, —Å–æ–≤–µ—Ç—É—é.",positive
113,"–ë—ã–ª–æ –æ—á–µ–Ω—å –≤–∫—É—Å–Ω–æ,—Ä–∞–±–æ—Ç–Ω–∏–∫–∏ –æ—á–µ–Ω—å –º–∏–ª—ã–µ,–¥–æ–±—Ä—ã–µ, —Å–ø–∞—Å–∏–±–æ!",positive
114,"–í—Å–µ–≥–¥–∞ —á–∏—Å—Ç–æ, –≤–µ–∂–ª–∏–≤—ã–π –ø–µ—Ä—Å–æ–Ω–∞–ª. –û—á–µ–Ω—å –∫–æ–º—Ñ–æ—Ä—Ç–Ω–∞—è –ø–æ—Å–∞–¥–∫–∞. –ò –∫–æ–Ω–µ—á–Ω–æ –≤–∫—É—Å–Ω–∞—è –µ–¥–∞ üëç
–°–ø–∞—Å–∏–±–æ –∑–∞ –∫–ª–∞—Å—Å–Ω—É—é —Ç–æ—á–∫—É ‚ù§Ô∏è",positive
115,"–¥–æ–±—Ä—ã–µ —Å–æ—Ç—Ä—É–¥–Ω–∏–∫–∏, –≤–µ–∑–¥–µ —á–∏—Å—Ç–æ, —á–∞—Å—Ç–æ –ø—Ä–∏—Ö–æ–∂—É —Å—é–¥–∞ —Å —Ä–æ–¥–Ω—ã–º–∏",positive
116,–Ω–µ –≤—ã–¥–∞–ª–∏ –º–æ—Ä–æ–∂–µ–Ω–æ–µ,negative
117,"–ù–∞ –¥–æ—Å—Ç–∞–≤–∫—É –≤—Å–µ–≥–¥–∞ –ø—Ä–∏—Ö–æ–¥–∏—Ç —Ä–∞–∑–ª–∏—Ç–∞—è –∫–æ–ª–ª–∞, –≤—Å—è —Ñ—Ä–∏ –≤ –∫–æ–ª–µ, —Å –ø–∞–∫–µ—Ç–∞ —Ç–µ—á–µ—Ç. –°–æ—Ç—Ä—É–¥–Ω–∏–∫–∏ –ø–ª–æ—Ö–æ –∑–∞–∫—Ä—ã–≤–∞—é—Ç",negative
118,"–í–∫—É—Å–Ω–æ, –±—ã—Å—Ç—Ä–æ –∏ –∫–∞—á–µ—Å—Ç–≤–µ–Ω–Ω–æ! –í—Å–µ–≥–¥–∞ –∫–ª–∞—Å—Å–Ω–∞—è –∞—Ç–º–æ—Å—Ñ–µ—Ä–∞, –≤–µ–∂–ª–∏–≤—ã–µ —Å–æ—Ç—Ä—É–¥–Ω–∏–∫–∏, –æ—Å–æ–±–µ–Ω–Ω–æ —Ö–æ—Ç–µ–ª–æ—Å—å –±—ã –æ—Ç–º–µ—Ç–∏—Ç—å –ï—Ä–∫–µ–∂–∞–Ω, –æ—Ç–¥–µ–ª—å–Ω–æ–µ —Å–ø–∞—Å–∏–±–æ)",positive
119,–õ—É—á—à–∏–π —Ñ–∞—Å—Ç —Ñ—É–¥ –≤ —Å–≤–æ–µ–π –∫–∞—Ç–µ–≥–æ—Ä–∏–∏,positive
120,"–û—á–µ–Ω—å –≤–∫—É—Å–Ω–æ –∏ –±—ã—Å—Ç—Ä–æ, –∞ —Å–∞–º–æ–µ –≥–ª–∞–≤–Ω–æ–µ –¥—Ä—É–∂–µ–ª—é–±–Ω—ã–π –ø–µ—Ä—Å–æ–Ω–∞–ª ( —Å–ø–∞—Å–∏–±–æ –æ—Ç–¥–µ–ª—å–Ω–æ–µ –∫–∞—Å—Å–∏—Ä—à–µ –∑–∞ —Ç–æ —á—Ç–æ –ø—Ä–∏–Ω–µ—Å–ª–∞ —á–µ–∫, –∫–æ—Ç–æ—Ä—ã–π –∑–∞–±—ã–ª –≤–∑—è—Ç—å )",positive
121,"–ü–æ—Å–ª–µ —É–Ω–∏–∫–∞ –ø—Ä–∏—à–ª–∏ —Ç–∞–∫–∏–µ –ø–æ–∫—É—à–∞—Ç—å, –∏ –≤–∫—É—Å–Ω–æ –ø–∏–ø–µ—Ü. –î–µ–≤—É—à–∫–∞ –º–µ–Ω–µ–¥–∂–µ—Ä—à–∞ –º–∏–ª–∞—à–∫–∞.",positive
122,"–•—É–¥—à–∞—è.. –°–∞–º–∏ –ø—Ä–∏–¥—É–º—ã–≤–∞—é—Ç –∞–∫—Ü–∏—é –∏ —Å–∞–º–∏ –∂–µ –≤—ã—Å—Ç–∞–≤–ª—è—é—Ç —è–∫–æ–±—ã –æ–Ω–∏ –Ω–µ –≤–∏–Ω–æ–≤–∞—Ç—ã, –æ–¥–Ω–∏–º —Å–ª–æ–≤–æ–º —à–∞—Ä–ª–∞—Ç–∞–Ω—ã",negative
123,–ù–µ—Ç —Ä–∞–∑–¥–µ–ª—å–Ω–æ–π –æ–ø–ª–∞—Ç—ã,negative
124,–ø—Ä–∏—è—Ç–Ω–∞—è –∞—Ç–º–æ—Å—Ñ–µ—Ä–∞ –∏ –≤–µ–∂–ª–∏–≤—ã–µ —Å–æ—Ç—Ä—É–¥–Ω–∏–∫–∏!!,positive
125,–û—á–µ–µ–µ–µ–Ω—å –≤–∫—É—Å–Ω–æ. –ø—Ä–∏—è—Ç–Ω–∞—è –∞—Ç–º–æ—Å—Ñ–µ—Ä–∞ üòã,positive
126,–°–ø–∞—Å–∏–±–æ –ï—Ä–∫–µ–∂–∞–Ω –∑–∞ –≤–µ–∂–ª–∏–≤–æ—Å—Ç—å . –í—Å–µ –≤–∫—É—Å–Ω–æ –∏ –±—ã—Å—Ç—Ä–æ üí®,positive
127,–û—Ç–ª–∏—á–Ω–æ–µ –∫–∞—Ñ–µ —Å —Ö–æ—Ä–æ—à–µ–π –µ–¥–æ–π –∏ –≤–Ω–∏–º–∞—Ç–µ–ª—å–Ω—ã–º –ø–µ—Ä—Å–æ–Ω–∞–ª–æ–º. –û–±—è–∑–∞—Ç–µ–ª—å–Ω–æ –≤–µ—Ä–Ω—É—Å—å!,positive
128,"–û—á–µ–Ω—å –≤–∫—É—Å–Ω–æ –∏ –ø—Ä–∏—è—Ç–Ω–æ, —Å–ø–∞—Å–∏–±–æ –∑–∞ –≤–∞—à —Ç—Ä—É–¥ü´∂üèªüíù",positive
129,"–°–µ–≥–æ–¥–Ω—è –±—ã–ª–∞ –≤ —ç—Ç–æ–π —Ç–æ—á–∫–µ, –≤—Å–µ –ø—Ä–µ–∫—Ä–∞—Å–Ω–æ.
–û—Å–æ–±–æ–µ —Å–ø–∞—Å–∏–±–æ –ê–∫—Å–µ–∑—ã–º,–æ—á–µ–Ω—å –º–∏–ª–∞—è –∫—Ä–∞—Å–∏–≤–∞—è,–∞–∫—É—Ä–∞—Ç–Ω–∞—è –¥–µ–≤—É—à–∫–∞ üíñüíñüíñ",positive
130,"–≤–∫—É—Å–Ω–∞—è –µ–¥–∞, –±—ã—Å—Ç—Ä–æ–µ –æ–±—Å–ª—É–∂–∏–≤–∞–Ω–∏–µ",positive
131,–ú–Ω–µ –≤—Å–µ –Ω—Ä–∞–≤–∏—Ç—Å—è !,positive
132,–í–∫—É—Å–Ω–æ –∏ –±—ã—Å—Ç—Ä–æ —Å–µ—Ä–≤–∏–∑ —Å—É–ø–µ—Äüëçüëçüëçüëç,positive
133,"–û—Ç–ª–∏—á–Ω–æ–µ –∑–∞–≤–µ–¥–µ–Ω–∏–µ, –¥–æ–±—Ä—ã–µ —Å–æ—Ç—Ä—É–¥–Ω–∏–∫–∏ üëçüëçüëçüëçüëç",positive
134,–í—Å–µ —Å—É–ø–µ—Ä üî•,positive
135,"–ë“Ø–≥—ñ–Ω –∑–∞–∫–∞–∑ –±–µ—Ä–¥—ñ–∫ –∏ –∫–æ–ª–∞ –±–∞—Ä–ª—ã“õ –∂–µ—Ä–≥–µ —Ç”©–≥—ñ–ª—ñ–ø –∫–µ–ª–¥—ñ, –∫—Ä—ã—à–∫–∞—Å—ã–Ω –¥“±—Ä—ã—Å—Ç–∞—Å–∞“£—ã–∑–¥–∞—Ä, –±“±—Ä—ã–Ω“ì—ã–¥–∞–π –µ–º–µ—Å –∫–∞–∑ “õ–∞“ì–∞–∑ –∂–∞–±—ã—Å—Ç—ã—Ä—ã–ø –∂–±–µ—Ä–µ—Ç–Ω –±–æ–ª–ø—Ç—ã, –∫–∞“ì–∞–∑—ã –¥—É—Ä—ã—Å –∂–∞–±—ã—Å–ø–∞–π –∞—à—ã–ª—ã–ø –∫–µ—Ç—ñ–ø—Ç—ñ, –ø–æ–ª–Ω—ã–π –±—É—Ä–≥–µ—Ä –±”ô—Ä—ñ —Å—É –±–æ–ª–ø –∫–µ–ª–¥—ñü•≤",negative
136,"–ù–∞ –≤–∫—É—Å –∫–∞–∫ –º–∞–∫–¥–æ–Ω–∞–ª—å–¥—Å, —Ö–∑ –ø–æ—á–µ–º—É",neutral
137,"–û—Ç–∫–∞–∑–∞–ª–∏ –≤ –∞–∫—Ü–∏–∏, –≤ –∫–æ—Ç–æ—Ä—ã–π –ø—Ä–∏ —Ä–µ–≥–∏—Å—Ç—Ä–∞—Ü–∏–∏ –≤ –ø—Ä–∏–ª–æ–∂–µ–Ω–∏–∏ –¥–æ–ª–∂–Ω—ã –±—ã–ª–∏ –¥–∞—Ç—å –±–µ—Å–ø–ª–∞—Ç–Ω—ã–π —Ä–æ–∂–æ–∫. –•–æ—Ç—è –¥–ª—è –ø–æ–∫—É–ø–∫–∏ —Ä–æ–∂–∫–∏ –±—ã–ª–∏, –∫–∞—Å—Å–∏—Ä –¥–∞–∂–µ –Ω–∏—á–µ–≥–æ –Ω–µ –æ–±—ä—è—Å–Ω–∏–ªüëéüèΩ",negative
138,"–Ω–µ –¥–∞–ª–∏ –±–µ—Å–ø–ª–∞—Ç–Ω–æ–µ –º–æ—Ä–æ–∂–µ–Ω–æ–µ, —Ö–æ—Ç—è –ø–æ –∞–∫—Ü–∏–∏ –Ω–∞–ø–∏—Å–∞–Ω–æ –¥–∞—é—Ç, –∑–∞—á–µ–º —Ç–æ–≥–¥–∞ –¥–µ–ª–∞—Ç—å –∞–∫—Ü–∏—é?",negative
139,"—Ö–æ—á—É –≤—ã—Ä–∞–∑–∏—Ç—å —Å–≤–æ—é –±–ª–∞–≥–æ–¥–∞—Ä–Ω–æ—Å—Ç—å, —ç—Ç–æ–º—É –∑–∞–≤–µ–¥–µ–Ω–∏—é! –ü–æ–º–æ–≥–∞–µ—Ç –ª—É—á—à–µ –ª—é–±–æ–≥–æ —Å–ª–∞–±–∏—Ç–µ–ª—å–Ω–æ–≥–æ. –¢–∞–∫, –º–æ–π –∂–µ–ª—É–¥–æ–∫ –µ—â—ë –Ω–∏–∫—Ç–æ –Ω–µ –ø—Ä–æ—á–∏—â–∞–ª. –¢–æ–ª—å–∫–æ –≤–æ—Ç –≤—Ä–µ–º—è –¥–µ–π—Å—Ç–≤–∏—è –Ω–µ –ø–æ—Ä–∞–¥–æ–≤–∞–ª–æ, –ø–æ-–º–æ–µ–º—É, –æ—á–∏—Å—Ç–∫–∞ –Ω–∞ 2 –Ω–µ–¥–µ–ª–∏ —ç—Ç–æ —Å–ª–∏—à–∫–æ–º‚Ä¶ –≤—ã —Ç–∞–∫ –Ω–µ –¥—É–º–∞–µ—Ç–µ?",positive
140,"–°–¥–µ–ª–∞–ª–∞ –∑–∞–∫–∞–∑ –Ω–∞ –º–æ–ª–æ—á–Ω—ã–π –∫–æ–∫—Ç–µ–π–ª –ø—Ä–∏–Ω–µ—Å–ª–∏ –º–æ—Ä–æ–∂–µ–Ω–æ–µ, –∫–æ—Ç–æ—Ä–æ–µ –Ω–µ –ø—å–µ—Ç—Å—è. –ê–¥–º–∏–Ω –ø–∞—Ä–µ–Ω—å –Ω–∞—á–∞–ª —É—Ç–≤–µ—Ä–∂–¥–∞—Ç—å, —á—Ç–æ —É –Ω–∞—Å —Ç–µ–º–ø–µ—Ä–∞—Ç—É—Ä–∞ —Ç–∞–∫–∞—è. –Ø –æ—Ç–∫—Ä—ã–ª–∞ –∏ –ø–æ–∫–∞–∑–∞–ª–∞, —á—Ç–æ –æ–Ω –¥–∞–∂–µ –Ω–µ –ø—å–µ—Ç—Å—è, –Ω–∞ —á—Ç–æ –∞–¥–º–∏–Ω –º–Ω–µ –æ—Ç–≤–µ—á–∞–µ—Ç: –ù—É —É –Ω–µ–≥–æ –≤–∫—É—Å –≤–∞–Ω–∏–ª–∏ –∂–µ –µ—Å—Ç—å. –õ-–ª–æ–≥–∏–∫–∞.
–û—Ç—Å—É—Ç—Å—Ç–≤–∏–µ –∫–∞–∫–æ–π-–ª–∏–±–æ –∫–æ–º–º—É–Ω–∏–∫–∞—Ü–∏–∏ —Å –∫–ª–∏–µ–Ω—Ç–∞–º–∏.",negative
141,"–°–µ—Ä–≤–∏—Å —Ö–æ—Ä–æ—à–∏–π. –ê –∫–∞—á–µ—Å—Ç–≤–æ –º—è—Å–æ –æ—Å—Ç–∞–≤–ª—è–µ—Ç –∂–µ–ª–∞—Ç—å –ª—É—á—à–µ–≥–æ. –ó–∞–∫–∞–∑–∞–ª–∞ —Ä–æ–ª –±–∏—Ñ, –≥–æ–≤—è–∂—å—è –∫–æ—Ç–ª–µ—Ç–∫–∏ –≤ –Ω—ë–º –∫–∞–∫ –∫–∞—Ä—Ç–æ–Ω –Ω–∞ –≤–∫—É—Å –∏ –ø–æ –∫–æ–Ω—Å–∏—Å—Ç–µ–Ω—Ü–∏–∏ —Ç–æ–∂–µ.",negative
142,”®—Ç–µ –∞–µ—Ä–µ–º–µ—Ç,positive
143,–ü–∏—Ä–æ–∂–æ–∫ —Å –º–∞–ª–∏–Ω–æ–π –∏–º–±–∞ üòãü§§üôèüèªüòçüòãü§§üòãü§§ü§§üòãü§§üòãü§§üòãü§§üòãü§§üòãüòçüòçüòãüòçüòãü§§üòãüòç,positive
144,"–•–æ—á—É –≤—ã—Ä–∞–∑–∏—Ç—å –±–ª–∞–≥–æ–¥–∞—Ä–Ω–æ—Å—Ç—å —Å–æ—Ç—Ä—É–¥–Ω–∏–∫—É –°–∞–Ω–∂–∞—Ä—É –∑–∞ –æ—Ç–ª–∏—á–Ω–æ–µ –æ–±—Å–ª—É–∂–∏–≤–∞–Ω–∏–µ! –û–Ω –±—ã–ª –≤–µ–∂–ª–∏–≤—ã–º, –≤–Ω–∏–º–∞—Ç–µ–ª—å–Ω—ã–º –∏ –±—ã—Å—Ç—Ä–æ –≤—ã–ø–æ–ª–Ω–∏–ª –∑–∞–∫–∞–∑. –í–∏–¥–Ω–æ, —á—Ç–æ –°–∞–Ω–∂–∞—Ä —Ä–∞–±–æ—Ç–∞–µ—Ç —Å –¥—É—à–æ–π –∏ –∑–∞–±–æ—Ç–∏—Ç—Å—è –æ –∫–ª–∏–µ–Ω—Ç–∞—Ö. –ï–≥–æ –ø–æ–∑–∏—Ç–∏–≤–Ω–æ–µ –æ—Ç–Ω–æ—à–µ–Ω–∏–µ —Å–¥–µ–ª–∞–ª–æ –º–æ–π –≤–∏–∑–∏—Ç –ø—Ä–∏—è—Ç–Ω—ã–º. –°–ø–∞—Å–∏–±–æ –∑–∞ –∫–∞—á–µ—Å—Ç–≤–µ–Ω–Ω—É—é —Ä–∞–±–æ—Ç—É –∏ –ø—Ä–µ–∫—Ä–∞—Å–Ω–æ–µ –Ω–∞—Å—Ç—Ä–æ–µ–Ω–∏–µ!",positive
145,"–ß–∞—Å—Ç–æ —Å—é–¥–∞ –ø—Ä–∏—Ö–æ–∂—É , –≤—Å–µ –Ω—Ä–∞–≤–∏—Ç—Å—è . –í—Å–µ –≤–∫—É—Å–Ω–æ,—á–∏—Å—Ç–æ ,–≤–µ–∂–ª–∏–≤—ã–π –ø–µ—Ä—Å–æ–Ω–∞–ª.",positive
146,–í—Å–µ –æ—á–µ–Ω—å –≤–∫—É—Å–Ω–æüëçüëçüëç —á–∞—Å—Ç–æ –∑–¥–µ—Å—å –∫—É—à–∞–µ–ºüòò,positive
147,–í—Å—ë –≤–∫—É—Å–Ω–æ,positive
148,–û—á–µ–Ω—å –≤–∫—É—Å–Ω–æ –±—ã–ª–æüòç —Å–ø–∞—Å–∏–±–æ –≤–∞–º ‚ù§Ô∏è,positive
149,"–°—É–ø–µ—Ä, —Å–ø–∞—Å–∏–±–æ –æ—Ñ–∏—Ü–∏–∞–Ω—Ç—É –ø–æ –∑–∞–ª—É –∫–∞–∂–µ—Ç—Å—è –ò–ª—å—à–∞—Ç, –æ–Ω –±—ã–ª –≤ —Å–º–µ–Ω—É 26.01., –æ—á–µ–Ω—å –≤–Ω–∏–º–∞—Ç–µ–ª—å–Ω–æ –æ—Ç–Ω–æ—Å–∏–ª—Å—è –∫ —Å–≤–æ–µ–π —Ä–∞–±–æ—Ç–µ. –ü—Ä–∏ –≤—Ö–æ–¥–µ —è –±—ã–ª–∞ —Å —Ä–µ–±–µ–Ω–∫–æ–º, –æ–Ω –≤—Å—Ç—Ä–µ—Ç–∏–ª, –æ—Ç–∫—Ä—ã–ª –¥–≤–µ—Ä—å, –ø–æ–º–æ–≥ –∑–∞–π—Ç–∏, –æ—á–µ–Ω—å –ø—Ä–∏–≤–µ—Ç–ª–∏–≤–æ –≤—Å—Ç—Ä–µ—Ç–∏–ª, –ø—Ä–µ–¥–ª–æ–∂–∏–ª –ø–æ–º–æ—â—å —Å —Ä–µ–±–µ–Ω–∫–æ–º, –ø–æ—Å–ª–µ –ø—Ä–∏–Ω–µ—Å –∑–∞–∫–∞–∑, –ø–æ–¥–∞—Ä–∏–ª —Ä–µ–±–µ–Ω–∫—É —à–∞—Ä–∏–∫ –∏ –∫–æ—Ä–æ–Ω—É. –≠—Ç–æ —Ö–æ—Ç—å –∏ –º–µ–ª–æ—á–∏ –Ω–æ +1000 –∫ –Ω–∞—Å—Ç—Ä–æ–µ–Ω–∏—é. –°–ø–∞—Å–∏–±–æ! –ó–∞–∫–∞–∑ –±—ã–ª –≥–æ—Ç–æ–≤ –º–µ–Ω–µ–µ —á–µ–º –∑–∞ 10 –º–∏–Ω—É—Ç. –¢–∞–∫–æ–π —Å–µ—Ä–≤–∏—Å –ø—Ä–æ—Å—Ç–æ –Ω–∞ –≤—ã—Å–æ—Ç–µ.",positive
150,”®—Ç–µ –¥”ô–º–¥—ñ —Ä–∞–±–æ—Ç–Ω–∏–∫ –ê—è–∂–∞–Ω –≤–µ–∂–ª–∏–≤–∞—è,positive