Review,Sentiment
–ü–∞—Ä–∫–æ–≤–∫–∏ –Ω–µ—Ç,negative
"–ö–∞—Ä–∞–∫ —á–∞–π –Ω–µ –ø–æ—Ö–æ–∂ –Ω–∏ –Ω–∞ –¥—É–±–∞–π—Å–∫–∏–π –Ω–∏ –Ω–∞ –æ–º–∞–Ω—Å–∫–∏–π, –ø–∞–ª—å –≤ –æ–±—â–µ–º, –∫–∏—Å–ª–∞—è –∫–∞–∫–∞—è-—Ç–æ. –ß–∞–π –º–∞–≥—Ä–∏–±–∏ –º–Ω–µ —Ä–µ–∫–æ–º–µ–Ω–¥–æ–≤–∞–ª–∏ –∫–∞–∫ —á–∞–π —Å 5 —é –≤–∏–¥–∞–º–∏ –º—è—Ç—ã, –≤ –∏—Ç–æ–≥–µ –ø—Ä–æ–¥–∞–ª–∏ —á–∞–π —Å –º—è—Ç–Ω—ã–º —Å–∏—Ä–æ–ø–æ–º(( –ï—Å–ª–∏ –Ω–µ —É–º–µ–µ—Ç–µ –≥–æ—Ç–æ–≤–∏—Ç—å —á–∞–π, —Ç–æ –ª—É—á—à–µ —É–∂ –ø—Ä–æ—Å—Ç–æ —á–µ—Ä–Ω—ã–π –∏ –∑–µ–ª—ë–Ω—ã–π –ø–æ–¥–∞–≤–∞—Ç—å. –°–ö–ê–ú –Ω–∞ –º—É—Å—É–ª—å–º–∞–Ω—Å–∫–∏—Ö —Ç—Ä–∞–¥–∏—Ü–∏—è—Ö",negative
"–û—á–µ–Ω—å –ª—é–±–ª—é –∫–∞—Ä–∞–∫ —á–∞–π, –Ω–æ –∫–æ–≥–¥–∞ –µ–≥–æ –±—ã—Å—Ç—Ä–æ-–±—ã—Å—Ç—Ä–æ –≥–æ—Ç–æ–≤—è—Ç, –≤–∫—É—Å –¥—Ä—É–≥–æ–π ü´†",positive
"–ì–æ—Ä—è—á–∏–µ –Ω–∞–ø–∏—Ç–∫–∏ —É –≤–∞—Å –æ—Ç–ª–∏—á–Ω—ã–µ, –æ—á–µ–Ω—å –Ω—Ä–∞–≤—è—Ç—Å—è!
 
 –ê –≤–æ—Ç —Å –∞–π—Å-–Ω–∞–ø–∏—Ç–∫–∞–º–∏ –µ—Å—Ç—å –Ω–µ–±–æ–ª—å—à–∞—è –ø—Ä–æ–±–ª–µ–º–∞: –∫–∞–∂–µ—Ç—Å—è, —á—Ç–æ –≤ —Å—Ç–∞–∫–∞–Ω–µ —Å–ª–∏—à–∫–æ–º –º–Ω–æ–≥–æ –ª—å–¥–∞ –∏ —Å–æ–≤—Å–µ–º –º–∞–ª–æ –Ω–∞–ø–∏—Ç–∫–∞.",positive
"–õ—é–±–∏—Ç–µ–ª—è–º —á–∞—è –∏ –≤–∫—É—Å–Ω—ã—Ö –∑–∞–∫—É—Å–æ–∫ –ø–æ—Å–≤—è—â–∞–µ—Ç—Å—è! –°–µ–π—á–∞—Å –∏—Ö —á–∞–ø–∞—Ç–∏ —Å—Ç–∞–ª–∏ –µ—â–µ –≤–∫—É—Å–Ω–µ–µ, I DONT KNOW WHY, But it is, –º–Ω–µ –±–æ–ª—å—à–µ –ø–æ –¥—Ü—à–µ —á–∞–π –°—É–ª–µ–π–º–∞–Ω–∏ –∏ –≤–∞–º —Ä–µ–∫–æ–º–µ–Ω–¥—É—é",positive
üëçüèºüëçüèºüëçüèºüëçüèºüëçüèºüëçüèºüëçüèºüëçüèºüëçüèºüëçüèº,positive
"–°–∞–º—ã–π –≤–∫—É—Å–Ω—ã–π –∫–∞—Ä–∞–∫ –≤ –≥–æ—Ä–æ–¥–µ , –ø–æ—Ç–æ–º—É —á—Ç–æ –±–µ–∑ —Å–∞—Ö–∞—Ä–∞ !ü´∂üèª –æ—Ç–¥–µ–ª—å–Ω–æ–µ —É–≤–∞–∂–µ–Ω–∏–µ —É–ø—Ä–∞–≤–ª—è—é—â–µ–º—É –¥–∞–Ω–Ω–æ–π —Ç–æ—á–∫–∏ . –í—Å–µ–≥–¥–∞ —Å–ª—ã—à–∏—Ç –æ–±—Ä–∞—Ç–Ω—É—é —Å–≤—è–∑—å , —ç—Ç–æ –æ—á–µ–Ω—å –≤–∞–∂–Ω–æ . –î–∂–∞–∑–∞–∫–∞–ª–ª–∞—Ö—É –•–∞–π—Ä–∞–Ω .",positive
"–ú–æ–π —Å–∞–º—ã–π –ª—é–±–∏–º—ã–π –Ω–∞–ø–∏—Ç–æ–∫, —É—á–∏—Ç—ã–≤–∞—è, —á—Ç–æ —è –Ω–µ –ø—å—é –Ω–∏ —á–∞–π, –Ω–∏ –∫–æ—Ñ–µ –Ω–∞—à–∏ –º–µ—Å—Ç–Ω—ã–µ.
 –û—á–µ–Ω—å —É–¥–æ–±–Ω–æ –ø–æ—Å–ª–µ –ø—Ä–æ–≥—É–ª–∫–∏ —Ä–∞–Ω–æ —É—Ç—Ä–æ–º, –±–æ–¥—Ä–∏—Ç, –∑–∞–ø–∞—Ö —É–Ω–æ—Å–∏—Ç –≤ –¥–∞–ª–µ–∫–∏–µ —É–≥–æ–ª–∫–∏ –ê—Ä–∞–≤–∏–∏.
 –°–ø–∞—Å–∏–±–æ, —á—Ç–æ –≤—ã —Å—Ç–∞–ª–∏ —Ä–∞–±–æ—Ç–∞—Ç—å —Å 8,—Ç–æ –ø—Ä—è–º –≤ —Å–µ—Ä–¥–µ—á–∫–æ, —Å–æ —à–∫–æ–ª–æ–π –ø–µ—Ä–µ–Ω–µ—Å–ª–∞ –ø—Ä–æ–≥—É–ª–∫—É –Ω–∞ —É—Ç—Ä–æ, –≤–æ–∑–≤—Ä–∞—â–∞—è—Å—å, –º–æ–∂–Ω–æ –ø–æ—Ä–∞–¥–æ–≤–∞—Ç—å —Å–µ–±—è ‚ù§Ô∏è",positive
"–°–∞–º—ã–π –≤–∫—É—Å–Ω—ã–π —á–∞–π –∏ —Ä–µ–±—è—Ç–∞, –∫–æ—Ç–æ—Ä—ã–µ –Ω–∞–ª–∏–≤–∞—é—Ç —Ç–æ–∂–µ —Ö–æ—Ä–æ—à–∏–µ üôèüèºüôèüèºüôèüèº",positive
"–•–∞–º—Å–∫–æ–µ –æ—Ç–Ω–æ—à–µ–Ω–∏–µ, –≤ —ç–º–∏—Ä–∞—Ç–∞—Ö –Ω–∞ –≥–æ–ª–æ–≤—ã 2 –≤—ã—à–µ –∏ —Ä–∞–∑ –≤ 8 –¥–µ—à–µ–≤–ª–µ. –í –¥–æ–±–∞–≤–æ–∫ –Ω–∞ –≤–∫—É—Å –õ–∏–ø—Ç–æ–Ω —Å –ª–∏–º–æ–Ω–æ–º –∏ —Å–≥—É—â—ë–Ω–∫–æ–π",negative
–û—á–µ–Ω—å –≤–∫—É—Å–Ω—ã–π –Ω–µ–æ–±—ã—á–Ω—ã–π —á–∞–π,positive
One love!!!,positive
–°–∏–º–ø–∞—Ç–∏—á–Ω–æ–µ –º–µ—Å—Ç–µ—á–∫–æ,positive
–û—Ç–ª–∏—á–Ω–æ–µ –º–µ—Å—Ç–æ. –ü–æ—Å–∏–¥–µ–ª–∏ –∫–ª–∞—Å—Å–Ω–æ. –ê—Ç–º–æ—Å—Ñ–µ—Ä–Ω–æ,positive
"–õ–æ–∫–∞—Ü–∏—è —á—É—Ç—å –Ω–µ —É–¥–æ–±–Ω–∞—è. –ú–æ–∂–Ω–æ —Å–∫–∞–∑–∞—Ç—å –æ–±—ã—á–Ω–æ–µ –º–µ—Å—Ç–æ, –Ω–∞ —Ä–∞–∑ —Å—Ç–æ–∏—Ç –ø–æ–ø—Ä–æ–±–æ–≤–∞—Ç—å. –¶–µ–Ω—ã —á—É—Ç—å –¥–æ—Ä–æ–≥–∏–µ, –≤—ã–±–æ—Ä –±–æ–ª—å—à–æ–π. –ü–æ –º–Ω–µ, —Å–ø–µ—Ü–∏—Ñ–∏—á–µ—Å–∫–∏–π —á–∞–π —Å–æ —Å–ø–µ—Ü–∏—è–º–∏!",neutral
"–ö–æ–Ω—Ü–µ–ø—Ü–∏—è –∫—Ä—É—Ç–∞—è, –≤–∫—É—Å–Ω–æ. –ï–¥–∏–Ω—Å—Ç–≤–µ–Ω–Ω–æ–µ, —Å–µ—Ä–≤–∏—Å –≥—Ä—É–±—ã–π, –≤—Å–µ –≤–ø–µ—á–∞—Ç–ª–µ–Ω–∏–µ –∏—Å–ø–æ—Ä—Ç–∏–ª",negative
"–í–∫—É—Å–Ω–µ–Ω—å–∫–æ, –∞—Ç–º–æ—Å—Ñ–µ—Ä–Ω–µ–Ω—å–∫–æ. –§–ª—ç—à–±—ç—á–∏—Ç —Å—Ä–∞–∑—É –≤ –≠–º–∏—Ä–∞—Ç—ã –∏–ª–∏ –°–∞—É–¥–∏—é (–∫—Ç–æ –±—ã–ª –∏ –∂–∏–ª, —Ç–æ—Ç –ø–æ–π–º–µ—Ç). –ü–µ—Ä—Å–æ–Ω–∞–ª –æ–±—â–∏—Ç–µ–ª—å–Ω—ã–π, –¥–æ–±—Ä–æ–∂–µ–ª–∞—Ç–µ–ª—å–Ω—ã–π. –í—Å—ë –Ω–∏—à—Ç—è–∫, —Ü–µ–Ω—ã –Ω–µ–º–Ω–æ–≥–æ –≤—ã—à–µ —Å—Ä–µ–¥–Ω–µ–≥–æ. –†–µ–∫–æ–º–µ–Ω–¥—É—é!",positive
"–ö—É—Ö–Ω—è –Ω–æ—Ä–º, –Ω–æ —Å–µ—Ä–≤–∏—Å 0, –ø–æ —ç—Ç–æ–º—É –æ–¥–Ω–∞ –∑–≤–µ–∑–¥–∞. –í —Ü–µ–ª–æ–º –æ–∂–∏–¥–∞–µ—à—å –±–æ–ª—å—à–µ–≥–æ –∑–∞ —Ç–∞–∫–∏–µ —Ü–µ–Ω—ã",negative
"–∫–∞—Å—Å–∏—Ä—ã –ê–±–¥—É—Ö–∞–∫–∏–º –ê–±–¥—É—Ä–∞—Ö–∏–º –∏ –ò–ª—å—Ö–∞–º –±–æ–º–±–æ–≤—ã–µ —Å–æ—Ç—Ä—É–¥–Ω–∏–∫–∏, –æ—á–µ–Ω—å –±–ª–∞–≥–æ–¥–∞—Ä–µ–Ω —Ç–∞–∫–∏–º –ª—é–¥—è–º, –≥–æ—Ç–æ–≤—è—Ç —Å–∞–º—ã–π –≤–∫—É—Å–Ω—ã–π –∫–∞—Ä–∞–∫üíãüíãüíã",positive
"–ö–∞—Ä–∞–∫ —á–∞–π - —ç—Ç–æ –∏—Å–∫—É—Å—Å—Ç–≤–æ. –í–∫—É—Å–Ω—ã–π —á–∞–∏, —Å–æ–≤–µ—Ç—É—é.",positive
"–ü–æ–Ω—Ä–∞–≤–∏–ª–∞—Å—å –∞—Ç–º–æ—Å—Ñ–µ—Ä–∞, —Å–∏–¥–µ—Ç—å –Ω–∞ –∫–æ–≤—Ä–∏–∫–∞—Ö –ø—Ä–∏—è—Ç–Ω–æ, –º–æ–∂–Ω–æ –≤—ã—Ç—è–Ω—É—Ç—å –Ω–æ–≥–∏ —Å–Ω—è–≤ –æ–±—É–≤—å ü§©ü§©ü§© –∞—Ç–º–æ—Å—Ñ–µ—Ä–∞ —Ä–∞—Å–ø–æ–ª–∞–≥–∞–µ—Ç –∫ —Ä–∞—Å—Å–ª–∞–±–ª–µ–Ω–∏—é. –†–∞–∑–Ω–æ–æ–±—Ä–∞–∑–∏–µ —á–∞—è, –∫–æ—Ç–æ—Ä—ã–π –º–æ–∂–Ω–æ –∑–∞–∫–∞–∑–∞—Ç—å, –Ω–µ —Å–ø–µ—à–∞ –æ—Ü–µ–Ω–∏–≤ –≤–∫—É—Å, —Ä–∞–∑–±–∞–≤–∏—Ç –≤–∞—à–µ –Ω–∞—Å—Ç—Ä–æ–µ–Ω–∏–µ –¥–æ–±–∞–≤–∏–≤ –Ω–æ—Ç–∫–∏ —Å–ø–æ–∫–æ–π—Å—Ç–≤–∏—è.",positive
–°–∞–º–∞—è –≤–∫—É—Å–Ω–∞—è –≤–∫—É—Å–Ω—è—à–∫–∞) –∫–∞—Ä–∞–∫ —á–∞–π —ç—Ç–æ –ª—é–±–æ–≤—å üíï,positive
"–ö–æ—Ñ–µ –æ—Ç–ª–∏—á–Ω—ã–π (–ø—Ä–æ–≤–µ—Ä–∏–ª–∏ –∏ —ç–∫—Å–ø—Ä–µ—Å—Å–æ, –∏ –±–∞–º–±–ª üß°), –∞—Ç–º–æ—Å—Ñ–µ—Ä–∞ –æ—á–µ–Ω—å —É—é—Ç–Ω–∞—è, –∫–ª–∞—Å—Å–Ω–æ –ø–æ—Å–∏–¥–µ–ª–∏ –Ω–∞ –∫–æ–≤—Ä–∞—Ö –≤—Å–µ–π —Å–µ–º—å–µ–π",positive
–í–∫—É—Å–Ω—ã–π —á–∞–π,positive
–û–¥–Ω–æ –∏–∑ —Å–∞–º—ã—Ö –∞—Ç–º–æ—Å—Ñ–µ—Ä–Ω—ã—Ö –∏ –ø—Ä–∏—è—Ç–Ω—ã—Ö –º–µ—Å—Ç –≥–æ—Ä–æ–¥–∞‚ù§Ô∏è ‚ù§Ô∏è –ü–∏—Ç—å –ª—é–±–∏–º—ã–π –∫–æ—Ñ–µ –∏ —á–∏—Ç–∞—Ç—å –∫–Ω–∏–∂–∫—É –Ω–∞ —Ç—Ä–∞–≤–µ —É —Ä–µ—á–∫–∏ü©∂ —á—Ç–æ –º–æ–∂–µ—Ç –±—ã—Ç—å –ª—É—á—à–µüòå,positive
–°–∞–º—ã–π –ª—É—á—à–∏–π —á–∞–π –∫–æ—Ç–æ—Ä—ã–π —è –ø–∏–ª. –°–ø–∞—Å–∏–±–æ –±–æ–ª—å—à–æ–µ. –ë—É–¥—É –∫–ª–∏–µ–Ω—Ç–æ–º. –ú–æ–∂–µ—Ç–µ –ø–æ—Å—Ç–∞–≤–∏—Ç—å –ª–∞–≤–æ—á–∫–∏. –ù–µ –≥–¥–µ —Å–µ—Å—Ç—å –µ—Å–ª–∏ –±–µ–∑ –º–∞—à–∏–Ω—ã. –ê —Ç–∞–∫ –∫ —á–∞—é –Ω–µ—Ç –ø—Ä–µ—Ç–µ–Ω–∑–∏–π.,positive
"was walking by and got karak tea, they have amazing service, amazing chapatis and overall a great location after a good stroll around terrenkur",positive
"–ß–∞—Å—Ç–æ –ø—Ä–æ—Ö–æ–¥–∏–ª–∞ –º–∏–º–æ –∏ —Ä–µ—à–∏–ª–∞ –ø–æ–ø—Ä–æ–±–æ–≤–∞—Ç—å –∫–∞—Ä–∞–∫–µ —á–∞–π, –æ—á–µ–Ω—å –ø–æ–Ω—Ä–∞–≤–∏–ª–æ—Å—å! —Ä–µ–∫–æ–º–µ–Ω–¥—É—é",positive
"–ü—Ä–µ–∫—Ä–∞—Å–Ω–æ–µ –∑–∞–≤–µ–¥–µ–Ω–∏–µ —á–∞–∏ –∏ –∫–æ—Ñ–µ —à–∏–∫–∞—Ä–Ω—ã–µ , –æ–±—è–∑–∞—Ç–µ–ª—å–Ω–æ —Å–æ–≤–µ—Ç—É—é –ø–æ–ø—Ä–æ–±–æ–≤–∞—Ç—å üòä",positive
–ì–æ—Ä—è—á–∏–∏ —à–æ–∫–æ–ª–∞–¥ –±—ã–ª —Ç–µ–ø–ª—ã–π –∏ –Ω–µ —Ç–∞–∫ —É–∂ –≤–∫—É—Å–Ω—ã–π . –ñ–¥–∞–ª –±–æ–ª–µ–µ 15 –º–∏–Ω—É—Ç,negative
"–∫–∞—Ä–∞–∫ —á–∞–π —ç—Ç–æ –ª—é–±–æ–≤—å, –æ—á–µ–Ω—å –≤–∫—É—Å–Ω—ã–π –∏ –Ω–∞—Å—ã—â–µ–Ω–Ω—ã–π. —Ö–æ—á–µ—Ç—Å—è —á—Ç–æ–±—ã –æ—Ç–∫—Ä—ã–ª–∏—Å—å –≥–¥–µ –Ω–∏–±—É–¥—å –≤ —Ü–µ–Ω—Ç—Ä–µ –≥–æ—Ä–æ–¥–∞, —á—Ç–æ–±—ã –º–æ–∂–Ω–æ –±—ã–ª–æ –ø–æ—Å–∏–¥–µ—Ç—å –≤–Ω—É—Ç—Ä–∏",positive
–í–∫—É—Å–Ω–æ —á—Ç–æ —Ç–æ –Ω–µ–æ–±—ã—á–Ω–æ–µ –Ω–æ —Ç–µ —É –∫–æ–≥–æ –ø—Ä–æ–±–ª–µ–º—ã —Å –∂–∫—Ç –Ω–µ —Å—Ç–æ–∏—Ç –ø–∏—Ç—å! –¢–∞–∫ –∫–∞–∫ –æ—á–µ–Ω—å –∫—Ä–µ–ø–∫–∏–π –Ω–∞–ø–∏—Ç–æ–∫! –ü–æ —Å–≤–æ–µ–º—É —Ö–æ—Ä–æ—à–∞—è –∞—Ç–º–æ—Å—Ñ–µ—Ä–∞ üòç,positive
–ü–æ–¥—Å–µ–ª –Ω–∞ –ö–∞—Ä–∞–∫ ‚ù§,positive
–í–∫—É—Å–Ω—ã–µ –Ω–∞–ø–∏—Ç–∫–∏ –∏ —á–∞–ø–∞—Ç–∏. –ö —Å–æ–∂–∞–ª–µ–Ω–∏—é –¥–æ–ª–≥–æ –∂–¥–∞—Ç—å –∑–∞–∫–∞–∑.,neutral
–≠—Ç–æ —Ä–µ–∞–ª—å–Ω–æ –∫–∞–π—Ñü•∫,positive
"–û—á–µ–Ω—å –≤–∫—É—Å–Ω—ã–µ —á–∞–∏)
 –ü–æ–±–æ–ª—å—à–µ –±—ã –∫–æ–≤—Ä–∏–∫–æ–≤",positive
–û—Ç–ª–∏—á–Ω—ã–π —á–∞–π —Ö–æ—Ä–æ—à–µ–µ –º–µ—Å—Ç–æ –≤ —Ç–µ–ø–ª—É—é –ø–æ–≥–æ–¥—É –ø—Ä–∏—è—Ç–Ω–æ –ø—Ä–æ–≤–æ–¥–∏—Ç—å –≤—Ä–µ–º—è,positive
"–í–∞—à–∏ —á–∞–∏ —ç—Ç–æ —Ä–µ–∞–ª—å–Ω–æ—Å—Ç—å –∫–æ—Ç–æ—Ä—É—é —è –Ω–µ –æ–∂–∏–¥–∞–ª–∞üò≠ –≤ –î—É–±–∞–π –∏—Ö –≥–æ—Ç–æ–≤—è—Ç –≤–æ–æ–±—â–µ –ø–æ –¥—Ä—É–≥–æ–º—É, –º–µ–Ω—å—à–µ —Å–ø–µ—Ü–∏–∏ –ø–æ–∂–∞–ª—É–π—Å—Ç–∞",positive
–°–∞–º–æ–µ —É—é—Ç–Ω–æ–µ –∏ —Ç–µ–ø–ª–æ–µ –∑–∞–≤–µ–¥–µ–Ω–∏–µüî•‚ù§Ô∏è,positive
"–û–æ–æ–æ—á–µ–Ω—å –º–µ–¥–ª–µ–Ω–Ω—ã–π —Å–æ—Ç—Ä—É–¥–Ω–∏–∫ (–ø–∞—Ä–µ–Ω—å) –∫–æ—Ç–æ—Ä—ã–π –¥–µ–ª–∞–ª —ç–ª–µ–º–µ–Ω—Ç–∞—Ä–Ω—ã–π –≥–æ—Ä—è—á–∏–π —à–æ–∫–æ–ª–∞–¥. –ù–∞ –¥–µ–ª–µ –ø—Ä–æ—Å—Ç–æ –∫–∞–∫–∞–æ –∏–ª–∏ —à–æ–∫–æ–ª–∞–¥ –ø–æ—Ä–æ—à–æ–∫. –ù–æ, –Ω–∏–∫–∞–∫ –Ω–µ –≥–æ—Ä—è—á–∏–π –≥—É—Å—Ç–æ–π —à–æ–∫–æ–ª–∞–¥.
 3 –∑–≤–µ–∑–¥—ã —Ç–æ–ª—å–∫–æ –∑–∞ —Ç–æ, —á—Ç–æ –±—ã–ª–æ –Ω–æ—Ä–º–∞–ª—å–Ω–æ –ø–æ –≤–∫—É—Å—É –∏ –ø–æ —Ü–µ–Ω–µ.",negative
"–ß–∞–π –±–æ–º–±–∞. –ù–µ –∑–Ω–∞—é –∫–∞–∫ –æ–Ω–∏ –µ–≥–æ –¥–µ–ª–∞—é—Ç, —Å–∏—Ä–æ–ø—ã –∫–∞–∫–∏–µ –∏–ª–∏ —á—Ç–æ, –Ω–æ —Å–º–µ–ª–æ —Å—Ç–∞–≤–ª—é 5/5
 –ù–∞–¥ –ø–æ—á–∞—â–µ —Ç—É–¥–∞ —Ö–æ–¥–∏—Ç—å",positive
"–û—á–µ–Ω—å —É—é—Ç–Ω–æ–µ –∫–∞—Ñ–µ, —á—É–¥–µ—Å–Ω–µ–π—à–∞—è —á–∞–ø–∞—Ç–∏ —Å —Å–µ–º–≥–æ–π, —Ç–µ–ø–ª—ã–π —á–∞–π –º–∞–≥—Ä–∏–±–∏ —Å–æ–≥—Ä–µ–≤–∞—é—Ç –∏ –ø–æ–¥–Ω–∏–º–∞—é—Ç –Ω–∞—Å—Ç—Ä–æ–µ–Ω–∏–µ –≤ –æ—Å–µ–Ω–Ω–∏–µ –≤–µ—á–µ—Ä–∞. –ü–µ—Ä—Å–æ–Ω–∞–ª –ø—Ä–∏—è—Ç–Ω—ã–π –∏ –≤–µ–∂–ª–∏–≤—ã–π, –æ–±—Å–ª—É–∂–∏–≤–∞—é—Ç –±—ã—Å—Ç—Ä–æ üëç",positive
"–û—á–µ–Ω—å –ø—Ä–∏—è—Ç–Ω–æ–µ –∑–∞–≤–µ–¥–µ–Ω–∏–µ, –¥–æ–±—Ä—ã–µ —Ä–µ–±—è—Ç–∞, –≤–∫—É—Å–Ω–∞—è –µ–¥–∞. –°–æ–≤–µ—Ç—É—é –ø–æ–ø—Ä–æ–±–æ–≤–∞—Ç—å —á–∞–ø–∞—Ç–∏ —Å –∫—É—Ä–∏—Ü–µ–π! üëçüëçüëçüëç",positive
"–£–∂–∞—Å–Ω–æ–µ –∑–∞–≤–µ–¥–µ–Ω–∏–µ, –æ—Ç–≤—Ä–∞—Ç–∏—Ç–µ–ª—å–Ω–æ–µ, –≥—Ä—É–±—è—Ç, –Ω–µ —É–º–µ—é—Ç —Ä–∞–∑–≥–æ–≤–∞—Ä–∏–≤–∞—Ç—å!!!",negative
"–ß–∞–π –ø—Ä–µ–∫—Ä–∞—Å–Ω—ã–µ, –Ω–æ —Ü–µ–Ω—ã –æ–±–Ω–æ–≤–∏—Ç–µ –Ω–∞ –≤—ã–≤–µ—Å–∫–µ, –∞ —Ç–æ –Ω–∞ 100, 200 —Ç–µ–Ω–≥–µ –¥–æ—Ä–æ–∂–µ –ø–æ–ª—É—á–∞–µ—Ç—Å—è. –ò –≤–æ–∑–Ω–∏–∫–∞–µ—Ç –º—ã—Å–ª—å –æ –º–æ—à–µ–Ω–Ω–∏—á–µ—Å—Ç–≤–µ",neutral
"–õ—É—á—à–µ, —á–µ–º –≤ –î–µ–π—Ä–µ!",positive
"–û—Ç–ª–∏—á–Ω—ã–π –ö–∞—Ä–∞–∫! –ü–æ—Å–ª–µ –ø–æ–ª—É–≥–æ–¥–∞ –∂–∏–∑–Ω–∏ –≤ –î—É–±–∞–µ, –±—ã–ª –ø—Ä–∏—è—Ç–Ω–æ —É–¥–∏–≤–ª–µ–Ω –≤–∫—É—Å–æ–º. –û—Ç–ª–∏—á–Ω—ã–π –ø–æ–≤–æ–¥ —Å–≤–µ—Ä–Ω—É—Ç—å —Å —Ç–µ—Ä—Ä–µ–Ω–∫—É—Ä–∞ –∏ —Å–¥–µ–ª–∞—Ç—å —Ç—É—Ç –ø–µ—Ä–µ—Ä—ã–≤",positive
"–£—é—Ç–Ω–æ–µ –º–µ—Å—Ç–æ, –ø—Ä–∏—è—Ç–Ω—ã–π —Å–µ—Ä–≤–∏—Å",positive
"–ü—Ä–∏–≥–ª–∞—Å–∏–ª —Å—é–¥–∞ —Å–≤–æ—é —Ä–∞–≥—É–ª—é –Ω–∞ —á–∞–π, –æ—á–µ–Ω—å —Ö–æ—Ä–æ—à–æ.",positive
"–ù–µ –ø–æ–Ω—è—Ç–Ω–æ, –ø–æ—á–µ–º—É —Ç–∞–∫ –º–∞–ª–æ –ª–∏–º–æ–Ω–∞–¥–∞ –≤ —Å—Ç–∞–∫–∞–Ω–µ, –∫–∞–∫ –≥–æ–≤–æ—Ä–∏—Ç—Å—è ¬´–Ω–∞ –¥–æ–Ω—ã—à–∫–µ¬ª. –ß–∞–π –Ω–∞ –ª—é–±–∏—Ç–µ–ª—è. –ï–¥–∏–Ω—Å—Ç–≤–µ–Ω–Ω–æ –∫–æ–≤—Ä–∏–∫–∏ —Ö–æ—Ä–æ—à–∞—è –∏–¥–µ—è.",neutral
"–í–∫—É—Å —á–∞—è –Ω–µ —Å—Ç–∞–±–∏–ª—å–Ω—ã–π –∏ —á–µ—Å—Ç–Ω–æ –≥–æ–≤–æ—Ä—è –Ω–∞ –ª—é–±–∏—Ç–µ–ª—è. –° –ª–∏–º–æ–Ω–∞–¥–∞ —è –≤–æ–æ–±—â–µ –≤ —à–æ–∫–µ, 1/3 —Å–∞–º –Ω–∞–ø–∏—Ç–æ–∫ –æ—Å—Ç–∞–ª—å–Ω–æ–µ –≤–∑–±–∏—Ç—ã–π –ª–µ–¥ –∏ —Ç–æ –∫–∞–∫ –≤–æ–∑–¥—É—Ö –Ω–µ —Ä–µ–∫–æ–º–µ–Ω–¥—É—é.",negative
–õ—É—á—à–µ–µ –∫–∞—Ñ–µ –Ω–∞ –¢–µ—Ä—Ä–µ–Ω–∫—É—Ä–µ.,positive
"–ö–∞—á–µ—Å—Ç–≤–æ —á–∞—è , –∑–∞–≤–∏—Å–∏—Ç –∫–∞–∫ —Å–æ–π–¥—É—Ç—Å—è –∑–≤–µ–∑–¥—ã , p.s —à–∞—Ñ—Ä–∞–Ω–∞ –≤ –Ω–µ–º –Ω–µ—Ç—É , –µ—Å—Ç—å –æ—â—É—â–µ–Ω–∏–µ —á—Ç–æ –∑–∞–≤–∞—Ä–∫–∞ —Å–∞–º–∞—è –æ–±—ã—á–Ω–∞—è :)",neutral
"–ß–∞—Å—Ç–æ –ø—å—é —á–∞–π –ö–∞—Ä–∞–∫ , –Ω–æ –ø–æ—Å–ª–µ–¥–Ω–∏–µ 2 —Ä–∞–∑–∞ –±—ã–ª –Ω–µ —Ç–∞–∫–æ–π –∫–∞–∫ –ø—Ä–µ–∂–¥–µ, –Ω–∞–¥–µ—é—Å—å –∏—Å–ø—Ä–∞–≤–∏—Ç–µ —ç—Ç–æ ü§ó",neutral
"–û—Ç–ª–∏—á–Ω–æ–µ –º–µ—Å—Ç–æ, —á—Ç–æ–± –¥–µ–ª–∞—Ç—å –ø–∞—É–∑—É –ø—Ä–∏ –ø—Ä–æ–≥—É–ª–∫–µ. –í–∑—è—Ç—å –≤–∫—É—Å–Ω—ã–π –ø—Ä–æ—Ö–ª–∞–¥–Ω—ã–π –Ω–∞–ø–∏—Ç–æ–∫ –≤ –ª–µ—Ç–Ω–∏–π –∂–∞—Ä–∫–∏–π –¥–µ–Ω—å, –Ω–∞—Å–ª–∞–¥–∏—Ç—å—Å—è —à—É–º–æ–º —Ä–µ—á–∫–∏, –ø—Ä–µ–∫—Ä–∞—Å–Ω–æ–π –∞—Ç–º–æ—Å—Ñ–µ—Ä–æ–π —Å–∏–¥—è –Ω–∞ –∫–æ–≤—Ä–µ –∏ –ø—Ä–æ—Å—Ç–æ –æ—Ç–¥–æ—Ö–Ω—É—Ç—å.",positive
"–§–∏—Ä–º–µ–Ω–Ω—ã–π –∫–∞—Ä–∞–∫ —á–∞–π —Ç—É—Ç –ø–æ—á—Ç–∏ —Ç–∞–∫–æ–π –∂–µ –∫–∞–∫ –Ω–∞ –ñ—É–∫–æ–≤–∞, –Ω–æ –¥–µ—Å–µ—Ä—Ç–æ–≤ –∞—Å—Å–æ—Ä—Ç–∏–º–µ–Ω—Ç –±–æ–ª—å—à–µ –∏ –≤–∫—É—Å–Ω–µ–µ, –æ—Å–æ–±–µ–Ω–Ω–æ —á–∏–∑–∫–µ–π–∫–∏ –∏ –º–∞–∫–∞—Ä—É–Ω—Å, –ª–µ—Ç–∫–∞ –∏ —Å–∏–¥—è—á–∏—Ö –º–µ—Å—Ç –±–æ–ª—å—à–µ —ç—Ç–æ —Ç–æ–∂–µ —Ö–æ—Ä–æ—à–æ. –ù–æ –µ—Å—Ç—å –æ–¥–Ω–æ –ù–û! –ù–∏ —Ä–∞–∑—É –∑–∞ –≤—Å–µ –≤—Ä–µ–º—è –Ω–µ –º–æ–≥ –¥–æ–∑–≤–æ–Ω–∏—Ç—å—Å—è –ø–æ —Ç–µ–ª–µ—Ñ–æ–Ω—É –Ω–∏ —Å—é–¥–∞, –Ω–∏ –Ω–∞ –ñ—É–∫–æ–≤–∞, –æ—Å–æ–±–µ–Ω–Ω–æ –∫–æ–≥–¥–∞ —Ö–æ—á—É –∑–∞–±—Ä–∞—Ç—å —Å —Å–æ–±–æ–π –∏–ª–∏ –∑–∞—Ä–∞–Ω–µ–µ –¥–µ—Å–µ—Ä—Ç–æ–≤ –º–Ω–æ–≥–æ –≤–∑—è—Ç—å.",neutral
–û—á–µ–Ω—å –ø–æ–Ω—Ä–∞–≤–∏–ª—Å—è —á–∞–ø–∞—Ç–∏ —Å –∏–Ω–¥–∏–π—Å–∫–∏–º –¥–∞–ª-–æ–º!!! –ò –Ω–µ–≤–µ—Ä–æ—è—Ç–Ω–æ –≤–∫—É—Å–Ω—ã–µ —á–∞–∏!!üëçüèª,positive
"–í—Å–µ –Ω–µ—Ä–µ–∞–ª—å–Ω–æ –≤–∫—É—Å–Ω–æ –∏ –Ω–µ–æ–±—ã—á–Ω–æ, –µ—Å–ª–∏ —Ö–æ—Ç–∏—Ç–µ —á—Ç–æ-—Ç–æ –æ—Ä–∏–≥–∏–Ω–∞–ª—å–Ω–æ–µ, –∞—Ç–º–æ—Å—Ñ–µ—Ä–Ω–æ –∏ —Å–æ –≤–∫—É—Å–æ–º, –≤–∞–º –∫ —ç—Ç–∏–º –ø–∞—Ä–Ω—è–º, –Ω–∞—á–∏–Ω–∞—è —Å –ø—Ä–∏–≤–µ—Ç—Å—Ç–≤–∏—è –∏ –æ–±—Å–ª—É–∂–∏–≤–∞–Ω–∏—è, –∑–∞–∫–∞–Ω—á–∏–≤–∞—è –≤–∫—É—Å–æ–º —Å–∞–º–æ–≥–æ —á–∞—è —Ç —á–∞–ø–∞—Ç–∏ –≤—Å–µ –ø—Ä–æ—Å—Ç–æ —à–∏–∫–∞—Ä–Ω–æ, –¥–µ—Å–µ—Ä—Ç—ã —Ç–∞–∫–∂–µ –æ—á–µ–Ω—å –≤–∫—É—Å–Ω—ã–µ, –æ—Å–æ–±–µ–Ω–Ω–æ –ú–æ—Ç–∏ –∏ —ç–∫–ª–µ—Ä—ã
 
 –ê –∑–∞–¥—É–º–∫–∞ —Å –∫–æ–≤—Ä–∏–∫–∞–º–∏ —Ç–∞–∫ –≤–æ–æ–±—â–µ üî•",positive
"–°–µ—Ä–≤–∏—Å —Ç–∞–∫–æ–π —Å–µ–±–µ, –ø—Ä–∏–Ω—è–ª–∏ –∑–∞–∫–∞–∑, –Ω–∏—á–µ–≥–æ –Ω–µ —Å–∫–∞–∑–∞–ª–∏, —á–µ–∫ –Ω–µ –¥–∞–ª–∏, –∫–æ–≥–¥–∞ –∑–∞–±–∏—Ä–∞–ª –∑–∞–∫–∞–∑ –ø–∞—Ä–µ–Ω—å –æ—Ç–¥–∞–ª –µ–≥–æ —Å –Ω–∞–µ–∑–¥–æ–º, –º–æ–ª –Ω–∞–¥–æ –ª—É—á—à–µ —Å–ª—ã—à–∞—Ç—å –∫–æ–≥–¥–∞ –æ–Ω–∏ –∫—Ä–∏—á–∞—Ç —á–µ–π —Ç–æ –∑–∞–∫–∞–∑;
 
 –õ–µ–ø–µ—à–∫–∏ –Ω–µ –ø–ª–æ—Ö–∏–µ, –Ω–æ –ø–æ–ª—É—á–∏–ª–∏—Å—å –ø–µ—Ä–µ–∂–∞—Ä–µ–Ω–Ω—ã–µ, —Å–≤–æ–µ–π —Ü–µ–Ω—ã —è–≤–Ω–æ –Ω–µ —Å—Ç–æ—è—Ç;
 
 –ß–∞–π —Ö–æ—Ä–æ—à–∏–π, –Ω–µ –ø—Ä–∏—Ç–æ—Ä–Ω—ã–π, –æ—Å–≤–µ–∂–∞–µ—Ç;
 
 –í –æ–±—â–µ–º –º–æ–∂–Ω–æ –ø—Ä–æ—Å—Ç–æ –ø–æ–ø—Ä–æ–±–æ–≤–∞—Ç—å –Ω–æ —è –±–æ–ª—å—à–µ —Å—é–¥–∞ –Ω–µ –≤–µ—Ä–Ω—É—Å—å;",negative
–¢–æ–ø üëçüëçüëç —á–∞–π –≤ –∂–∞—Ä—É —Å–∞–º–æ–µ —Ç–æ,positive
"–ï—Å–ª–∏ —á–∞–π, —Ç–æ —Ç–æ–ª—å–∫–æ —Å—é–¥–∞!",positive
"–ö–ê–†–ê–ö —á–∞–π
 
 –Ω–µ –°–ö–£–ß–ê–ô
 
 ‚òïÔ∏è üí™üèΩ üî• üí£ üëç",positive
"—á–∞–π ‚òïÔ∏è –æ—á–µ–Ω—å —Ö–æ—Ä–æ—à, –ø–µ—Ä—Å–æ–Ω–∞–ª –±—ã –µ—â–µ –ø–æ–¥–∫–∞—á–∞—Ç—å: –¥–æ —Å–∏—Ö –ø–æ—Ä –Ω–µ –ø–æ–Ω—è–ª, —á—Ç–æ –∑–∞ –∏–Ω–¥–∏–π—Å–∫–∏–π —á–∞–π —Å –ø–∞–∫–∏—Å—Ç–∞–Ω–∞, —Ö–æ—Ç—è –Ω–∞–¥–ø–∏—Å–∏ –Ω–∞ –∞—Ä–∞–±—Å–∫–æ–º –∫–æ—Ç–æ—Ä—ã–µ –≥–ª–∞—Å—è—Ç —á—Ç–æ –ß–ê–ô —Å –≠–ú–ò–†–ê–¢–û–í, –¥–∞ –∏ –≤–æ–æ–±—â–µ —á–∞–π –≤ –ö–∞—Ç–∞—Ä–µ –∏ –û–ê–≠ —ç—Ç–æ—Ç –º–æ—â–Ω–æ —Ä–∞—Å–∫–∞—á–∞–ª—Å—è, –Ω–æ –∏ —Ç—É—Ç –ø–æ –≤–∫—É—Å—É –æ–Ω —Ö–æ—Ä–æ—à, –¥–∞–∂–µ –ª—É—á—à–µ —á–µ–º —Ç–∞–º. –î–µ—Å–µ—Ä—Ç—ã üßÅ –Ω–µ–æ–±—ã—á–Ω–æ –≤–∫—É—Å–Ω—ã–µ. –õ–µ—Ç–Ω—è—è –ø–ª–æ—â–∞–¥–æ—á–∫–∞ —Ö–æ—Ä–æ—à–∞ —Ç—É—Ç 10 –∏–∑ 5: –∫–∞–∫ –≤ –ø—É—Å—Ç—ã–Ω–µ –î—É–±–∞—è, —Ç–æ–ª—å–∫–æ –Ω–∞ —Ç—Ä–∞–≤–µ.",positive
"–û—á–µ–Ω—å –≤–∫—É—Å–Ω–æ, —Å–ø–∞—Å–∏–±–æ",positive
"–ü–æ–∫–∞ –Ω–∞—Ä–µ–∫–∞–Ω–∏–π –Ω–µ—Ç, —á–∞–π –∏ –≤–ø—Ä–∞–≤–¥—É –ø–æ–Ω—Ä–∞–≤–∏–ª—Å—è. –ë–æ–ª—å—à–µ –±—ã –∫–æ–≤—Ä–æ–≤ –∏ –±–æ–ª—å—à–µ —Ä–∞–∑–Ω–æ–æ–±—Ä–∞–∑–∏—è –∏–∑ –µ–¥—ã",positive
–í —Ü–µ–ª–æ–º –ø—Ä–∏—è—Ç–Ω–æ–µ –º–µ—Å—Ç–æ!) ‚ù§Ô∏è–û—á–µ–Ω—å –≤–∫—É—Å–Ω–æ! –ë–ª–∞–≥–æ–î–∞—Ä—é üå∏üôèüíñ –∂–µ–ª–∞—é –ø—Ä–æ—Ü–≤–µ—Ç–∞–Ω–∏—è –∏ –∏–∑–æ–±–∏–ª–∏—è –≤–∫—É—Å–æ–≤ üíö,positive
"–ö–∞—Ä–∞–∫, –º–∞–≥—Ä–∏–±–∏ - –æ—á–µ–Ω—å –≤–∫—É—Å–Ω—ã–µ —á–∞–∏, –≤—ã–ø–µ—á–∫–∞ —Ç–æ–∂–µ –≤–∫—É—Å–Ω–∞—è üëçüèº",positive
"–ö—É—à—Ç–∏–∏–∏, —à–∞–π–ª–∞—Ä—ã –æ—Ç–µ –∫–µ—Ä–µ–º–µ—Ç. –ï—à –∂–µ—Ä–¥–µ –æ–Ω–¥–∞–π –¥–∞–º–¥–∏ –∏—à–∏–ø –∫–æ—Ä–º–µ–ø–ø–∏–Ω. –õ–µ—Ç–Ω–∏–∫—Ç–∞ –∫–∏–ª–µ–º–≥–µ –æ—Ç—ã—ã—Ä—ã—ã–ø –∏—à–µ—Å–∏–∑–¥–µ—Ä —à–∞–π–¥—ã üòÉ —Ñ–∏–Ω–∏–∫—Ç–µ–Ω –∂–∞—Å–∞–ª–≥–∞–Ω –¥–µ—Å–µ—Ä—Ç—Ç–µ—Ä –∫—É—à—Ç–∏ —É–Ω–∞–¥—ã",positive
–£—é—Ç–Ω–∞—è –∏ –ø—Ä–∏—è—Ç–Ω–∞—è –∞—Ç–º–æ—Å—Ñ–µ—Ä–∞ –≤ —Ü–µ–Ω—Ç—Ä–µ –≥–æ—Ä–æ–¥–∞. –ê –ª–µ—Ç–∫–∞ –≤–æ–æ–±—â–µ –∫–∞–∫ –Ω–∞ –∫—É—Ä–æ—Ä—Ç–µ –≤ –∫–∞–∫–æ–º-–Ω–∏–±—É–¥—å Rixos-e,positive
"–°–µ—Ä–≤–∏—Å –∫–ª–∞—Å—Å–Ω—ã–π
 –í—Å–µ —Ö–æ—Ä–æ—à–æ –æ–±—ä—è—Å–Ω–∏–ª–∏
 
 –ß–∞–π –∏ –ª–µ–ø–µ—à–∫–∞ —Å –∫—É—Ä–∏—Ü–µ–π –º–Ω–µ –Ω–µ –ø–æ–Ω—Ä–∞–≤–∏–ª–∞—Å—å. –ß–∞–π –ö–∞—Ä–∞–∫ –æ–æ–æ–æ–æ—á–µ–Ω—å —Å–ª–∞–¥–∫–∏–π, –∞ –ª–µ–ø–µ—à–∫–∞ –æ–æ–æ–æ—á–µ–Ω—å —Å–æ–ª–µ–Ω–∞—è. –ò —Ä–∞–∑–º–µ—Ä –º–∞–ª–µ–Ω—å–∫–∏–π —É –ª–µ–ø—ë—à–∫–∏. –ù–µ –Ω–∞–µ—à—å—Å—è.
 
 –ù–æ —Å–µ—Ä–≤–∏—Å —Ö–æ—Ä–æ—à–∏–π) –Ω–∞–¥–µ—é—Å—å –¥–æ–±–∞–≤—è—Ç –¥–æ–ø–æ–ª–Ω–∏—Ç–µ–ª—å–Ω—ã–µ –ø–æ–∑–∏—Ü–∏–∏ –≤ –º–µ–Ω—é. –£–¥–∞—á–∏ –±–∏–∑–Ω–µ—Å—É. 4 –∑–≤—ë–∑–¥—ã —á–∏—Å—Ç–æ –∑–∞ –æ–±—Å–ª—É–∂–∏–≤–∞–Ω–∏–µ :)",positive
"–°–∞–º—ã–π –≤–∫—É—Å–Ω—ã–π —á–∞–π, –∫–æ—Ç–æ—Ä—ã–π —è –ø–∏–ª–∞ –≤ —Å–≤–æ–µ–π –∂–∏–∑–Ω–∏ ‚ù§Ô∏è",positive
–û—Ç–ª–∏—á–Ω–æ–µ –∑–∞–≤–µ–¥–µ–Ω–∏–µ –¥–ª—è –º—É—Å—É–ª—å–º–∞–Ω,positive
–°–∞–º—ã–π –≤–∫—É—Å–Ω—ã–π –∫–∞—Ä–∞–∫ –≤ –≥–æ—Ä–æ–¥–µ,positive
–∏–ª—å—Ö–∞–º –∏ –º—É—Å—å–∫–∞ —Ö–æ—Ä–æ—à–∏–µ –±–∞—Ä–∏—Å—Ç—ã –≤–º–µ—Å—Ç–µ —Å–ª–∞–∂–µ–Ω–Ω–æ —Ä–∞–±–æ—Ç–∞—é—Ç ‚úäüèºüíØüíØüíØ,positive
–ë–∞—Ä–∏—Å—Ç–∞ –°–∞–Ω–∂–∞—Ä –¥–µ–ª–∞–µ—Ç –æ—á–µ–Ω—å –≤–∫—É—Å–Ω—ã–π –∫–æ—Ñ–µ! –ù–µ –∑—Ä—è –µ—Ö–∞–ª –¥–ª—è —ç—Ç–æ–≥–æ –ø–æ–ª –≥–æ—Ä–æ–¥–∞,positive
"–ê—Å—Å–∞–ª–∞—É–º–∞“ì–∞–ª–µ–π–∫—É–º –∂–∞–º–∞“ì–∞—Ç ,—à–∞–π–¥—ã“£ –¥”ô–º—ñ ”©—Ç–µ –∫–µ—Ä–µ–º–µ—Ç ”ò–ª—ñ–º–∂–∞–Ω –¥–µ–≥–µ–Ω –∂—ñ–≥—ñ—Ç—Ç—ñ“£ —Å–∞—É—Å–∞“ì—ã–Ω–∞–Ω –±–∞–ª —Ç–∞–º“ì–∞–Ω –µ–∫–µ–Ω",positive
–±–∞—Ä–∏—Å—Ç–∞ –ê–ª–∏–º–∂–∞–Ω –∫—Ä–∞—Å–∞–≤—á–∏–∫ —á–∞–π –æ—Ç–µ –∫–µ—Ä–µ–º–µ—Ç –∫—ã–∑–º–µ—Ç –∫–æ—Ä—Å–µ—Ç—É —Å–∞–ø–∞—Å—ã –æ—Ç–µ –∂–∞–∫—Å—ã,positive
"–£–¥–∏–≤–∏—Ç–µ–ª—å–Ω—ã–π —á–∞–π, –∫–æ—Ñ–µ , –Ω–µ–ø–æ–≤—Ç–æ—Ä–∏–º–∞—è –∫—É—Ä–∏—Ü–∞ –∫–∞—Ä—Ä–∏ –≤ –∏–Ω–¥–∏–π—Å–∫–æ–π –ª–µ–ø–µ—à–∫–µ —á–∞–ø–∞—Ç–∏ !!!
 –ù–µ–Ω–∞–≤—è–∑—á–∏–≤—ã–π , –≤–Ω–∏–º–∞—Ç–µ–ª—å–Ω—ã–π —Å–µ—Ä–≤–∏—Å.",positive
–°–∞–º—ã–π –±–æ–º–±–æ–≤—ã–π —á–∞–π,positive
–õ—É—á—à–∏–π –∫–∞—Ä–∞–∫ —á–∞–π –≤ –≥–æ—Ä–æ–¥–µ,positive
”®—Ç–µ –¥”ô–º–¥—ñ —à”ô–π,positive
"–ñ—É–∫–æ–≤–∞ 136–ë , –•–ê–ü–ï–ù –ª—É—á—à–∏–π, —Å–µ—Ä–≤–∏—Å üî•üî•üî•",positive
Karak chai —Å—É–ø–µ—Ä! –†–µ–∫–æ–º–µ–Ω–¥—É—é,positive
"–ê—Å—Å–∞–ª—è–º—É –ê–ª–µ–π–∫—É–º
 –ë—Ä–∞—Ç—å—è –ø–æ–º–µ–Ω—è–π—Ç–µ –ø–æ–∂–∞–ª—É–π—Å—Ç–∞ —Å—Ç–∞–∫–∞–Ω—á–∏–∫–∏",neutral
"–û–±–æ–∂–∞—é —ç—Ç—É –ª–æ–∫–∞—Ü–∏—é, —ç—Ç—É –∏—Ö —Ç–æ—á–∫—É. –ß–∞–π –ª—é–±–∏–º—ã–πü•∞",positive
Karak top üîù,positive
"–ü–æ–º–µ–Ω—è–π—Ç–µ —Å—Ç–∞–∫–∞–Ω—ã –ø–æ –ë—Ä–∞—Ç—Å–∫–∏–π , —É–∂–µ –Ω–∞–¥–æ–µ–ª–æ , –≤—Å–µ –ø–∞—á–∫–∞–µ—Ç—Å—è –∏ –æ–±–∂–∏–≥–∞–µ—Ç",negative
–ö–∞—Ä–∞–∫ –±–æ–º–±–∞ —á–µ—Å—Ç–Ω–æ –≥–æ–≤–æ—Ä—è,positive
"–°–µ–≥–æ–¥–Ω—è –±—ã–ª —Ç—É—Ç —Å–ø—É—Å—Ç—è —Å—Ç–æ–ª—å–∫–æ –≤—Ä–µ–º–µ–Ω–∏, –¥–∞ —Ç—É—Ç –≤–∫—É—Å–Ω–µ–µ. –¢–µ–ª–µ—Ñ–æ–Ω –±–µ—Ä–∏—Ç–µ, –ø–æ–ª–∞–≥–∞—é —Ç–æ–ª—å–∫–æ –ø–æ —Å—Ä–æ—á–Ω—ã–º –ø–æ–≤–æ–¥–∞–º –∑–≤–æ–Ω—è—Ç",neutral
"–ò–Ω—Ç–µ—Ä–µ—Å–Ω–æ, –≤–æ—Ç —Ç—É—Ç —á–∞–π –ö–∞—Ä–∞–∫ –∏–∑ –î—É–±–∞—è –≤–∫—É—Å–Ω–µ–µ, —á–µ–º –≤ –¥—Ä—É–≥–∏—Ö –º–µ—Å—Ç–∞—Ö. –î–µ—Å–µ—Ä—Ç—ã —Ç–æ–∂–µ –¥–ª—è —Ü–µ–Ω–∏—Ç–µ–ª–µ–π. –õ–µ—Ç–Ω—è—è –ø–ª–æ—â–∞–¥–∫–∞ –±—ã –µ—â–µ",positive
–°–∞–º—ã–π –ª—É—á—à–∏–π —á–∞–π –∫–∞—Ä–∞–∫ü§ç,positive
"–û—Ç–ª–∏—á–Ω—ã–π —á–∞–π, –æ—Ç–ª–∏—á–Ω–æ–µ –º–µ—Å—Ç–æ.",positive
"–ö–ª–∞—Å—Å–Ω–æ–µ –∞—Ç–º–æ—Å—Ñ–µ—Ä–Ω–æ–µ –º–µ—Å—Ç–æ –∏ –≤–∫—É—Å–Ω—ã–π —á–∞–π. –ï–¥–∏–Ω—Å—Ç–≤–µ–Ω–Ω—ã–µ, –∫—Ç–æ –≤ –ê–ª–º–∞—Ç—ã –¥–µ–ª–∞—é—Ç –Ω–∞—Å—Ç–æ—è—â–∏–µ –∞—Ä–∞–±—Å–∫–∏–µ —á–∞–∏, –º–Ω–µ –æ—á–µ–Ω—å –ø–æ–Ω—Ä–∞–≤–∏–ª–æ—Å—å)",positive
–ö—Ç–æ –ª—é–±–∏—Ç –∑–µ–ª–µ–Ω—ã–π —á–∞–π –ø–æ–ø—Ä–æ–±—É–π—Ç–µ –ú–∞–≥—Ä–∏–±–∏. –û–≥–æ–æ–æ–Ω—å —á–∞–π. –¢–∞–∞–∫ –æ—Å–≤–µ–∂–∞–µ—Ç. –Ø –≤ –≤–æ—Å—Ç–æ—Ä–≥–µ,positive
"–í–∫—É—Å–Ω—ã–π —á–∞–π, —É—é—Ç–Ω–æ–µ –º–µ—Å—Ç–æ!",positive
"–°—É–ø–µ—Ä—Å–∫–∏–µ —á–∞–∏ –∏ –∫–ª–∞—Å—Å–Ω–æ–µ –æ–±—Å–ª—É–∂–∏–≤–∞–Ω–∏–µ!
 –ë–µ—Ä–µ–∫–µ–ª—ñ –±–æ–ª—Å—ã–Ω –±–∏–∑–Ω–µ—Å!",positive
"–•–æ—Ä–æ—à–∏–π –∫–∞—á–µ—Å—Ç–≤–µ–Ω–Ω—ã–π —á–∞–π –∏ —Å–µ—Ä–≤–∏—Å –Ω–∞ —É—Ä–æ–≤–Ω–µ, —Å–æ–≤–µ—Ç—É—é –≤—Å–µ–º!",positive
–ü—Ä–∏—è—Ç–Ω–∞—è –∞—Ç–º–æ—Å—Ñ–µ—Ä–∞‚Ä¶ –ò–Ω—Ç–µ—Ä–µ—Å–Ω—ã–π –∏ —Ç–µ—Ä–ø–∫–∏–π –≤–∫—É—Å —á–∞—è! –ú–∞—Ç—á–∞ —Ñ—Ä–∞–ø–ø–µ –ª—É—á—à–∞—è –≤ –≥–æ—Ä–æ–¥–µ! –û–±—è–∑–∞—Ç–µ–ª—å–Ω–æ –∑–∞–≥–ª—è–Ω—É –µ—â—ë —Ä–∞–∑!,positive
–ö–∞—Ä–∞–∫ —á–∞–π –ø—Ä—è–º–æ –∫–∞–∫ –≤ –î—É–±–∞–π –∏ –≤–∫—É—Å —Ç–∞–∫–æ–π –∂–µ! –û–¥–Ω–æ–∑–Ω–∞—á–Ω–æ –ª—É—á—à–µ –∫–æ—Ñ–µ –Ω—É –∏ —á—Ç–æ-—Ç–æ –Ω–æ–≤–æ–µ –≤ –≥–æ—Ä–æ–¥–µ üëçüèª,positive
–ü–∞–Ω–∫–µ–π–∫–∏ –Ω–µ –≤–∫—É—Å–Ω—ã–µ –Ω–∞–º –Ω–µ –ø–æ–Ω—Ä–∞–≤–∏–ª–∞—Å—å ü•≤,negative
"–ü—Ä–æ–≤–æ–¥–∏–ª–∏ –∑–¥–µ—Å—å –∫–∞–∂–¥—ã–π —Å–≤–æ–π –≤–µ—á–µ—Ä. –û–¥–Ω–æ –∏–∑
 –ª—É—á—à–∏—Ö –º–µ—Å—Ç –≤ –ö–∞—Ä–∞–≥–∞–Ω–¥–µ. –°–ø–∞—Å–∏–±–æ –ø–µ—Ä—Å–æ–Ω–∞–ª—É –∫–æ—Ç–æ—Ä—ã–π –≤—Å–µ–≥–¥–∞ –≤–µ–∂–ª–∏–≤ –∏ –ø–æ–º–æ–∂–µ—Ç —Å –≤—ã–±–æ—Ä–æ–º. –ö–∞–∫ –Ω–∞–π–¥–µ–º –≤—Ä–µ–º—è –µ—â–µ —Ä–∞–∑ –∑–∞–≥–ª—è–Ω–µ–º –∑–∞ –≤–∫—É—Å–Ω—ã–º–∏ –ø–∞–Ω–∫–µ–π–∫–∞–º–∏ –∏ —Å–º—É–∑–∏‚ù§Ô∏è",positive
"–í–ø–µ—Ä–≤—ã–µ –ø—Ä–æ–±–æ–≤–∞–ª–∏ —É –≤–∞—Å –≤—Å–µ–≥–æ 2 –Ω–µ–¥–µ–ª–∏ –Ω–∞–∑–∞–¥ ‚Äî –ø–∞–Ω–∫–µ–π–∫–∏ –±—ã–ª–∏ –æ—á–µ–Ω—å –≤–æ–∑–¥—É—à–Ω—ã–µ, –∫–∞–∫ –ø—É—Ö. –°–µ–≥–æ–¥–Ω—è –∂–µ, –∫ —Å–æ–∂–∞–ª–µ–Ω–∏—é, –æ–Ω–∏ —Å–∏–ª—å–Ω–æ –æ—â—É—â–∞–ª–∏—Å—å –ø–æ –≤–∫—É—Å—É —è–π—Ü–∞ –∏ –±—ã–ª–∏ –±–æ–ª–µ–µ –ø–ª–æ—Ç–Ω—ã–º–∏. –ù–µ –ø–æ–Ω—Ä–∞–≤–∏–ª–∏—Å—å, —É–≤—ãü•≤",negative
"—Ä—É–∫–∏ —Ü–µ–ª—É—é –≤—Å–µ—Ö –ø–æ–≤–∞—Ä–æ–≤ –≤—Å–µ—Ö –ø–µ—Ä—Å–æ–Ω–∞–ª–æ–≤,–æ—á–µ–Ω—å –ø—Ä–∏—è—Ç–Ω–æ–µ –∑–∞–≤–µ–¥–µ–Ω–∏–µ –∏ –Ω–µ —Ç–æ–ª—å–∫–æ –∑–∞–≤–µ–¥–µ–Ω–∏–µ,–Ω—É –∏ –∫–æ—Ñ–µ –∏ –ø–∞–Ω–∫–µ–π–∫–∏ –∏ –≤—Å—ë –≤–∫—É—Å–Ω–æ—Å—Ç–∏,–æ–¥–Ω–æ–∑–Ω–∞—á–Ω–æ 5 –∑–≤–µ–∑–¥",positive
"–ù–µ –ø–æ–Ω—Ä–∞–≤–∏–ª–æ—Å—å, –æ–±—Å–ª—É–∂–∏–≤–∞–Ω–∏–µ –Ω–∏–∫–∞–∫–æ–µ. –ë–æ–ª—å—à–µ –Ω–µ –ø—Ä–∏–¥—É ü§¶üèª‚Äç‚ôÄÔ∏è",negative
"–û—Ç–ª–∏—á–Ω–∞—è –∫–æ—Ñ–µ–π–Ω—è, —Å —Ö–æ—Ä–æ—à–∏–º –≤—ã–±–æ—Ä–æ–º —Ç–µ–ø–ª—ã—Ö –Ω–∞–ø–∏—Ç–∫–æ–≤, –ø–æ–º–∏–º–æ –∫–æ—Ñ–µ, –∞ —Ç–∞–∫–∂–µ –µ—Å—Ç—å –≤—ã–±–æ—Ä –¥–µ—Å–µ—Ä—Ç–æ–≤.",positive
–û—á–µ–Ω—å –∏–Ω—Ç–µ—Ä–µ—Å–Ω–æ–µ –º–µ—Å—Ç–æ. –ï—Å—Ç—å –∫–æ—Ñ–µ –∏ —á–∞–∏. –ú–æ–∂–Ω–æ –ø–µ—Ä–µ–∫—É—Å–∏—Ç—å –∏–ª–∏ –≤–∑—è—Ç—å –¥–µ—Å–µ—Ä—Ç—ã,positive
–û—Ç —è–ø–æ–Ω—Å–∫–∏—Ö –ø–∞–Ω–∫–µ–π–∫–æ–≤ —Ç–∞–º —Ç–æ–ª—å–∫–æ –Ω–∞–∑–≤–∞–Ω–∏–µ üíî,negative
"–æ—Ñ–∏—Ü–∏–∞–Ω—Ç –°–∞—è —Ç–æ–ø —Ç–æ–ø —Ç–æ–ø, –æ—á–µ–Ω—å –ø—Ä–∏—è—Ç–Ω–∞—è, –≤–µ–∂–ª–∏–≤–∞—è –¥–µ–≤—É—à–∫–∞ üòç‚ù§Ô∏è",positive
–°–∞—è –æ—á–µ–Ω—å –ø—Ä–∏—è—Ç–Ω–∞—è –¥–µ–≤—É—à–∫–∞üòçüòç–∫–ª–∞—Å—Å–Ω–∞—è –æ–±—Å–ª—É–∂–∏–≤–∞–Ω–∏–µüòçüëç –ø–∞–Ω–∫–µ–π–∫–∏ –≤–∫—É—Å–Ω—ã–µ –∏ —Å—ã—Ç–Ω—ã–µ ü§§‚ù§Ô∏è,positive
"–æ—á–µ–Ω—å –∫–ª–∞—Å—Å–Ω—ã–π —Å–µ—Ä–≤–∏—Å –º–Ω–µ –ø–æ–Ω—Ä–∞–≤–∏–ª–æ—Å—å, –æ—á–µ–Ω—å –≤–∫—É—Å–Ω—ã–µ —á–∞–∏ –æ—Å–æ–±–µ–Ω–Ω–æ –æ–±—Å–ª—É–∂–∏–≤–∞–Ω–∏–µ, —Ä–µ–∫–æ–º–µ–Ω–¥—É—é !!!",positive
–û—á–µ–Ω—å —É—é—Ç–Ω–æ–µ –∑–∞–≤–µ–¥–µ–Ω–∏–µü´∂üèª–í—Å–µ –≤–∫—É—Å–Ω–æ –∏ –≤—Å–µ –æ—á–µ–Ω—å –ø–æ–Ω—Ä–∞–≤–∏–ª–æ—Å—åüíñ,positive
"–£—é—Ç–Ω–æ–µ –º–µ—Å—Ç–æ —Å –ø—Ä–∏—è—Ç–Ω–æ–π –∞—Ç–º–æ—Å—Ñ–µ—Ä–æ–π! –û—Å–æ–±–µ–Ω–Ω–æ –ø–æ–Ω—Ä–∞–≤–∏–ª–∞—Å—å –æ–±—Å—Ç–∞–Ω–æ–≤–∫–∞ ‚Äî –∏–¥–µ–∞–ª—å–Ω–æ –ø–æ–¥—Ö–æ–¥–∏—Ç –∫–∞–∫ –¥–ª—è —Å–ø–æ–∫–æ–π–Ω–æ–≥–æ –æ—Ç–¥—ã—Ö–∞, —Ç–∞–∫ –∏ –¥–ª—è —Ä–∞–±–æ—Ç—ã.",positive
–í—Å–µ –≤–∫—É—Å–Ω–æ —Å–æ–≤–µ—Ç—É—é –≤–∞–º ‚ù§Ô∏è,positive
"–í—Å–µ –≤–∫—É—Å–Ω–æ, —É—é—Ç–Ω–æ, –≤–µ–∂–ª–∏–≤–æ, –º–Ω–µ –æ—á–µ–Ω—å –ø–æ–Ω—Ä–∞–≤–∏–ª–æ—Å—å
 –°–æ–≤–µ—Ç—É—é!!",positive
–í—Å–µ –ø–æ–Ω—Ä–∞–≤–∏–ª–æ—Å—å üëç,positive
–£—é—Ç–Ω–æ–µ –∑–∞–≤–µ–¥–µ–Ω–∏–µ. –î–æ–±—Ä–æ–∂–µ–ª–∞—Ç–µ–ª—å–Ω—ã–µ —Å–æ—Ç—Ä—É–¥–Ω–∏–∫–∏. –ü—Ä–∏–µ–º–ª–∏–º—ã–µ —Ü–µ–Ω—ã. –í–∫—É—Å–Ω–∞—è –µ–¥–∞. –û—Ç–ª–∏—á–Ω–æ–µ –∫–æ–º–±–æ üòåüëåüèº,positive
"–ö–ª–∞—Å—Å–Ω–æ–µ –∑–∞–≤–µ–¥–µ–Ω–∏–µüòç–ü–∞–Ω–∫–µ–π–∫–∏ –±–æ–º–±–∏—á–µ—Å–∫–∏ –≤–∫—É—Å–Ω—ã–µ. –õ—É—á—à–∏–µ –ø–∞–Ω–∫–µ–π–∫–∏, –∫–æ—Ç–æ—Ä—ã–µ —è –∫–æ–≥–¥–∞-–ª–∏–±–æ –ø—Ä–æ–±–æ–≤–∞–ª–∞. –°–æ–≤–µ—Ç—É—é –≤—Å–µ–º –∑–∞–≥–ª—è–Ω—É—Ç—å —Å—é–¥–∞",positive
–í—Å—ë –æ—á–µ–Ω—å –≤–∫—É—Å–Ω–æ –ë–∞—Ç–æ–Ω —Å–ø–∞—Å–∏–±–æ ‚ò∫Ô∏è‚ù§Ô∏è,positive
Batoooonnü•∞üòçüòç‚ù§Ô∏è,positive
"–°–µ–≥–æ–¥–Ω—è –ø–æ—Å–µ—â–∞–ª–∞ –≤–∞—à–µ –∑–∞–≤–µ–¥–µ–Ω–∏–µ, –ø–æ–Ω—Ä–∞–≤–∏–ª–æ—Å—å –¥–µ–≤—É—à–∫–∞ –Ω–∞ –∫–∞—Å—Å–µ. –ë–∞—Ç–æ–Ω –≤—ã –æ—á–µ–Ω—å –∫—Ä–∞—Å–∏–≤–∞—è –∏ –ø–æ–∑–∏—Ç–∏–≤–Ω–∞—è üôÉ‚ù§Ô∏è",positive
"–û—á–µ–Ω—å –∫–ª–∞—Å—Å–Ω–æ–µ –º–µ—Å—Ç–æ
 –°–æ–≤–µ—Ç—É—éüëç
 –°–ø–∞—Å–∏–±–æ –ë–∞—Ç–æ–Ω –∑–∞ –ø—Ä–µ–∫—Ä–∞—Å–Ω–æ–µ –æ–±—Å–ª—É–∂–∏–≤–∞–Ω–∏–µ‚ù§Ô∏è",positive
–û—Ç–ª–∏—á–Ω–æ–µ –º–µ—Å—Ç–æ üëç,positive
"–û—á–µ–Ω—å –≤–∫—É—Å–Ω—ã–µ –ø–∞–Ω–∫–µ–π–∫–∏ –∏ –ª–∞—Ç—Ç–µ, —Å–ø–∞—Å–∏–±–æ –ú–∞–¥–∏–Ω–µ –∑–∞ –æ–±—Å–ª—É–∂–∏–≤–∞–Ω–∏–µ üòç",positive
–û–±—Å–ª—É–∂–∏–≤–∞–Ω–∏–µ 0. –ö–æ—Ñ–µ —Ö–æ–ª–æ–¥–Ω—ã–µ –ø–∞–Ω–∫–µ–π–∫–∏ –Ω–µ —Ñ–∫—É—Å–Ω–æ–µ. –î–æ–ª–≥–æ –∂–¥–∞—Ç—å –∑–∞–∫–∞–∑. –°–æ—Ç—Ä—É–¥–Ω–∏–∫–∏ –Ω–µ –Ω–∞ –º–µ—Å—Ç–µ. –ï—â–µ –∑–∞–∫–∞–∑ –ø–µ—Ä–µ–ø—É—Ç–∞–ª–∏. –ü–µ—Ä—Å–æ–Ω–∞–ª –Ω–∞ –Ω–∏–∑–∫–æ–º —É—Ä–æ–≤–Ω–µ,negative
–í—Å–µ –∫–ª–∞—Å—Å–Ω–æ –ø—Ä—è–ºüòäüòäüíô,positive
–û—á–µ–Ω—å –∫–ª–∞—Å—Å–Ω–∞—è –∑–∞–≤–µ–¥–µ–Ω–∏–µ üòçüòç,positive
–û—Ç–ª–∏—á–Ω–æ–µ –∑–∞–≤–µ–¥–µ–Ω–∏–µ üëçüèªüî•,positive
–ñ–∞“õ—Å—ã –∫–∞—Ñ–µ —ñ—à—ñ –±”ô—Ä—ñ ”ô–¥–µ–º—ñ —Å–æ–ª –∂–µ—Ä–¥–µ —ñ—Å—Ç–µ–π—Ç—ñ–Ω –∞–¥–∞–º–¥–∞—Ä—ã–Ω–¥—ã ”©–∑—ñ –∞–¥–∞–º–º–µ–Ω —Ç—ñ–ª —Ç–∞–±—ã—Å–∞ –±—ñ–ª–µ–¥—ñ –∂”ô–Ω–µ –∂“±–º—ã—Å—Ç–∞—Ä—ã–Ω–∞ —Ç–∏–∞–Ω–∞“õ—Ç—ã.–ñ–∞“õ—Å—ã –∂–µ—Ä –µ–∫–µ–Ωüòçüòçüòçüòçüòçüòçüî•üî•üî•,positive
"–û—á–µ–Ω—å –∫–ª–∞—Å—Å–Ω–æ–µ –∑–∞–≤–µ–¥–µ–Ω—å–µ , –≤–∫—É—Å–Ω–∞—è –µ–¥–∞ , –ø—Ä–∏—è—Ç–Ω—ã–µ —Ä–æ–±–æ—Ç–Ω–∏–∫–∏ , –ø—Ä–∏—Ö–æ–¥–∏—Ç–µ –≤—Å–µ–º —Å–æ–≤–µ—Ç—É—é üòçüòçüòç –≤–æ–æ–±—à–µ –∫–ª–∞—Å—Å –≤–∞—É üòçüòç–ø—Ä–∏—Ö–æ–¥–∏—Ç–µ –Ω–µ –ø–æ–∂–∞–ª–µ–µ—Ç–µ",positive
"–û—á–µ–Ω—å –≤–∫—É—Å–Ω–∞—è –µ–¥–∞,–∞—Ç–º–æ—Å—Ñ–µ—Ä–Ω–∞—è –∑–∞–≤–µ–¥–µ–Ω–∏–µ ,–æ—á–µ–Ω—å —É—é—Ç–Ω–æ –≤—Å–µ–º —Å–æ–≤–µ—Ç—É—é –ø—Ä–∏–π—Ç–∏ –∏ –Ω–∞—Å–ª–∞–∂–¥–∞—Ç—å—Å—è —ç—Ç–∏–º —á—É–¥–µ—Å–Ω—ã–º –≤–∏–¥–æ–º üòç",positive
"–°–∞–º—ã–µ –ª—É—á—à–∏–µ –∫–æ—Ñ–µ –∏ –æ—Ñ–∏—Ü–∏–∞–Ω—Ç—ã –¥–æ–±—Ä—ã–µ,–ø—Ä–∏–≤–µ—Ç—Å—Ç–≤—É—é,—Ö–æ—Ä–æ—à–∏–µ",positive
"–ó–∞—Ö–æ–¥–∏–ª–∞ –≤—á–µ—Ä–∞, —É—é—Ç–Ω–æ–µ –∑–∞–≤–µ–¥–µ–Ω–∏–µüòç –ø–∞—Ä–µ–Ω—å –±–∞—Ä–∏—Å—Ç–∞ –æ—á–µ–Ω—å –≤–∫—É—Å–Ω–æ –≥–æ—Ç–æ–≤–∏—Ç –∫–æ—Ñ–µüòã",positive
"–ê—Ç–º–æ—Å—Ñ–µ—Ä–Ω–æ–µ, —É—é—Ç–Ω–æ–µ –º–µ—Å—Ç–æ. –û–±—Å–ª—É–∂–∏–≤–∞–Ω–∏–µ —Ö–æ—Ä–æ—à–µ–µ, –∫–∞—Å—Å–∏—Ä –ë–∞–∫—ã—Ç–≥—É–ª—å –æ—á–µ–Ω—å –ø—Ä–∏–≤–µ—Ç–ª–∏–≤–∞—è ‚ú®",positive
"–ü–µ—Ä—Å–æ–Ω–∞–ª –Ω–∞ –Ω–∏–∑–∫–æ–º —É—Ä–æ–≤–Ω–µ
 –û–±—Å–ª—É–∂–∏–≤–∞–Ω–∏–µ –∫–ª–∏–µ–Ω—Ç–æ–≤‚Ä¶..
 –ë–æ–ª—å—à–µ –ø—Ä–∏—Ö–æ–¥–∏—Ç—å –∂–µ–ª–∞–Ω–∏—è –Ω–µ—Ç –≤–æ–≤—Å–µ.",negative
”®—Ç–µ –¥”ô–º–¥—ñüòäüòäüòä,positive
"–≤—Å—ë –æ—á–µ–Ω—å –≤–∫—É—Å–Ω–æ –∏ –∫—Ä–∞—Å–∏–≤–æ, –µ—â–µ –æ—á–µ–Ω—å —Å—ã—Ç–Ω–æ.–º–Ω–µ –ø–æ–Ω—Ä–∞–≤–∏–ª–æ—Å—åü´∂üèªü´∂üèª",positive
"–û—á–µ–Ω—å –≤–∫—É—Å–Ω—ã–µ –±–ª—é–¥–∞,–≤—Å–µ –æ—á–µ–Ω—å —Å—ã—Ç–Ω–æüòª–∏ —Ü–µ–Ω—ã –±–æ–º–±–∞,–ø—Ä–∏—Ö–æ–∂—É —Å—é–¥–∞ –∫–∞–∂–¥—É—é –Ω–µ–¥–µ–ª—éüòã",positive
–≤—Å–µ –æ—Ç–ª–∏—á–Ω–æ,positive
–í—Å–µ –æ—á–µ–Ω—å –≤–∫—É—Å–Ω–æ –∏ –ø—Ä–∏—è—Ç–Ω–æ–µ –∑–∞–≤–µ–¥–µ–Ω–∏–µ —Å–æ–≤–µ—Ç—É—é,positive
"–ü—Ä–∏—è—Ç–Ω—ã–π –ø–µ—Ä—Å–æ–Ω–∞–ª, –æ—á–µ–Ω—å —É—é—Ç–Ω–æ,–∫–∞—Å—Å–∏—Ä –ö–∞–º–∏–ª–∞ –æ—á–µ–Ω—å –ø—Ä–∏–≤–µ—Ç–ª–∏–≤–∞—è –∏ –ø—Ä–∏—è—Ç–Ω–∞—è –¥–µ–≤—É—à–∫–∞ –≤ –æ–±—Å–ª—É–∂–∏–≤–∞–Ω–∏–∏–∏)",positive
–í—Å–µ –±—ã–ª–æ –æ—á–µ–Ω—å –≤–∫—É—Å–Ω–æüòç,positive
–û—á–µ–Ω—å –≤–∫—É—Å–Ω–æ –∏ —É–¥–æ–±–Ω–æ,positive
–û—á–µ–µ–µ–Ω—å –≤–∫—É—Å–Ω–æüòãüòç,positive
"–û–±—Å–ª—É–∂–∏–≤–∞–Ω–∏–µ, —Ç–∞–º–∞“õ, —à–∞–π –±”ô—Ä—ñ –∫–µ—Ä–µ–º–µ—Ç üëçüèª. –ö”©“£—ñ–ª—ñ–º—ñ–∑–¥–µ–Ω —à—ã“õ—Ç—ã, —Ä–∞—Ö–º–µ—Ç!",positive
"–ë—ã–ª–æ –≤–∫—É—Å–Ω–æ –∏ –∫—Ä–∞—Å–∏–≤–æ. –ö–∞—Ä–∞–∫ —á–∞–π —Ç–µ–ø–µ—Ä—å –æ–¥–∏–Ω –∏–∑ —Ñ–∞–≤–æ—Ä–∏—Ç–æ–≤. –ë–∞—Ä–∞–∫–∞–õ–ª–∞—Ö—É —Ñ–∏–∫—É–º, –µ—â—ë –ø—Ä–∏–¥—É‚ú®",positive
"–ß–µ—Ç–∫–æ–µ –º–µ—Å—Ç–Ω–æ, –ø–æ–Ω—Ä–∞–≤–∏–ª–æ—Å—å —É—é—Ç–Ω–æ –∏ –≤–∫—É—Å–Ω–æ",positive
–ú–æ—â–Ω—ã–π –∂–µ—Ä “ì–æ–πüî•üî•üî•,positive
"–î”ô–º–¥—ñ –∂”ô–Ω–µ “õ–æ–Ω–∞“õ–∂–∞–π–ª—ã –∂–µ—Ä –µ–∫–µ–Ω, –¢–∞–º–∞—à–∞, —Ç–µ–∫ –ê–ª“ì–∞)",positive
–û—á–µ–Ω—å –∫–ª–∞—Å—Å–Ω–æ–µ –º–µ—Å—Ç–æ,positive
–û—á–µ–Ω—å —É—é—Ç–Ω–æ–µ –º–µ—Å—Ç–æüëç,positive
–û—á–µ–Ω—å –∫–ª–∞—Å—Å–Ω–æ–µ –∑–∞–≤–µ–¥–µ–Ω–∏–µ üëç,positive
"–ö—Ä–∞—Å–∏–≤—ã–π –∏–Ω—Ç–µ—Ä—å–µ—Ä
 –ë–∞—Ä–∏—Å—Ç—ã –æ—á–µ–Ω—å —Ö–æ—Ä–æ—à–æ –¥–µ–ª–∞—é—Ç –∫–æ—Ñ–µ –∏ —Ü–µ–Ω—ã –ø—Ä–∏–µ–º–ª–µ–º—ã–µ
 –û–±—Å–ª—É–∂–∏–≤–∞–Ω–∏–µ –Ω–∞ –≤—ã—Å—à–µ–º —É—Ä–æ–≤–Ω–µ",positive
–û—á–µ–Ω—å –æ—Ç–ª–∏—á–Ω–æ–µ –º–µ—Å—Ç–µ—á–∫–æ –ö–∞—Ä–∞–∫ —á–∞–π –≤–æ–æ–±—â–µ –±–æ–º–±–∞ü´Çüëçüî•,positive
"–û—á–µ–Ω—å—å—å—å—å –≤–∫—É—Å–Ω–æ üòã –†–∞—Ö–º–µ—Ç
 –ö–∞–∂–¥—ã–π –¥–µ–Ω—å –ø—Ä–∏—Ö–æ–¥–∏–º , –≤—Å–µ–º —Å–æ–≤–µ—Ç—É—é
 –£—é—Ç–Ω–æ–µ –º–µ—Å—Ç–æ )",positive
–û—á–µ–Ω—å –∫–ª–∞—Å—Å–Ω–æ–µ –∑–∞–≤–µ–¥–µ–Ω–∏–µ,positive
–í—Å–µ –æ—Ç–ª–∏—á–Ω–æ,positive
–ö–∞—Ä–∞–∫ –•–æ—É–º–Ω—ã“£ –∞—Ç–º–æ—Å—Ñ–µ—Ä–∞—Å—ã ”©—Ç–µ –∂—ã–ª—ã ”ô—Ä—ñ –∂–∞–π–ª—ã. –ê—Ä–∞–± —à–∞–π—ã –º–µ–Ω —Ç–∞“ì–∞–º–¥–∞—Ä—ã –µ—Ä–µ–∫—à–µ –¥”ô–º–¥—ñ,positive
"–ü–æ–ø—Ä–æ–±–æ–≤–∞–ª —è–ø–æ–Ω—Å–∫–∏–µ –ø–∞–Ω–∫–µ–π–∫–∏, –æ—á–µ–Ω—å –≤–∫—É—Å–Ω—ã–µ –∏ –ø—Ä–∏–≥–æ—Ç–æ–≤–∏–ª–∏ –±—ã—Å—Ç—Ä–æ, —á—Ç–æ –æ—á–µ–Ω—å —É–¥–∏–≤–∏–ª–æüëç –ø–µ—Ä—Å–æ–Ω–∞–ª –¥—Ä—É–∂–µ–ª—é–±–Ω—ã–π! –£—Å–ø–µ—Ö–æ–≤ –í–∞–º",positive
–û—Ç–ª–∏—á–Ω–æ–µ –º–µ—Å—Ç–æ! –ü—Ä–∏—Ö–æ–¥–∏—Ç–µ –Ω–∞—Å–ª–∞–¥–∏—Ç—å—Å—è –≤–∫—É—Å–Ω—ã–º –∫–∞—Ä–∞–π —á–∞–π ‚úä,positive
–û—Ç–ª–∏—á–Ω—ã–π –º–µ—Å—Ç–æ,positive
–û—á–µ–Ω—å –∫–ª–∞—Å—Å–Ω–æ–µ –∑–∞–≤–µ–¥–µ–Ω–∏–µ –º–Ω–µ –ø–æ–Ω—Ä–∞–≤–∏–ª–æ—Å—å üî•,positive
–í—Å–µ–º –∞—Å—Å–ª–∞–º –ê–ª–∏–∫—É–º –≤—Å–µ –±—ã–ª–æ –∫–ª–∞—Å—Å–Ω–æ –Ω–∞ –≤—ã—Å—à–µ–º —É—Ä–æ–≤–Ω–µ,positive
"–í—Å–µ–º –∞—Å—Å–∞–ª–∞—É–º–∞–≥–∞–ª–µ–π–∫—É–º!
 –ë–æ–º–±–æ–≤–æ–µ –º–µ—Å—Ç–æ, –≤—Å—ë –Ω–∞ –≤—ã—Å—à–µ–º —É—Ä–æ–≤–Ω–µ.",positive
–°–ø–∞—Å–∏–±–æ –∑–∞ –æ—Ç–ª–∏—á–Ω–æ–µ –∫–æ—Ñ–µ. –ü—Ä–∏—è—Ç–Ω–∞—è –∞—Ç–º–æ—Å—Ñ–µ—Ä–∞ –∏ —Ö–æ—Ä–æ—à–∏–µ —Å–æ—Ç—Ä—É–¥–Ω–∏–∫–∏.,positive
"–í—Å–µ–º —Å–æ–≤–µ—Ç—É—é –ø–æ—Å–µ—Ç–∏—Ç—å –¥–∞–Ω–Ω–æ–µ –∑–∞–≤–µ–¥–µ–Ω–∏–µ , –ø–æ –∫—É—Ö–Ω–µ –≤—Å–µ –≤–∫—É—Å–Ω–æ –∏ –ø–µ—Ä—Å–æ–Ω–∞–ª –æ—á–µ–Ω—å –≤–µ–∂–ª–∏–≤—ã–π üëçüèø",positive
–æ—á–µ–Ω—å –≤–∫—É—Å–Ω–æ —Å–ø–∞—Å–∏–±–æ,positive
–ë—ã–ª –æ—á–µ–Ω—å —Å–∏–ª—å–Ω–æ –≤–ø–µ—á–∞—Ç–ª–µ–Ω –∫—É—Ö–Ω–µ–π –∏ –æ—Å–æ–±–µ–Ω–Ω–æ —á–∞–µ–º. –¢–µ–ø–µ—Ä—å —Ç–æ–ª—å–∫–æ –ö–∞—Ä–∞–∫ üî•,positive
"–û—á–µ–Ω—å —É—é—Ç–Ω–æ–µ –º–µ—Å—Ç–æ –≥–¥–µ –º–æ–∂–Ω–æ –ø–æ—Å–∏–¥–µ—Ç—å —Å —Ä–æ–¥–Ω—ã–º–∏ –∏ –ø–æ–±–µ—Å–µ–¥–æ–≤–∞—Ç—å,–º–Ω–µ –ø–æ–Ω—Ä–∞–≤–∏–ª–æ—Å—å —Å—Ç–∞–≤–ª—é 5 –∑–≤–µ–∑–¥–¥",positive
"–õ—É—á—à–µ–µ –∑–∞–≤–µ–¥–µ–Ω–∏–µ –≤ –≥–æ—Ä–æ–¥–µ,–≤—Å–µ–º —Å–æ–≤–µ—Ç—É—éü´Ç,–∫—É—Ö–Ω—é –ø—Ä–æ—Å—Ç–æ –æ–≥–æ–Ω—å üî•üî•üî•",positive
"”®—Ç–µ –∂–∞–∫—Å—ã –∂–∞—Å–∞–π–¥—ã —Ç–∞–º–∞–∫—Ç–∞—Ä—ã–Ω, 5 –∑–≤–µ–∑–¥",positive
"–ö—É—à—Ç–∏ –∂–µ—Ä ,—Ç–∞–º–∞–∫—Ç–∞—Ä—ã –æ—Ç–µ –¥–∞–º–¥–∏ üëçüëçüëç",positive
–í—Å–µ –æ—á–µ–Ω—å –≤–∫—É—Å–Ω–æ –∏ –≤—ã–≥–æ–¥–Ω–æüëçüëçüëç –≤—Å–µ–º —Å–æ–≤–µ—Ç—É—éüî•üî•,positive
"–î–æ–ª–≥–∞—è –ø–æ–¥–∞—á–∞, –æ–±—Å–ª—É–∂–∏–≤–∞–Ω–∏–µ —Å–æ–≤—Å–µ–º –Ω–µ –æ—á–µ–Ω—åüëé–Ω–∞ –≤–∏–¥–µ–æ –∏ —Ñ–æ—Ç–æ –≤ –∏–Ω—Å—Ç–∞–≥—Ä–∞–º –±–ª—é–¥–∞ –æ–¥–Ω–∏, –∞ –Ω–∞ –¥–µ–ª–µ —Å–æ–≤—Å–µ–º –¥—Ä—É–≥–∏–µ –∏ –ø–æ—Ä—Ü–∏–∏ –º–∞–ª–µ–Ω—å–∫–∏–µ.",negative
–û—á–µ–Ω—å –¥–æ–ª–≥–∞—è –ø–æ–¥–∞—á–∞ –µ–¥—ã! –ü—Ä–æ—Å—Ç–æ –Ω–µ—Ä–µ–∞–ª—å–Ω–æ. –ü—Ä–∏ –∫–æ–Ω—Ü–µ–ø—Ü–∏–∏ –∑–∞–≤–µ–¥–µ–Ω–∏—è —Ñ–∞—Å—Ç—Ñ—É–¥ –º—ã –∂–¥–∞–ª–∏ 2 –∑–∞–∫–∞–∑–∞ 40 –º–∏–Ω—É—Ç –∏ –µ—â–µ 1 –±–æ–ª—å—à–µ —á–∞—Å–∞. –ü—Ä–æ—Å—Ç–æ —É–∂–∞—Å!,negative
"–ó–∞—á–µ–º –æ—Ç–∫—Ä—ã–≤–∞—Ç—å –∑–∞–≤–µ–¥–µ–Ω–∏–µ, –µ—Å–ª–∏ –ø–æ –º–µ–Ω—é —Ç–æ–ª—å–∫–æ –ª–∏–º–æ–Ω–∞–¥—ã, –¥–ª—è —á–µ–≥–æ —Ä–µ–∫–ª–∞–º–∏—Ä–æ–≤–∞—Ç—å –Ø–ø–æ–Ω—Å–∫–∏–µ –ø–∞–Ω–∫–µ–π–∫–∏, –µ—Å–ª–∏ –∏—Ö –Ω–µ—Ç –≤ –º–µ–Ω—è ü§¶üèª‚Äç‚ôÄÔ∏è –£–ñ–ê–°–ù–û",negative
"–û—á–µ–µ–µ–Ω—å –¥–æ–ª–≥–∞—è –ø–æ–¥–∞—á–∞‚Ä¶. –í–∞—Ñ–ª–∏ –∂–¥–∞–ª–∏ —Ä–æ–≤–Ω–æ 50 –º–∏–Ω—É—Ç , –±—ã–ª–æ –≤–∫—É—Å–Ω–æ )
 –ù–æ 50 –º–∏–Ω—É—Ç —ç—Ç–æ —É–∂ —Å–ª–∏—à–∫–æ–º",negative
"–°–∞–º–æ –ø–æ —Å–µ–±–µ –∑–∞–≤–µ–¥–µ–Ω–∏–µ –Ω–µ –ø–ª–æ—Ö–æ–µ.. –Ω–æ –µ—Å—Ç—å –º–Ω–æ–≥–æ –Ω—é–∞–Ω—Å–æ–≤.
 –û–±—Å–ª—É–∂–∏–≤–∞–Ω–∏–µ-0
 –ó–Ω–∞–Ω–∏–µ –ú–µ–Ω—é -0
 –û–∂–∏–¥–∞–Ω–∏–µ –∑–∞–∫–∞–∑–∞ –û—Ç 40 –º–∏–Ω—É—Ç
 –ú–Ω–æ–≥–æ –ø–æ–∑–∏—Ü–∏–π –Ω–µ—Ç –≤ –Ω–∞–ª–∏—á–∏–∏ ‚Ä¶",negative
–ü–∏—Ç–∞ —Å –∫—É—Ä–∏—Ü–µ–π üî• –æ—á–µ–Ω—å –≤–∫—É—Å–Ω–æ. –ï—â–µ –ø–æ –∞–∫—Ü–∏–∏ —Å –ª–∏–º–æ–Ω–∞–¥–æ–º üòã,positive
"–ß–∏–∑–∫–µ–π–∫—Ç–µ—Ä—ñ ”©—Ç–µ –¥”ô–º–¥—ñ, —ñ—à—ñ –∞—Ç–º–æ—Å—Ñ–µ—Ä–Ω—ã–π, —Ç–∞–∑–∞ –∂“±–º—ã—Å –∂–∞—Å–∞–π–¥—ã, –ø–µ—Ä—Å–æ–Ω–∞–ª–¥–∞—Ä—ã –≤–µ–∂–ª–∏–≤—ã–π ü•∞",positive
–ï“£ –∫–µ—Ä–µ–º–µ—Ç –∂–µ—Ä,positive
–°–∞–º—ã–π –ª—É—á—à–æ–µ –º–µ—Å—Ç–æ‚ù§Ô∏è‚ù§Ô∏è‚ù§Ô∏è,positive
”®—Ç–µ –∫–µ—Ä–µ–º–µ—Ç –∂”ô–Ω–µ –∞—Ç–º–æ—Å—Ñ–µ—Ä–∞“ì–∞ —Ç–æ–ª—ã –∂–µ—Äüôåüèª,positive
"–ó–¥–µ—Å—å —É—é—Ç–Ω–æ,–Ω—É —Ç—É—Ç —á—Ç–æ —Ç–æ –Ω–µ—Ö–≤–∞—Ç–∞–µ—Ç , –º–æ–∂–Ω–æ –¥–æ–±–∞–≤–∏—Ç—å –º—É–∑—ã–∫—É —Å–ø–æ–∫–æ–π–Ω—É—é –∏–ª–∏ –∑–≤—É–∫ –ø—Ç–∏—Ü ,–ø–∏—Ç—ã —Ö–æ—Ä–æ—à—ã –∏ –∫–æ—Ñ–µ —Ç–æ–∂–µ.",neutral
"–û—Ç–ª–∏—á–Ω–æ–µ –∑–∞–≤–µ–¥–µ–Ω–∏–µ! –¢–µ–ø–ª–æ, —É—é—Ç–Ω–æ –∏ –æ—á–µ–Ω—å –≤–∫—É—Å–Ω–æ! –û–±—Å–ª—É–∂–∏–≤–∞–Ω–∏–µ –Ω–∞ –≤—ã—à–∫–µ! –ú–Ω–µ –æ—á–µ–Ω—å –ø–æ–Ω—Ä–∞–≤–∏–ª–æ—Å—å!",positive
"–•–æ—Ä–æ—à–µ–µ –∑–∞–≤–µ–¥–µ–Ω–∏–µ, –æ—á–µ–Ω—å –≤–∫—É—Å–Ω—ã–π –∫–∞—Ä–∞–∫ —á–∞–π üëç",positive
–û—á–µ–Ω—å –≤–∫—É—Å–Ω—ã–π –∫–∞—Ä–∞–∫ —á–∞–π –∏ –ø—Ä–µ–∫—Ä–∞—Å–Ω—ã–π –ø–µ—Ä—Å–æ–Ω–∞–ª,positive
cappuccino so beautiful üòçüòçüòç‚ù§Ô∏è,positive
"–£—é—Ç–Ω–æ–µ –∑–∞–≤–µ–¥–µ–Ω–∏–µ, —Ö–æ—Ä–æ—à–µ–µ –º–µ—Å—Ç–æ–ø–æ–ª–æ–∂–µ–Ω–∏–µ. –û—Ç–ª–∏—á–Ω—ã–π –∏–Ω—Ç–µ—Ä—å–µ—Ä. –°–æ–≤–µ—Ç—É—é! –†–∞–±–æ—Ç–∞—é—Ç –¥–æ —á–∞—Å—É –Ω–æ—á–∏. –î–ª—è –ø–æ—Å–∏–¥–µ–ª–æ–∫ —Å –¥—Ä—É–∑—å—è–º–∏ —Å–∞–º–æ–µ –º–µ—Å—Ç–æ.",positive
–†–∞–¥–∏ –û—Ä–µ—à–∫–∞ –≥–æ—Ç–æ–≤ –Ω–∞ –≤—Å–µ,positive
–ö–∞—Ä–∞–∫ —á–∞–π –≤–∫—É—Å–Ω—ã–π!,positive
–°–º—ã—Å–ª –ø–∏—Å–∞—Ç—å –Ω–æ–º–µ—Ä –µ—Å–ª–∏ –∑–≤–æ–Ω–æ–∫ –Ω–µ –¥–æ—Ö–æ–¥–∏—Ç –ø–æ—Å—Ç–æ—è–Ω–Ω–æ –≤—ã–∫–ª—é—á–µ–Ω,negative
–°–∞–º—ã–π –≤–∫—É—Å–Ω—ã–µ –∫–∞—Ä–∞–∫ –∏ —á–∞–πüëå,positive
"–û—á–µ–Ω—å –ø—Ä–∏—è—Ç–Ω–æ, –∫—Ä–∞—Å–∏–≤–æ, –Ω–µ–∂–Ω–æ. –ê–π–≥–µ—Ä–∏–º –æ—á–µ–Ω—å –ø—Ä–∏—è—Ç–Ω–∞—è, –≤–µ–∂–ª–∏–≤–∞—è, –º–∏–ª–µ–Ω—å–∫–∞—è –¥–µ–≤—É—à–∫–∞)",positive
"–ú–∏–ª–æ–µ –∑–∞–≤–µ–¥–µ–Ω–∏–µ , –≤–µ–∂–ª–∏–≤–∞—è –¥–µ–≤—É—à–∫–∞ –±–∞—Ä–∏—Å—Ç–∞ , —É—é—Ç–Ω–æ –∏ –≤–∫—É—Å–Ω–æ üòã",positive
–û—á–µ–Ω—å –≤–µ–∂–ª–∏–≤—ã–π –ø–µ—Ä—Å–æ–Ω–∞–ª –≤—Å–µ –æ—á–µ–Ω—å –≤–∫—É—Å–Ω–æ —Å–æ–≤–µ—Ç—É—é –ø–æ—Å–µ—Ç–∏—Ç—å üëçüëçüëç,positive
”®—Ç—Ç–µ –∂–∞–π–ª—ã –∂–µ—Ä —Ç—ã–Ω—ã—à —Ç–∞–º–∞“õ—Ç–∞—Ä—ã –¥–∞ –¥”ô–º–¥—ñ –∫–æ—Ñ–µ —à”ô–π üëçüëç –∫”©“£—ñ–ª–¥–µ–Ω —à—ã“õ—Ç—ã –±–∞—Ä—É“ì–∞ –∫–µ“£–µ—Å –±–µ—Ä–µ–º üëç –ø–µ—Ä—Å–æ–Ω–∞–ª –æ—á–µ–Ω—å –≤–µ–∂–ª–∏–≤—ã–µ –∫ –∫–∞–∂–¥–æ–º—É –∫–ª–∏–µ–Ω—Ç—É –∑–Ω–∞—é—Ç –ø–æ–¥—Ö–æ–¥ üëç,positive
"–ë–∞—Ä–ª—ã“ì—ã ”©—Ç–µ –¥”ô–º–¥—ñ, ”ô—Ä—ñ —Å–≤–µ–∂–∏–π. ”ò—Å—ñ—Ä–µ—Å–µ –∫–æ—Ñ–µ, —à”ô–π –±”ô—Ä—ñ —ã—Å—Ç—ã“õ –±–µ—Ç—ñ–Ω–¥–µ –±–µ—Ä—ñ–ª–µ–¥—ñ. –û–±—Å–ª—É–∂–∏–≤–∞–Ω–∏–µ –∂–æ“ì–∞—Ä—ã –¥–µ“£–≥–µ–π–¥–µ. –ö”©—Ä–∫–µ–π—ñ–ø, ”©—Å–µ –±–µ—Ä—ñ“£—ñ–∑–¥–µ—Ä!",positive
"–®”ô–π –¥”ô–º–¥—ñ, –µ—Ä–µ–∫—à–µ‚òï –æ–±—Å–ª—É–∂–∏–≤–∞–Ω–∏–µ üëçüèº",positive
"–î–∞–≤–Ω–æ —Ö–æ—Ç–µ–ª–∞ –ø–æ–ø—Ä–æ–±–æ–≤–∞—Ç—å –ö–∞—Ä–∞–∫ —á–∞–π, —Å–µ–≥–æ–¥–Ω—è –ø—Ä–∏—à–ª–∞ –ø–æ–ø–∏—Ç—å. –û—á–µ–Ω—å –ø–æ–Ω—Ä–∞–≤–∏–ª—Å—è –Ω–∞ –≤–∫—É—Å –ø—Ä–∏—è—Ç–Ω—ã–π. –°–æ–≤–µ—Ç—É—é –≤–∞–º –ø–æ—Å–µ—Ç–∏—Ç—å —ç—Ç–æ –∑–∞–≤–µ–¥–µ–Ω–∏–µ.",positive
"”ò–¥–µ–º—ñ –∂–µ—Ä. “ö“±—Ä–±—ã–ª–∞—Ä—ã–º—ã–∑–±–µ–Ω –∞—Ä–Ω–∞–π—ã –∫–∞—Ä–∞–∫ —à–∞–π—ã–Ω —ñ—à—É–≥–µ –∫–µ–ª–≥–µ–Ω–±—ñ–∑. –¢”ô—Ç—Ç—ñ –µ—Ä–µ–∫—à–µ, –¥–µ—Å–µ—Ä—Ç—Ç–µ—Ä—ñ –¥–µ —Ç”ô—Ç—Ç—ñ –µ–∫–µ–Ω üëçüëçüëç",positive
"–û—á–µ–Ω—å –ø—Ä–∏—è—Ç–Ω–∞—è –æ–±—Å—Ç–∞–Ω–æ–≤–∫–∞, –æ–±—Å–ª—É–∂–∏–≤–∞–Ω–∏–µ –æ—Ç–ª–∏—á–Ω–æ–µ –∏ –≥–ª–∞–≤–Ω–æ–µ –≤–µ–∂–ª–∏–≤–æ–µ. –ü—Ä–µ–∫—Ä–∞—Å–Ω–æ–µ –º–µ—Å—Ç–æ",positive
"–ê—Ç–º–æ—Å—Ñ–µ—Ä–Ω–æ, –æ—á–µ–Ω—å –≤–∫—É—Å–Ω–æ, –≤–µ–∂–ª–∏–≤—ã–π –ø–µ—Ä—Å–æ–Ω–∞–ª.",positive
"–û—Ñ–∏–≥–µ–Ω–Ω–æ –≤–∫—É—Å–Ω–æ, –ø—Ä–∏–≤–µ—Ç–ª–∏–≤—ã–π –ø–µ—Ä—Å–æ–Ω–∞–ª",positive
–ö–∞—Ä–∞–∫ —á–∞–π one love ‚ù§Ô∏è,positive
–ß–∞–ø–∞—Ç–∏ ”©—Ç–µ –¥”ô–º–¥—ñ üòçüòçüòç —Å–º–µ—Ç–∞–Ω–¥–∞—Ä—ã —Ç–æ–ø—á–∏–∫ ‚ú®,positive
–°–∞–º—ã–π –≤–∫—É—Å–Ω—ã–π —á–∞–π –≤ –≥–æ—Ä–æ–¥–µüòç,positive
–ö–ª–∞—Å—Å–Ω—ã–π –∫–æ—Ñ–µ –∏ —á–∞–π –∫–∞—Ä–∞–∫üëå,positive
"”®—Ç–µ –∫–µ—Ä–µ–º–µ—Ç –µ–∫–µ–Ω, —Å–∞—Ç—É—à—ã–ª–∞—Ä—ã —Å—ã–ø–∞–π—ã —Ç–∞–º–∞“õ—Ç–∞—Ä—ã —Ç—ñ–ª “Ø–π—ñ—Ä–µ—Ç—ñ–Ω–¥–µ–π ”©—Ç–µ –¥”ô–º–¥—ñ. –¢–µ–∑ –¥–∞–π—ã–Ω –±–æ–ª–∞–¥—ã –µ–∫–µ–Ω. –Ü—à—ñ —Ç–∞–∑–∞ –∂—ã–ª—ã –∂–∞–Ω“ì–∞ –∂–∞–π–ª—ã. –ö–µ–ª—É–≥–µ –∫–µ“£–µ—Å –±–µ—Ä–µ–º—ñ–Ω",positive
–ö–µ—Ä–µ–º–µ—Ç —Å–µ—Ä–≤–∏—Åüòá!,positive
–°–º—É–∑–∏ –≤–æ—Å—Ö–∏—Ç–∏—Ç–µ–ª—å–Ω—ã!,positive
üòçüòçone love,positive
"–ó–∞–≤–µ–¥–µ–Ω–∏–µ –Ω–µ–ø–ª–æ—Ö–æ–µ, –Ω–æ —Ü–µ–Ω—ã –∑–∞–≤—ã—à–µ–Ω—ã —Å–∏–ª—å–Ω–æ",neutral
"–¢—ã–Ω—ã—à ”ô—Ä—ñ –∂–∞–π–ª—ã. –ö–∞—Ä–∞–∫—Ç—ã“£ ”©–∑—ñ–Ω–Ω—ñ“£ –∞—Ä–Ω–∞–π—ã –¥–µ–º–¥–µ–ø, –¥–∞–π—ã–Ω–¥–∞–π—Ç—ã–Ω —à–∞–π–¥—ã“£ —Ç“Ø—Ä—ñ–Ω —ñ—à—É–≥–µ –∫–µ“£–µ—Å –±–µ—Ä–µ–º—ñ–Ω.",positive
–û—á–µ–Ω—å —É—é—Ç–Ω–æ–µ –∑–∞–≤–µ–¥–µ–Ω–∏–µ –≤—Å–µ–≥–¥–∞ —Å–æ –≤–∫—É—Å–Ω—ã–º–∏ –¥–µ—Å–µ—Ä—Ç–∞–º–∏‚ù§Ô∏è,positive
"–ü—Ä–æ—Å–∏–ª–∏ —Å–¥–µ–ª–∞—Ç—å –±–µ–∑ –ª—å–¥–∞ –º–∏–ª–∫—à–µ–π–∫, —Å–¥–µ–ª–∞–ª–∏ —Å–æ –ª—å–¥–æ–º, –Ω–∞ —á—Ç–æ –æ–Ω–∏ –ø–æ—Ç–æ–º –≤—ã–ª–æ–≤–∏–ª–∏ –ª–µ–¥ –∏ —Ä–∞–∑–±–∞–≤–∏–ª–∏ –º–æ–ª–æ–∫–æ–º –≤ –∏—Ç–æ–≥–µ –≤–∫—É—Å –ø–æ–ª—É—á–∏–ª—Å—è —É–∂–∞—Å–Ω—ã–π",negative
–ù–µ —Ç–∞–∫ –ø—Ä–æ—Å—Ç–æ—Ä–Ω–æ –∫–∞–∫ –Ω–∞ —Ñ–æ—Ç–æ,negative
"–û—á–µ–Ω—å –∞–ø–ø–µ—Ç–∏—Ç–Ω–∞—è –≤–∏—Ç—Ä–∏–Ω–∞, —Å–≤–µ–∂–∏–µ –¥–µ—Å–µ—Ä—Ç—ã –∏ –≤–∫—É—Å–Ω—ã–π –∫–æ—Ñ–µ",positive
"–£—é—Ç–Ω–æ–µ –º–µ—Å—Ç–æ , –æ—á–µ–Ω—å –≤–µ–∂–ª–∏–≤—ã–π –ø–µ—Ä—Å–æ–Ω–∞–ª, –≤–∫—É—Å–Ω–æ üëçüèº",positive
–ù–∞–ø–∏—Å–∞–Ω–æ —á—Ç–æ —Ä–∞–±–æ—Ç–∞–µ—Ç –∫—Ä—É–≥–ª–æ—Å—É—Ç–æ—á–Ω–æ. –ü–æ —Ñ–∞–∫—Ç—É —Å 10.00,neutral
"–¢–æ–ø –∑–∞–≤–µ–¥–µ–Ω–∏–µ –≤ –ö–∞—Ä–∞–≥–∞–Ω–¥–µ –≥–¥–µ –º–æ–∂–Ω–æ —É—é—Ç–Ω–æ –ø–æ—Å–∏–¥–µ—Ç—å, –≤—ã–ø–∏—Ç—å –ª–µ–≥–µ–Ω–¥–∞—Ä–Ω—ã–π –ö–∞—Ä–∞–∫ —á–∞–π –∏ –ø–µ—Ä–µ–∫—É—Å–∏—Ç—å —Ñ–∏—Ä–º–µ–Ω–Ω—ã–º–∏ –∫—É—Ä—É–∞—Å–∞–Ω–∞–º–∏ –∏–∑ —Å–µ–º–≥–∏.
 –í—Å–µ–º —Å–æ–≤–µ—Ç—É—é!",positive
–ö–ª–∞—Å—Å–Ω–æ–µ –∑–∞–≤–µ–¥–µ–Ω–∏–µüëçüëçüëç,positive
"–ö–∞—Ä–∞–∫ —á–∞–π —ç—Ç–æ —á—Ç–æ –Ω–æ–≤–æ–µ –¥–ª—è –º–µ–Ω—è, –æ—á–µ–Ω—å –ø–æ–Ω—Ä–∞–≤–∏–ª—Å—è, –∑–∞–µ–∑–∂–∞—é –ø–æ—Å—Ç–æ—è–Ω–Ω–æ —Ç–µ–ø–µ—Ä—å üòÅ –Ω–µ —Ñ–µ–π–∫ –æ—Ç–∑—ã–≤",positive
–£ –í–∞—Å –Ω–∞–ø–∏—Å–∞–Ω–æ –∫—Ä—É–≥–ª–æ—Å—É—Ç–æ—á–Ω–æ!!! –ü–æ—á–µ–º—É –Ω–µ –∞–∫—Ç—É–∞–ª—å–Ω–∞—è –∏–Ω—Ñ–æ—Ä–º–∞—Ü–∏—è???,negative
"–£—é—Ç–Ω–∞—è –∫–æ—Ñ–µ–π–Ω—è, –≤–µ–∂–ª–∏–≤—ã–π –ø–µ—Ä—Å–æ–Ω–∞–ª, –≤–∫—É—Å–Ω—ã–π –∫–æ—Ñ–µ –∏ –¥–µ—Å–µ—Ä—Ç—ãüòç
 –°–ø–∞—Å–∏–±–æ –±–æ–ª—å—à–æ–µ, –ø—Ä–∏–¥—ë–º –µ—â—ë)",positive
"–æ—Ñ–∏–≥–µ–Ω–Ω–∞—è –∫–æ—Ñ–µ–π–Ω—è, –ø–µ—Ä—Å–æ–Ω–∞–ª –Ω–∞ —É—Ä–æ–≤–Ω–µ - –≤–∏–¥–Ω–æ –ø—Ä–æ—Ñ–µ—Å—Å–∏–æ–Ω–∞–ª—ã, –æ–±—Å–ª—É–∂–∏–≤–∞–Ω–∏–µ, –≤–∫—É—Å –≤—Å–µ –Ω–∞ —É—Ä–æ–≤–Ω–µ. –°–ø–∞—Å–∏–±–æ –≤–∞–º",positive
"–í—Å–µ –≤–∫—É—Å–Ω–æ , –∫—Ä–∞—Å–∏–≤–æ , —á–µ—Ç–∫–æ üëçüèª",positive
"–û–±—Å–ª—É–∂–∏–≤–∞–Ω–∏–µ 10/10
 –ò–Ω—Ç–µ—Ä—å–µ—Ä 10/10
 –ß–∞–π 10/10
 –í—Å–µ–º —Å–æ–≤–µ—Ç—É—é üëçüèª",positive
"–ë—ã–ª–∞ –≤ —ç—Ç–æ–º –∑–∞–≤–µ–¥–µ–Ω–∏–∏ –æ—á–µ–Ω—å –ø—Ä–∏–≤–µ—Ç–ª–∏–≤—ã–π –ø–µ—Ä—Å–æ–Ω–∞–ª,—Ñ–∏—Ä–º–µ–Ω–Ω—ã–µ —á–∞–∏ –∞ —Ç–∞–∫ –∂–µ –ø–æ–Ω—Ä–∞–≤–∏–ª–æ—Å—å –∏–Ω—Ç–µ—Ä—å–µ—Ä –∏ —É—é—Ç,—Å–æ–≤–µ—Ç—É—é –≤—Å–µ–º –ø–æ—Å–µ—Ç–∏—Ç—å —ç—Ç–æ –∑–∞–≤–µ–¥–µ–Ω–∏—èüëç",positive
"–í–∫—É—Å–Ω–æ, –ø—Ä—è–º üî•
 –•–∞–ª–∞–ªüòç
 10/10‚úÖ",positive
"–ß–∞–π –æ—á–µ–Ω—å –≤–∫—É—Å–Ω—ã–π,–≤—Å–µ–º —Å–æ–≤–µ—Ç—É—éüòäüëç",positive
–û—á–µ–Ω—å –ø—Ä–∏—è—Ç–Ω–æ –∏ –∫–ª–∞—Å—Å–Ω–æ,positive
–ü–µ—Ä—Å–æ–Ω–∞–ª –∫–æ—Ñ–µ–π–Ω–∏ –≤—Å–µ–≥–¥–∞ —Ä–∞–¥—É–µ—Ç —Å–≤–æ–µ–π —É–ª—ã–±–∫–æ–π –∏ –ø—Ä–∏–≤–µ—Ç–ª–∏–≤—ã–º –æ—Ç–Ω–æ—à–µ–Ω–∏–µ–º. –õ—é–±–ª—é —Ç–∞–∫–∏–µ —Å–≤–µ—Ç–ª—ã–µ –∏ —É—é—Ç–Ω—ã–µ –º–µ—Å—Ç–∞!,positive
"–ó–∞–º–µ–Ω–∏–ª –∫–æ—Ñ–µ –Ω–∞ –ö–∞—Ä–∞–∫ —á–∞–π,—ç—Ç–æ –ø–æ—Å–ª–µ–≤–∫—É—Å–∏–µ –∫–∞–∫ –±—É–¥—Ç–æ –ø–µ—Ä–µ–Ω–æ—Å–∏—Ç —Ç–µ–±—è –≤ –±–µ–∑ –∫—Ä–∞–π–Ω–∏–µ –ø—É—Å—Ç—ã–Ω–∏ –≤–æ—Å—Ç–æ–∫–∞.
 –û—á–µ–Ω—å –≤–∫—É—Å–Ω–æ –≤—Å–µ–º —Å–æ–≤–µ—Ç—É—é !",positive
"–û—á–µ–Ω—å –≤—Å–µ –≤–∫—É—Å–Ω–æ üëç–ß–∞–π –∏ –¥–µ—Å–µ—Ä—Ç—ã –ø—Ä–æ—Å—Ç–æ —Å—É–ø–µ—Ä ,–æ—Ç–∑—ã–≤—á–∏–≤—ã–µ —Å–æ—Ç—Ä—É–¥–Ω–∏–∫–∏ –∏ –ø—Ä–∏—è—Ç–Ω–∞—è –ê—Ç–º–æ—Å—Ñ–µ—Ä–∞ üôå—Ç—É–∞–ª–µ—Ç –æ—á–µ–Ω—å —á–∏—Å—Ç—ã–π –Ω–∞ —ç—Ç–æ –≤—Å–µ–≥–¥–∞ –æ–±—Ä–∞—â–∞—é –≤–Ω–∏–º–∞—Ç–µ–ª—å–Ω–µ–µ,5/5",positive
–£—é—Ç–Ω—ã–π —Ç–∏—Ö–∏–π –∏ –º–æ–∂–Ω–æ –Ω–∞—Å–ª–∞–¥–∏—Ç—Å—è –∞—Ç–º–æ—Å—Ñ–µ—Ä–æ–π,negative
"–î–≤–∞ –¥–Ω—è –ø–æ–¥—Ä—è–¥ –ø—Ä–∏—Ö–æ–¥–∏–º , –∞ —Ç—É—Ç –≥–æ–≤–æ—Ä—è—Ç –Ω–µ—Ç—É –∫–∞—Ä–∞–∫–∞ , —á—Ç–æ –∑–∞ –∑–∞–≤–µ–¥–µ–Ω–∏–µ? –õ–∞–¥–Ω–æ –ø–µ—Ä–≤—ã–π –¥–µ–Ω—å , –Ω–æ –∏ —Å–µ–≥–æ–¥–Ω—è —Ç–æ–∂–µ –Ω–µ—Ç—É !!!",positive
"–≠—Å—Ç–µ—Ç–∏–∫–∞, –≤–∫—É—Å, —á–∞–π –∫–∞—Ä–∞–∫ = —ç–Ω–µ—Ä–≥–∏—è! –ß–µ—Ç–∫–æ–µ –∑–∞–≤–µ–¥–µ–Ω–∏–µ! –°–∞–º–æ–µ —Ç–æ –¥–ª—è –ø–æ—Å–∏–¥–µ–ª–æ–∫ –∑–∞ —É—é—Ç–Ω—ã–º–∏ —Ä–∞–∑–≥–æ–≤–æ—Ä–∞–º–∏!",positive
"–û—á–µ–Ω—å —Ö–æ—Ä–æ—à–µ–µ –∏ —É—é—Ç–Ω–æ–µ –∑–∞–≤–µ–¥–µ–Ω–∏–µ –±–µ–∑ –º—É–∑—ã–∫–∏, –æ—Ç–ª–∏—á–Ω–æ –ø–æ–¥–æ–π–¥–µ—Ç –¥–ª—è —Ä–∞–±–æ—Ç—ã —Å –Ω–æ—É—Ç–±—É–∫–æ–º, –±–æ–ª—å—à–æ–π –∞—Å—Å–æ—Ä—Ç–∏–º–µ–Ω—Ç –∏ –≤–µ–∂–ª–∏–≤—ã–π –ø–µ—Ä—Å–æ–Ω–∞–ª!",positive
"–û–±—Å–ª—É–∂–∏–≤–∞–Ω–∏–µ 10/10, –û—á–µ–Ω—å –≤–∫—É—Å–Ω—ã–µ –¥–µ—Å–µ—Ä—Ç—ã –∏ –ø—Ä–∏—è—Ç–Ω–∞—è –∞—Ç–º–æ—Å—Ñ–µ—Ä–∞üòç",positive
"–û—Ç–ª–∏—á–Ω—ã–π —Å–µ—Ä–≤–∏—Å –∏ —É—é—Ç–Ω–æ–µ –∑–∞–≤–µ–¥–µ–Ω–∏–µ. –ß–∞—Å—Ç–æ –±—ã–≤–∞—é –∑–¥–µ—Å—å, –±–æ–ª—å—à–æ–π –∞—Å—Å–æ—Ä—Ç–∏–º–µ–Ω—Ç –∏ –≤—Å–µ–≥–¥–∞ –≤–∫—É—Å–Ω–æ . —Å—Ç–∞–≤–ª—é 5 –∑–≤–µ–∑–¥ ü´Ç",positive
–ê—Ç–º–æ—Å—Ñ–µ—Ä–Ω–∞—è –∫–æ—Ñ–µ–π–Ω—è üí´ Karak-—á–∞–π –±–µ–∑—É–º–Ω–æ –≤–∫—É—Å–Ω—ã–πüòç –í–∫—É—Å–Ω—è—à–∫–∏ –∫ —á–∞—é –±–µ—Å–ø–æ–¥–æ–±–Ω—ã–µ üòã –†–µ–∫–æ–º–µ–Ω–¥—É—é –≤—Å–µ–º –ø–æ–ø—Ä–æ–±–æ–≤–∞—Ç—å —Å–∏–Ω–Ω–∞–±–æ–Ω –∏ –∫–æ–∫—Ç–µ–π–ª—å ‚ÄúIce Nutella‚Äùü§§,positive
"”®—Ç–µ –∫–µ—Ä–µ–º–µ—Ç, ”ô–¥–µ–º—ñ –∫–æ—Ñ–µ–π–Ω—è! –ë–∞—Ä–ª—ã“ì—ã –¥”ô–º–¥—ñ! “ö—ã–∑–º–µ—Ç –∫”©—Ä—Å–µ—Ç—É –∂–æ“ì–∞—Ä—ã –¥–µ“£–≥–µ–π–¥–µ! –ë–∞—Ä–ª—ã“ì—ã“£—ã–∑“ì–∞ –∫–µ“£–µ—Å –±–µ—Ä–µ–º—ñ–Ωüëç",positive
–û—á–µ–Ω—å –∫—Ä—É—Ç–æ–µ –∏ —É—é—Ç–Ω–æ–µ –∑–∞–≤–µ–¥–µ–Ω–∏–µ . –õ—É—á—à–∏–π –≤ –≥–æ—Ä–æ–¥–µ –∫–∞—Ä–∞–∫ —á–∞–π . –§–∏—Ä–º–µ–Ω–Ω—ã–π –º–∏–ª–∫—à–µ–π–∫ –∏ –æ—á–µ–Ω—å –ø—Ä–∏—è—Ç–Ω–∞—è –∞—Ç–º–æ—Å—Ñ–µ—Ä–∞,positive
–û–±—Å–ª—É–∂–∏–≤–∞–Ω–∏–µ üëéüèø –∫–∞–∫ –º–æ–∂–Ω–æ –∑–∞–±—ã—Ç—å –ø—Ä–æ –∫–ª–∏–µ–Ω—Ç–æ–≤ ü§¶üèø‚Äç‚ôÇÔ∏èü§¶üèø‚Äç‚ôÇÔ∏èü§¶üèø‚Äç‚ôÇÔ∏è,negative
"–û—á–µ–Ω—å –≤–∫—É—Å–Ω—ã–π —Ñ–∏–Ω–∏–∫–æ–≤—ã–π –º–∏–ª–∫—à–µ–π–∫, —Å —á–∞–ø–∞—Ç–∏ —Å —Ç–≤–æ—Ä–æ–∂–Ω—ã–º —Å—ã—Ä–æ–º –ø—Ä–æ—Å—Ç–æ üî•",positive
–û—á–µ–Ω—å —Ö–æ—Ä–æ—à–∏–π –∑–∞–≤–µ–¥–µ–Ω–∏—è. –ú–Ω–µ –ø–æ–Ω—Ä–∞–≤–∏–ª–æ—Å—å. –§–∏—Ä–º–µ–Ω–Ω—ã–π —á–∞–π üòçüòçüòçüòçüòçüòçüòçüòç,positive
"–û—á–µ–Ω—å —É—é—Ç–Ω–æ–µ –∫–∞—Ñ–µ, —Ü–µ–Ω—ã –ø—Ä–∏–µ–º–ª–µ–º—ã–µ –º–Ω–µ –≤—Å–µ –ø–æ–Ω—Ä–∞–≤–∏–ª–æ—Å—å",positive
"”®—Ç–µ –∫–µ—Ä–µ–º–µ—Ç –æ—Ä—ã–Ω , –±–∞—Ä–ª—ã“ì—ã–Ω–∞ –∫–µ“£–µ—Å –±–µ—Ä–µ–º—ñ–Ω !",positive
–õ—É—á—à–∏–µ! –û–±–æ–∂–∞—é —ç—Ç–æ –º–µ—Å—Ç–æ,positive
–í–∫—É—Å–Ω—ã–π —á–∞–π.,positive
–í—Å—ë –æ—á–µ–Ω—å –≤–∫—É—Å–Ω–æ –∏ –Ω–∞ –≤—ã—Å—à–µ–º —É—Ä–æ–≤–Ω–µ!,positive
"–û—Ç–ª–∏—á–Ω–æ–µ –º–µ—Å—Ç–æ,—Å–∞–º—ã–µ –≤–∫—É—Å–Ω—ã–µ –∫–æ—Ñ–µ,–∫–∞—Å—Å–∏—Ä—ã –æ—á–µ–Ω—å –≤–µ–∂–ª–∏–≤—ã–µ —Ö–æ—Ä–æ—à–∏–µ.–£–¥–æ–±–Ω–æ —á—Ç–æ –¥–æ –Ω–æ—á–∏ —Ä–∞–±–æ—Ç–∞—é—Ç üëçüòç –ö–ª–∞—Å—Å–Ω–∞—è –º–µ—Å—Ç–æ –≤—Å–µ–º —Å–æ–≤–µ—Ç—É—é ü•∞",positive
"”®—Ç–µ –∫–µ—Ä–µ–º–µ—Ç, –∂–∞–π–ª—ã –æ—Ä—ã–Ω. –¢–∞“ì–∞–º–¥–∞—Ä—ã –¥–∞ –¥”ô–º–¥—ñ, ”©–∑ –±–∞“ì–∞—Å—ã–Ω–∞ —Ç“±—Ä–∞—Ä–ª—ã“õ. –ü–µ—Ä—Å–æ–Ω–∞–ª–¥–∞—Ä –¥–∞ —Å—ã–ø–∞–π—ã. –ú–∞“ì–∞–Ω –µ—Ä–µ–∫—à–µ “±–Ω–∞–¥—ã, —Ä–∞“õ–º–µ—Ç!",positive
"–ú–æ—â–Ω–æ
 üëçüëçüëçüëçüëç",positive
–ê—Å—Å–∞–ª—è–º—É –∞–ª–µ–π–∫—É–º) –∑–¥–µ—Å—å –µ—Å—Ç—å –º–æ–ª–µ–ª—å–Ω–∞—è –∫–æ–º–Ω–∞—Ç–∞?,neutral
"–ö–µ—Ä–µ–º–µ—Ç, –∂–∞–π–ª—ã, –¥”ô–º–¥—ñ. –û—Å—ã –±–∞“ì—ã—Ç—Ç–∞ –∂–∞–ª“ì–∞—Å—Ç—ã—Ä–∞ –±–µ—Ä—ñ“£–¥–µ—Ä!",positive
"–í—á–µ—Ä–∞ –±—ã–ª–∞ –¥–∞–ª–∏ –æ—Å—Ç–∞—Ç–æ–∫ —á–∞—è –ê–¥–∞–Ω–∏ , –≤–Ω—É—Ç—Ä–∏ –º—É—Å–æ—Ä ü§¶üèª‚Äç‚ôÄÔ∏è –¥–µ—Å–µ—Ä—Ç —Ç–≤–µ—Ä–¥—ã–π –∫–∞–∫ –∫–∞–º–µ–Ω—å üëéüëéüëé–¥–∞–∂–µ –Ω–µ –∏–∑–≤–∏–Ω–∏–ª–∏—Å—å , –ø—Ä–æ –≤–æ–∑–≤—Ä–∞—Ç –¥–µ–Ω–µ–≥ –≤–æ–æ–±—â–µ –º–æ–ª—á—É ‚Ä¶",negative
"–ö–∞—Å—Å–∏—Ä –ê–¥–∏–ª—å —Å–∞–º—ã–π –ª—É—á—à–∏–π. –ö–ª–∞—Å—Å–Ω–æ–µ –æ–±—Å–ª—É–∂–∏–≤–∞–Ω–∏–µ. –î–µ—Å–µ—Ä—Ç—ã —Å–≤–µ–∂–∏–µ –≤–∫—É—Å–Ω—ã–µ.
 –†–µ–∫–æ–º–µ–Ω–¥—É—é!!!!",positive
"–û—Ç–ª–∏—á–Ω–æ–µ –º–µ—Å—Ç–æ, —Ä–µ–±—è—Ç–∞ –æ—Ç–∑—ã–≤—á–∏–≤—ã–µüëç",positive
"–ü–æ–ø—Ä–æ–±–æ–≤–∞–ª–∏ –≤ –ø–µ—Ä–≤—ã–µ –æ—á–µ–Ω—å –ø–æ–Ω—Ä–∞–≤–∏–ª–æ—Å—å! –í—Å–µ–º —Å–æ–≤–µ—Ç—É—é! –£—é—Ç–Ω–æ–µ –∞—Ç–º–æ—Å—Ñ–µ—Ä–∞, –æ–±—Å–ª—É–∂–∏–≤–∞–Ω–∏–µ –≤—ã—Å—à–µ–≥–æ –∫–ª–∞—Å—Å–∞ !!!!",positive
"–°–µ–≥–æ–¥–Ω—è –ø–æ—Å–µ—Ç–∏–ª–∏ —Å –¥—Ä—É–∑—å—è–º–∏ –¥–∞–Ω–Ω–æ–µ –∑–∞–≤–µ–¥–µ–Ω–∏–µ, –ø–æ–ø—Ä–æ–±–æ–≤–∞–ª–∏ —á–∞–π –ö–∞—Ä–∞–∫–∞ –∏ –ø—Ä–∏—è—Ç–Ω–æ –±—ã–ª–∏ —É–¥–∏–≤–ª–µ–Ω—ã. –í—Å–µ–º —Å–æ–≤–µ—Ç—É—éüëçüèª",positive
"–û—á–µ–Ω—å –≤–∫—É—Å–Ω–æ, —Å–æ–≤–µ—Ç—É—é!
 –û—Ç–ª–∏—á–Ω–æ–µ –º–µ—Å—Ç–æ.",positive
"–û—Ç–ª–∏—á–Ω–æ–µ –º–µ—Å—Ç–æ, –∞—Ç–º–æ—Å—Ñ–µ—Ä–∞ —Ö–æ—Ä–æ—à–∞—è. –ù–µ–æ–±—ã—á–Ω—ã–π —á–∞–π.",positive
–ñ–¥—ë–º –æ—Ç–∫—Ä—ã—Ç–∏—è üëç,neutral